idx,client,split
442,0,train
448,0,train
449,0,train
450,0,train
453,0,train
454,0,train
456,0,train
457,0,train
459,0,train
460,0,train
461,0,train
462,0,train
464,0,train
465,0,train
466,0,train
467,0,train
468,0,train
471,0,train
472,0,train
473,0,train
474,0,train
475,0,train
477,0,train
479,0,train
481,0,train
483,0,train
484,0,train
485,0,train
486,0,train
487,0,train
489,0,train
490,0,train
491,0,train
492,0,train
493,0,train
494,0,train
498,0,train
499,0,train
500,0,train
501,0,train
503,0,train
504,0,train
505,0,train
507,0,train
509,0,train
510,0,train
511,0,train
512,0,train
513,0,train
514,0,train
515,0,train
517,0,train
518,0,train
520,0,train
521,0,train
522,0,train
523,0,train
524,0,train
525,0,train
526,0,train
527,0,train
528,0,train
529,0,train
530,0,train
532,0,train
533,0,train
534,0,train
535,0,train
537,0,train
538,0,train
539,0,train
541,0,train
542,0,train
543,0,train
544,0,train
545,0,train
546,0,train
548,0,train
549,0,train
550,0,train
551,0,train
552,0,train
553,0,train
554,0,train
555,0,train
557,0,train
560,0,train
562,0,train
563,0,train
564,0,train
565,0,train
566,0,train
570,0,train
573,0,train
574,0,train
576,0,train
577,0,train
578,0,train
580,0,train
581,0,train
582,0,train
583,0,train
584,0,train
586,0,train
589,0,train
591,0,train
592,0,train
593,0,train
594,0,train
597,0,train
598,0,train
599,0,train
601,0,train
604,0,train
605,0,train
608,0,train
609,0,train
610,0,train
611,0,train
612,0,train
614,0,train
615,0,train
616,0,train
617,0,train
618,0,train
619,0,train
620,0,train
621,0,train
622,0,train
623,0,train
624,0,train
625,0,train
626,0,train
629,0,train
630,0,train
633,0,train
634,0,train
635,0,train
636,0,train
637,0,train
638,0,train
640,0,train
641,0,train
645,0,train
646,0,train
647,0,train
650,0,train
651,0,train
652,0,train
653,0,train
654,0,train
656,0,train
658,0,train
659,0,train
660,0,train
661,0,train
662,0,train
663,0,train
664,0,train
668,0,train
669,0,train
670,0,train
671,0,train
672,0,train
673,0,train
675,0,train
676,0,train
679,0,train
680,0,train
681,0,train
682,0,train
685,0,train
687,0,train
688,0,train
689,0,train
690,0,train
693,0,train
694,0,train
696,0,train
698,0,train
699,0,train
700,0,train
701,0,train
703,0,train
705,0,train
706,0,train
707,0,train
708,0,train
709,0,train
710,0,train
712,0,train
714,0,train
716,0,train
717,0,train
718,0,train
720,0,train
721,0,train
723,0,train
724,0,train
725,0,train
728,0,train
729,0,train
730,0,train
731,0,train
732,0,train
733,0,train
734,0,train
735,0,train
737,0,train
738,0,train
739,0,train
740,0,train
741,0,train
745,0,train
746,0,train
747,0,train
749,0,train
750,0,train
751,0,train
754,0,train
755,0,train
756,0,train
757,0,train
760,0,train
761,0,train
763,0,train
764,0,train
765,0,train
766,0,train
767,0,train
768,0,train
770,0,train
772,0,train
773,0,train
774,0,train
775,0,train
776,0,train
778,0,train
781,0,train
782,0,train
784,0,train
785,0,train
786,0,train
788,0,train
789,0,train
790,0,train
791,0,train
792,0,train
793,0,train
795,0,train
796,0,train
797,0,train
798,0,train
800,0,train
801,0,train
802,0,train
803,0,train
805,0,train
807,0,train
808,0,train
809,0,train
810,0,train
811,0,train
812,0,train
813,0,train
814,0,train
815,0,train
818,0,train
819,0,train
820,0,train
823,0,train
824,0,train
825,0,train
828,0,train
829,0,train
831,0,train
834,0,train
835,0,train
838,0,train
839,0,train
840,0,train
841,0,train
843,0,train
844,0,train
847,0,train
848,0,train
849,0,train
850,0,train
852,0,train
853,0,train
855,0,train
856,0,train
857,0,train
858,0,train
860,0,train
862,0,train
863,0,train
864,0,train
865,0,train
866,0,train
867,0,train
868,0,train
870,0,train
871,0,train
872,0,train
874,0,train
875,0,train
876,0,train
877,0,train
878,0,train
879,0,train
880,0,train
881,0,train
882,0,train
4420,0,train
4421,0,train
4422,0,train
4423,0,train
4424,0,train
4425,0,train
4426,0,train
4427,0,train
4428,0,train
4429,0,train
4430,0,train
4431,0,train
4434,0,train
4435,0,train
4438,0,train
4439,0,train
4440,0,train
4441,0,train
4442,0,train
4443,0,train
4446,0,train
4447,0,train
4449,0,train
4450,0,train
4451,0,train
4453,0,train
4454,0,train
4456,0,train
4457,0,train
4458,0,train
4460,0,train
4461,0,train
4462,0,train
4463,0,train
4464,0,train
4465,0,train
4467,0,train
4468,0,train
4469,0,train
4471,0,train
4472,0,train
4473,0,train
4474,0,train
4475,0,train
4476,0,train
4478,0,train
4479,0,train
4483,0,train
4484,0,train
4485,0,train
4486,0,train
4487,0,train
4489,0,train
4494,0,train
4495,0,train
4496,0,train
4499,0,train
4500,0,train
4505,0,train
4506,0,train
4508,0,train
4509,0,train
4510,0,train
4511,0,train
4512,0,train
4513,0,train
4516,0,train
4518,0,train
4519,0,train
4520,0,train
4521,0,train
4522,0,train
4524,0,train
4525,0,train
4526,0,train
4527,0,train
4528,0,train
4529,0,train
4531,0,train
4532,0,train
4533,0,train
4535,0,train
4536,0,train
4538,0,train
4539,0,train
4542,0,train
4543,0,train
4544,0,train
4545,0,train
4546,0,train
4548,0,train
4550,0,train
4551,0,train
4553,0,train
4554,0,train
4555,0,train
4556,0,train
4557,0,train
4559,0,train
4560,0,train
4562,0,train
4563,0,train
4564,0,train
4565,0,train
4567,0,train
4570,0,train
4571,0,train
4572,0,train
4574,0,train
4575,0,train
4576,0,train
4577,0,train
4579,0,train
4580,0,train
4582,0,train
4583,0,train
4585,0,train
4588,0,train
4589,0,train
4590,0,train
4591,0,train
4593,0,train
4595,0,train
4596,0,train
4597,0,train
4598,0,train
4599,0,train
4600,0,train
4602,0,train
4603,0,train
4604,0,train
4605,0,train
4608,0,train
4609,0,train
4610,0,train
4611,0,train
4615,0,train
4617,0,train
4618,0,train
4619,0,train
4620,0,train
4621,0,train
4622,0,train
4625,0,train
4626,0,train
4627,0,train
4628,0,train
4629,0,train
4630,0,train
4631,0,train
4632,0,train
4633,0,train
4634,0,train
4635,0,train
4636,0,train
4638,0,train
4640,0,train
4642,0,train
4643,0,train
4646,0,train
4647,0,train
4648,0,train
4650,0,train
4652,0,train
4654,0,train
4655,0,train
4656,0,train
4657,0,train
4658,0,train
4659,0,train
4660,0,train
4661,0,train
4662,0,train
4663,0,train
4665,0,train
4667,0,train
4668,0,train
4669,0,train
4671,0,train
4672,0,train
4673,0,train
4674,0,train
4675,0,train
4678,0,train
4679,0,train
4680,0,train
4681,0,train
4683,0,train
4684,0,train
4685,0,train
4686,0,train
4688,0,train
4689,0,train
4690,0,train
4692,0,train
4696,0,train
4697,0,train
4698,0,train
4699,0,train
4702,0,train
4703,0,train
4705,0,train
4707,0,train
4708,0,train
4709,0,train
4711,0,train
4712,0,train
4713,0,train
4714,0,train
4715,0,train
4717,0,train
4719,0,train
4720,0,train
4721,0,train
4722,0,train
4723,0,train
4724,0,train
4725,0,train
4726,0,train
4729,0,train
4730,0,train
4733,0,train
4734,0,train
4735,0,train
4736,0,train
4737,0,train
4739,0,train
4741,0,train
4742,0,train
4743,0,train
4745,0,train
4749,0,train
4750,0,train
4751,0,train
4754,0,train
4755,0,train
4757,0,train
4758,0,train
4759,0,train
4760,0,train
4761,0,train
4763,0,train
4764,0,train
4765,0,train
4766,0,train
4767,0,train
4768,0,train
4772,0,train
4774,0,train
4776,0,train
4777,0,train
4778,0,train
4779,0,train
4780,0,train
4781,0,train
4783,0,train
4785,0,train
4786,0,train
4787,0,train
4788,0,train
4789,0,train
4790,0,train
4794,0,train
4795,0,train
4796,0,train
4797,0,train
4798,0,train
4799,0,train
4806,0,train
4807,0,train
4809,0,train
4811,0,train
4812,0,train
4813,0,train
4814,0,train
4816,0,train
4817,0,train
4818,0,train
4819,0,train
4820,0,train
4821,0,train
4822,0,train
4823,0,train
4825,0,train
4826,0,train
4828,0,train
4830,0,train
4833,0,train
4834,0,train
4835,0,train
4836,0,train
4837,0,train
4840,0,train
4842,0,train
4843,0,train
4844,0,train
4845,0,train
4846,0,train
4847,0,train
4849,0,train
4851,0,train
4852,0,train
4853,0,train
4855,0,train
4857,0,train
4858,0,train
4859,0,train
4860,0,train
4861,0,train
5749,0,train
5750,0,train
5751,0,train
5752,0,train
5753,0,train
5755,0,train
5758,0,train
5759,0,train
5760,0,train
5762,0,train
5765,0,train
5766,0,train
5767,0,train
5769,0,train
5770,0,train
5771,0,train
5772,0,train
5773,0,train
5774,0,train
5777,0,train
5778,0,train
5783,0,train
5785,0,train
5787,0,train
5788,0,train
5789,0,train
5791,0,train
5792,0,train
5793,0,train
5794,0,train
5799,0,train
5802,0,train
5803,0,train
5804,0,train
5806,0,train
5807,0,train
5809,0,train
5810,0,train
5811,0,train
5814,0,train
5819,0,train
5820,0,train
5822,0,train
5823,0,train
5824,0,train
5826,0,train
5827,0,train
5829,0,train
5830,0,train
5831,0,train
5832,0,train
5834,0,train
5835,0,train
5838,0,train
5839,0,train
5840,0,train
5841,0,train
5843,0,train
5844,0,train
5847,0,train
5848,0,train
5852,0,train
5855,0,train
5856,0,train
5858,0,train
5859,0,train
5860,0,train
5861,0,train
5862,0,train
5863,0,train
5864,0,train
5865,0,train
5866,0,train
5867,0,train
5868,0,train
5870,0,train
5871,0,train
5872,0,train
5873,0,train
5875,0,train
5876,0,train
5879,0,train
5880,0,train
5881,0,train
5882,0,train
5884,0,train
5885,0,train
5886,0,train
5887,0,train
5888,0,train
5889,0,train
5891,0,train
5892,0,train
5893,0,train
5894,0,train
5895,0,train
5896,0,train
5897,0,train
5898,0,train
5899,0,train
5900,0,train
5901,0,train
5903,0,train
5904,0,train
5905,0,train
5906,0,train
5908,0,train
5909,0,train
5910,0,train
5911,0,train
5913,0,train
5914,0,train
5915,0,train
5916,0,train
5917,0,train
5918,0,train
5919,0,train
5920,0,train
5923,0,train
5926,0,train
5929,0,train
5930,0,train
5932,0,train
5933,0,train
5934,0,train
5935,0,train
5936,0,train
5937,0,train
5940,0,train
5941,0,train
5942,0,train
5945,0,train
5946,0,train
5947,0,train
5948,0,train
5949,0,train
5950,0,train
5951,0,train
5952,0,train
5953,0,train
5954,0,train
5955,0,train
5956,0,train
5957,0,train
5958,0,train
5959,0,train
5961,0,train
5962,0,train
5963,0,train
5964,0,train
5965,0,train
5966,0,train
5967,0,train
5968,0,train
5970,0,train
5971,0,train
5972,0,train
5973,0,train
5974,0,train
5975,0,train
5976,0,train
5977,0,train
5978,0,train
5979,0,train
5981,0,train
5983,0,train
5985,0,train
5986,0,train
5987,0,train
5988,0,train
5989,0,train
5990,0,train
5991,0,train
5992,0,train
5994,0,train
5995,0,train
5996,0,train
5997,0,train
5999,0,train
6000,0,train
6002,0,train
6004,0,train
6005,0,train
6006,0,train
6008,0,train
6011,0,train
6013,0,train
6014,0,train
6015,0,train
6019,0,train
6020,0,train
6021,0,train
6023,0,train
6024,0,train
6025,0,train
6026,0,train
6030,0,train
6032,0,train
6033,0,train
6034,0,train
6035,0,train
6036,0,train
6037,0,train
6038,0,train
6039,0,train
6040,0,train
6041,0,train
6042,0,train
6043,0,train
6045,0,train
6047,0,train
6048,0,train
6049,0,train
6050,0,train
6051,0,train
6052,0,train
6054,0,train
6055,0,train
6056,0,train
6057,0,train
6058,0,train
6059,0,train
6060,0,train
6061,0,train
6062,0,train
6063,0,train
6065,0,train
6066,0,train
6068,0,train
6069,0,train
6070,0,train
6071,0,train
6072,0,train
6073,0,train
6074,0,train
6075,0,train
6077,0,train
6078,0,train
6081,0,train
6082,0,train
6083,0,train
6084,0,train
6085,0,train
6086,0,train
6087,0,train
6088,0,train
6089,0,train
6090,0,train
6091,0,train
6092,0,train
6093,0,train
6094,0,train
6095,0,train
6096,0,train
6097,0,train
6098,0,train
6099,0,train
6100,0,train
6101,0,train
6103,0,train
6104,0,train
6106,0,train
6108,0,train
6111,0,train
6113,0,train
6115,0,train
6117,0,train
6119,0,train
6120,0,train
6121,0,train
6122,0,train
6123,0,train
6125,0,train
6126,0,train
6130,0,train
6132,0,train
6133,0,train
6134,0,train
6136,0,train
6139,0,train
6140,0,train
6143,0,train
6145,0,train
6146,0,train
6148,0,train
6149,0,train
6150,0,train
6151,0,train
6154,0,train
6155,0,train
6156,0,train
6157,0,train
6159,0,train
6160,0,train
6161,0,train
6164,0,train
6165,0,train
6167,0,train
6169,0,train
6171,0,train
6172,0,train
6175,0,train
6177,0,train
6178,0,train
6179,0,train
6181,0,train
6182,0,train
6183,0,train
6184,0,train
6185,0,train
6187,0,train
10166,0,train
10167,0,train
10168,0,train
10170,0,train
10174,0,train
10175,0,train
10176,0,train
10177,0,train
10178,0,train
10179,0,train
10180,0,train
10183,0,train
10184,0,train
10185,0,train
10186,0,train
10187,0,train
10189,0,train
10190,0,train
10191,0,train
10192,0,train
10194,0,train
10196,0,train
10197,0,train
10199,0,train
10200,0,train
10201,0,train
10202,0,train
10204,0,train
10206,0,train
10207,0,train
10208,0,train
10210,0,train
10211,0,train
10212,0,train
10213,0,train
10214,0,train
10215,0,train
10216,0,train
10217,0,train
10218,0,train
10219,0,train
10221,0,train
10222,0,train
10223,0,train
10225,0,train
10230,0,train
10231,0,train
10232,0,train
10233,0,train
10235,0,train
10237,0,train
10238,0,train
10239,0,train
10240,0,train
10241,0,train
10242,0,train
10243,0,train
10244,0,train
10245,0,train
10246,0,train
10247,0,train
10248,0,train
10250,0,train
10251,0,train
10252,0,train
10253,0,train
10254,0,train
10255,0,train
10256,0,train
10257,0,train
10259,0,train
10260,0,train
10261,0,train
10262,0,train
10263,0,train
10264,0,train
10265,0,train
10266,0,train
10267,0,train
10268,0,train
10269,0,train
10270,0,train
10271,0,train
10272,0,train
10273,0,train
10274,0,train
10276,0,train
10277,0,train
10278,0,train
10280,0,train
10282,0,train
10283,0,train
10284,0,train
10286,0,train
10288,0,train
10289,0,train
10290,0,train
10291,0,train
10292,0,train
10294,0,train
10295,0,train
10296,0,train
10297,0,train
10299,0,train
10301,0,train
10302,0,train
10304,0,train
10305,0,train
10307,0,train
10308,0,train
10309,0,train
10311,0,train
10313,0,train
10314,0,train
10315,0,train
10316,0,train
10317,0,train
10319,0,train
10320,0,train
10322,0,train
10323,0,train
10325,0,train
10326,0,train
10327,0,train
10328,0,train
10329,0,train
10330,0,train
10331,0,train
10332,0,train
10334,0,train
10336,0,train
10337,0,train
10338,0,train
10339,0,train
10341,0,train
10342,0,train
10343,0,train
10344,0,train
10345,0,train
10346,0,train
10347,0,train
10348,0,train
10349,0,train
10350,0,train
10351,0,train
10352,0,train
10353,0,train
10354,0,train
10355,0,train
10357,0,train
10358,0,train
10359,0,train
10360,0,train
10362,0,train
10363,0,train
10366,0,train
10370,0,train
10372,0,train
10373,0,train
10374,0,train
10375,0,train
10376,0,train
10377,0,train
10378,0,train
10379,0,train
10381,0,train
10383,0,train
10384,0,train
10385,0,train
10386,0,train
10388,0,train
10389,0,train
10390,0,train
10391,0,train
10392,0,train
10393,0,train
10394,0,train
10396,0,train
10397,0,train
10398,0,train
10399,0,train
10401,0,train
10402,0,train
10403,0,train
10404,0,train
10405,0,train
10406,0,train
10409,0,train
10412,0,train
10415,0,train
10417,0,train
10418,0,train
10419,0,train
10420,0,train
10422,0,train
10423,0,train
10424,0,train
10426,0,train
10427,0,train
10428,0,train
10429,0,train
10430,0,train
10432,0,train
10433,0,train
10434,0,train
10435,0,train
10438,0,train
10439,0,train
10440,0,train
10441,0,train
10442,0,train
10446,0,train
10448,0,train
10449,0,train
10450,0,train
10451,0,train
10452,0,train
10453,0,train
10454,0,train
10455,0,train
10456,0,train
10457,0,train
10458,0,train
10460,0,train
10461,0,train
10463,0,train
10464,0,train
10466,0,train
10467,0,train
10469,0,train
10470,0,train
10472,0,train
10474,0,train
10477,0,train
10478,0,train
10481,0,train
10482,0,train
10483,0,train
10484,0,train
10487,0,train
10489,0,train
10490,0,train
10491,0,train
10492,0,train
10493,0,train
10494,0,train
10495,0,train
10496,0,train
10497,0,train
10498,0,train
10499,0,train
10500,0,train
10501,0,train
10502,0,train
10505,0,train
10506,0,train
10507,0,train
10509,0,train
10510,0,train
10511,0,train
10512,0,train
10514,0,train
10515,0,train
10516,0,train
10517,0,train
10521,0,train
10523,0,train
10524,0,train
10528,0,train
10529,0,train
10531,0,train
10532,0,train
10534,0,train
10535,0,train
10537,0,train
10538,0,train
10539,0,train
10540,0,train
10541,0,train
10542,0,train
10543,0,train
10545,0,train
10546,0,train
10550,0,train
10554,0,train
10557,0,train
10558,0,train
10560,0,train
10561,0,train
10563,0,train
10565,0,train
10566,0,train
10567,0,train
10568,0,train
10569,0,train
10570,0,train
10571,0,train
10572,0,train
10575,0,train
10576,0,train
10577,0,train
10578,0,train
10579,0,train
10580,0,train
10581,0,train
10582,0,train
10583,0,train
10584,0,train
10585,0,train
10586,0,train
10587,0,train
10588,0,train
10589,0,train
10591,0,train
10592,0,train
10594,0,train
10595,0,train
10596,0,train
10598,0,train
10600,0,train
10604,0,train
10605,0,train
10606,0,train
10607,0,train
11492,0,train
11493,0,train
11494,0,train
11496,0,train
11497,0,train
11498,0,train
11499,0,train
11500,0,train
11501,0,train
11502,0,train
11503,0,train
11504,0,train
11505,0,train
11506,0,train
11507,0,train
11508,0,train
11510,0,train
11511,0,train
11512,0,train
11513,0,train
11514,0,train
11515,0,train
11517,0,train
11519,0,train
11522,0,train
11523,0,train
11524,0,train
11527,0,train
11529,0,train
11531,0,train
11532,0,train
11535,0,train
11536,0,train
11537,0,train
11538,0,train
11539,0,train
11541,0,train
11542,0,train
11544,0,train
11545,0,train
11546,0,train
11549,0,train
11550,0,train
11553,0,train
11554,0,train
11555,0,train
11556,0,train
11557,0,train
11559,0,train
11560,0,train
11561,0,train
11563,0,train
11564,0,train
11566,0,train
11568,0,train
11569,0,train
11570,0,train
11571,0,train
11573,0,train
11574,0,train
11582,0,train
11583,0,train
11584,0,train
11585,0,train
11586,0,train
11588,0,train
11590,0,train
11591,0,train
11593,0,train
11594,0,train
11595,0,train
11596,0,train
11597,0,train
11598,0,train
11600,0,train
11601,0,train
11602,0,train
11603,0,train
11604,0,train
11605,0,train
11606,0,train
11607,0,train
11608,0,train
11609,0,train
11610,0,train
11612,0,train
11613,0,train
11614,0,train
11615,0,train
11616,0,train
11617,0,train
11618,0,train
11620,0,train
11621,0,train
11622,0,train
11624,0,train
11626,0,train
11627,0,train
11628,0,train
11629,0,train
11631,0,train
11633,0,train
11634,0,train
11635,0,train
11636,0,train
11639,0,train
11640,0,train
11642,0,train
11643,0,train
11645,0,train
11646,0,train
11647,0,train
11648,0,train
11650,0,train
11652,0,train
11653,0,train
11656,0,train
11658,0,train
11659,0,train
11660,0,train
11661,0,train
11662,0,train
11663,0,train
11664,0,train
11665,0,train
11666,0,train
11667,0,train
11669,0,train
11670,0,train
11671,0,train
11672,0,train
11674,0,train
11675,0,train
11676,0,train
11677,0,train
11678,0,train
11680,0,train
11681,0,train
11684,0,train
11685,0,train
11686,0,train
11687,0,train
11688,0,train
11689,0,train
11690,0,train
11691,0,train
11695,0,train
11696,0,train
11697,0,train
11698,0,train
11702,0,train
11703,0,train
11707,0,train
11711,0,train
11712,0,train
11715,0,train
11716,0,train
11719,0,train
11723,0,train
11725,0,train
11726,0,train
11727,0,train
11728,0,train
11729,0,train
11730,0,train
11731,0,train
11733,0,train
11734,0,train
11735,0,train
11738,0,train
11739,0,train
11740,0,train
11742,0,train
11743,0,train
11744,0,train
11745,0,train
11746,0,train
11747,0,train
11748,0,train
11749,0,train
11752,0,train
11753,0,train
11755,0,train
11758,0,train
11760,0,train
11761,0,train
11766,0,train
11768,0,train
11769,0,train
11776,0,train
11777,0,train
11781,0,train
11783,0,train
11787,0,train
11790,0,train
11791,0,train
11793,0,train
11796,0,train
11797,0,train
11801,0,train
11802,0,train
11804,0,train
11807,0,train
11809,0,train
11810,0,train
11811,0,train
11812,0,train
11814,0,train
11815,0,train
11816,0,train
11817,0,train
11818,0,train
11819,0,train
11820,0,train
11821,0,train
11822,0,train
11823,0,train
11824,0,train
11825,0,train
11826,0,train
11827,0,train
11828,0,train
11831,0,train
11834,0,train
11835,0,train
11836,0,train
11838,0,train
11839,0,train
11841,0,train
11842,0,train
11843,0,train
11845,0,train
11847,0,train
11848,0,train
11850,0,train
11851,0,train
11854,0,train
11855,0,train
11856,0,train
11857,0,train
11859,0,train
11861,0,train
11862,0,train
11864,0,train
11866,0,train
11868,0,train
11869,0,train
11870,0,train
11872,0,train
11873,0,train
11877,0,train
11878,0,train
11879,0,train
11881,0,train
11883,0,train
11887,0,train
11888,0,train
11890,0,train
11891,0,train
11892,0,train
11894,0,train
11895,0,train
11896,0,train
11897,0,train
11898,0,train
11900,0,train
11901,0,train
11902,0,train
11903,0,train
11905,0,train
11906,0,train
11907,0,train
11908,0,train
11909,0,train
11910,0,train
11911,0,train
11913,0,train
11915,0,train
11918,0,train
11919,0,train
11920,0,train
11921,0,train
11923,0,train
11925,0,train
11926,0,train
11930,0,train
11931,0,train
11932,0,train
11933,0,train
13260,0,train
13261,0,train
13262,0,train
13263,0,train
13265,0,train
13266,0,train
13267,0,train
13268,0,train
13270,0,train
13271,0,train
13272,0,train
13273,0,train
13274,0,train
13275,0,train
13276,0,train
13277,0,train
13278,0,train
13279,0,train
13280,0,train
13281,0,train
13282,0,train
13283,0,train
13285,0,train
13286,0,train
13288,0,train
13289,0,train
13290,0,train
13292,0,train
13294,0,train
13295,0,train
13296,0,train
13297,0,train
13298,0,train
13299,0,train
13300,0,train
13301,0,train
13302,0,train
13304,0,train
13306,0,train
13307,0,train
13308,0,train
13309,0,train
13310,0,train
13313,0,train
13314,0,train
13316,0,train
13317,0,train
13318,0,train
13319,0,train
13321,0,train
13322,0,train
13323,0,train
13324,0,train
13325,0,train
13326,0,train
13327,0,train
13329,0,train
13330,0,train
13331,0,train
13332,0,train
13333,0,train
13334,0,train
13335,0,train
13337,0,train
13338,0,train
13339,0,train
13340,0,train
13341,0,train
13342,0,train
13343,0,train
13345,0,train
13347,0,train
13348,0,train
13349,0,train
13351,0,train
13352,0,train
13353,0,train
13354,0,train
13355,0,train
13356,0,train
13357,0,train
13358,0,train
13359,0,train
13360,0,train
13361,0,train
13362,0,train
13363,0,train
13364,0,train
13365,0,train
13366,0,train
13367,0,train
13368,0,train
13369,0,train
13370,0,train
13371,0,train
13373,0,train
13375,0,train
13378,0,train
13379,0,train
13380,0,train
13381,0,train
13383,0,train
13387,0,train
13388,0,train
13389,0,train
13391,0,train
13392,0,train
13394,0,train
13395,0,train
13396,0,train
13397,0,train
13398,0,train
13400,0,train
13401,0,train
13402,0,train
13404,0,train
13405,0,train
13407,0,train
13408,0,train
13409,0,train
13410,0,train
13411,0,train
13414,0,train
13416,0,train
13417,0,train
13419,0,train
13420,0,train
13422,0,train
13423,0,train
13424,0,train
13425,0,train
13427,0,train
13428,0,train
13429,0,train
13430,0,train
13434,0,train
13437,0,train
13438,0,train
13439,0,train
13440,0,train
13442,0,train
13444,0,train
13445,0,train
13448,0,train
13449,0,train
13450,0,train
13451,0,train
13452,0,train
13454,0,train
13455,0,train
13456,0,train
13457,0,train
13458,0,train
13459,0,train
13460,0,train
13461,0,train
13462,0,train
13463,0,train
13464,0,train
13465,0,train
13466,0,train
13467,0,train
13468,0,train
13470,0,train
13472,0,train
13473,0,train
13475,0,train
13476,0,train
13479,0,train
13481,0,train
13482,0,train
13484,0,train
13486,0,train
13487,0,train
13488,0,train
13489,0,train
13490,0,train
13491,0,train
13492,0,train
13495,0,train
13496,0,train
13497,0,train
13500,0,train
13501,0,train
13502,0,train
13503,0,train
13506,0,train
13507,0,train
13508,0,train
13509,0,train
13510,0,train
13512,0,train
13513,0,train
13514,0,train
13515,0,train
13517,0,train
13518,0,train
13520,0,train
13521,0,train
13523,0,train
13524,0,train
13525,0,train
13526,0,train
13527,0,train
13528,0,train
13530,0,train
13531,0,train
13533,0,train
13534,0,train
13536,0,train
13537,0,train
13538,0,train
13542,0,train
13543,0,train
13544,0,train
13545,0,train
13546,0,train
13547,0,train
13548,0,train
13549,0,train
13550,0,train
13551,0,train
13553,0,train
13555,0,train
13559,0,train
13560,0,train
13562,0,train
13563,0,train
13565,0,train
13566,0,train
13567,0,train
13568,0,train
13569,0,train
13570,0,train
13571,0,train
13572,0,train
13573,0,train
13575,0,train
13576,0,train
13577,0,train
13578,0,train
13579,0,train
13580,0,train
13581,0,train
13582,0,train
13583,0,train
13584,0,train
13585,0,train
13586,0,train
13590,0,train
13592,0,train
13593,0,train
13594,0,train
13595,0,train
13597,0,train
13598,0,train
13599,0,train
13600,0,train
13602,0,train
13604,0,train
13605,0,train
13609,0,train
13611,0,train
13612,0,train
13614,0,train
13616,0,train
13617,0,train
13619,0,train
13620,0,train
13621,0,train
13622,0,train
13624,0,train
13625,0,train
13626,0,train
13627,0,train
13628,0,train
13629,0,train
13630,0,train
13631,0,train
13632,0,train
13633,0,train
13634,0,train
13635,0,train
13636,0,train
13637,0,train
13638,0,train
13639,0,train
13641,0,train
13642,0,train
13644,0,train
13646,0,train
13648,0,train
13650,0,train
13651,0,train
13652,0,train
13653,0,train
13655,0,train
13656,0,train
13657,0,train
13658,0,train
13659,0,train
13660,0,train
13661,0,train
13664,0,train
13665,0,train
13667,0,train
13668,0,train
13669,0,train
13670,0,train
13672,0,train
13673,0,train
13677,0,train
13678,0,train
13679,0,train
13680,0,train
13681,0,train
13683,0,train
13684,0,train
13686,0,train
13687,0,train
13688,0,train
13690,0,train
13691,0,train
13692,0,train
13693,0,train
13694,0,train
13696,0,train
13697,0,train
13698,0,train
13699,0,train
13700,0,train
13701,0,train
14586,0,train
14587,0,train
14588,0,train
14589,0,train
14590,0,train
14592,0,train
14593,0,train
14595,0,train
14596,0,train
14597,0,train
14598,0,train
14599,0,train
14600,0,train
14602,0,train
14603,0,train
14604,0,train
14605,0,train
14606,0,train
14607,0,train
14610,0,train
14611,0,train
14612,0,train
14614,0,train
14617,0,train
14618,0,train
14619,0,train
14620,0,train
14621,0,train
14622,0,train
14623,0,train
14625,0,train
14626,0,train
14628,0,train
14630,0,train
14631,0,train
14632,0,train
14633,0,train
14634,0,train
14636,0,train
14638,0,train
14639,0,train
14640,0,train
14641,0,train
14644,0,train
14648,0,train
14649,0,train
14650,0,train
14652,0,train
14655,0,train
14656,0,train
14657,0,train
14659,0,train
14660,0,train
14661,0,train
14662,0,train
14666,0,train
14674,0,train
14675,0,train
14676,0,train
14677,0,train
14680,0,train
14682,0,train
14683,0,train
14684,0,train
14685,0,train
14687,0,train
14688,0,train
14689,0,train
14691,0,train
14692,0,train
14693,0,train
14694,0,train
14697,0,train
14698,0,train
14699,0,train
14701,0,train
14704,0,train
14705,0,train
14706,0,train
14709,0,train
14710,0,train
14712,0,train
14714,0,train
14715,0,train
14718,0,train
14719,0,train
14721,0,train
14722,0,train
14723,0,train
14725,0,train
14726,0,train
14727,0,train
14728,0,train
14729,0,train
14730,0,train
14732,0,train
14735,0,train
14736,0,train
14737,0,train
14738,0,train
14739,0,train
14741,0,train
14743,0,train
14744,0,train
14746,0,train
14747,0,train
14749,0,train
14751,0,train
14752,0,train
14753,0,train
14754,0,train
14755,0,train
14756,0,train
14757,0,train
14759,0,train
14760,0,train
14761,0,train
14762,0,train
14763,0,train
14764,0,train
14767,0,train
14768,0,train
14769,0,train
14770,0,train
14771,0,train
14774,0,train
14775,0,train
14776,0,train
14777,0,train
14779,0,train
14780,0,train
14781,0,train
14784,0,train
14785,0,train
14786,0,train
14789,0,train
14790,0,train
14791,0,train
14792,0,train
14793,0,train
14794,0,train
14796,0,train
14797,0,train
14798,0,train
14799,0,train
14801,0,train
14802,0,train
14807,0,train
14808,0,train
14809,0,train
14810,0,train
14811,0,train
14813,0,train
14814,0,train
14815,0,train
14816,0,train
14817,0,train
14819,0,train
14820,0,train
14821,0,train
14823,0,train
14824,0,train
14826,0,train
14827,0,train
14828,0,train
14829,0,train
14831,0,train
14833,0,train
14834,0,train
14836,0,train
14837,0,train
14839,0,train
14840,0,train
14841,0,train
14842,0,train
14843,0,train
14844,0,train
14847,0,train
14849,0,train
14850,0,train
14851,0,train
14852,0,train
14855,0,train
14856,0,train
14858,0,train
14859,0,train
14860,0,train
14861,0,train
14863,0,train
14866,0,train
14868,0,train
14871,0,train
14873,0,train
14874,0,train
14875,0,train
14876,0,train
14877,0,train
14878,0,train
14879,0,train
14882,0,train
14883,0,train
14885,0,train
14886,0,train
14888,0,train
14889,0,train
14891,0,train
14894,0,train
14896,0,train
14897,0,train
14898,0,train
14902,0,train
14904,0,train
14906,0,train
14907,0,train
14908,0,train
14911,0,train
14912,0,train
14914,0,train
14915,0,train
14918,0,train
14919,0,train
14920,0,train
14921,0,train
14922,0,train
14923,0,train
14924,0,train
14925,0,train
14926,0,train
14929,0,train
14930,0,train
14931,0,train
14932,0,train
14934,0,train
14935,0,train
14936,0,train
14937,0,train
14940,0,train
14941,0,train
14942,0,train
14944,0,train
14945,0,train
14946,0,train
14947,0,train
14948,0,train
14949,0,train
14950,0,train
14951,0,train
14952,0,train
14955,0,train
14956,0,train
14957,0,train
14958,0,train
14959,0,train
14960,0,train
14961,0,train
14963,0,train
14966,0,train
14967,0,train
14968,0,train
14969,0,train
14970,0,train
14972,0,train
14973,0,train
14974,0,train
14977,0,train
14978,0,train
14979,0,train
14980,0,train
14981,0,train
14982,0,train
14983,0,train
14984,0,train
14987,0,train
14989,0,train
14992,0,train
14995,0,train
14996,0,train
14997,0,train
14998,0,train
14999,0,train
15000,0,train
15004,0,train
15005,0,train
15008,0,train
15009,0,train
15010,0,train
15011,0,train
15012,0,train
15014,0,train
15016,0,train
15017,0,train
15018,0,train
15019,0,train
15022,0,train
15023,0,train
15024,0,train
15025,0,train
15470,0,train
15471,0,train
15472,0,train
15473,0,train
15474,0,train
15476,0,train
15477,0,train
15478,0,train
15479,0,train
15481,0,train
15482,0,train
15483,0,train
15485,0,train
15488,0,train
15489,0,train
15490,0,train
15492,0,train
15495,0,train
15497,0,train
15499,0,train
15501,0,train
15502,0,train
15503,0,train
15504,0,train
15505,0,train
15506,0,train
15507,0,train
15508,0,train
15509,0,train
15510,0,train
15511,0,train
15513,0,train
15514,0,train
15515,0,train
15518,0,train
15519,0,train
15521,0,train
15524,0,train
15525,0,train
15526,0,train
15527,0,train
15529,0,train
15530,0,train
15534,0,train
15535,0,train
15537,0,train
15538,0,train
15539,0,train
15540,0,train
15541,0,train
15542,0,train
15543,0,train
15544,0,train
15545,0,train
15548,0,train
15549,0,train
15552,0,train
15554,0,train
15555,0,train
15557,0,train
15558,0,train
15560,0,train
15561,0,train
15563,0,train
15564,0,train
15565,0,train
15568,0,train
15569,0,train
15570,0,train
15571,0,train
15572,0,train
15573,0,train
15574,0,train
15575,0,train
15576,0,train
15579,0,train
15580,0,train
15582,0,train
15583,0,train
15584,0,train
15585,0,train
15586,0,train
15587,0,train
15589,0,train
15590,0,train
15591,0,train
15593,0,train
15594,0,train
15596,0,train
15597,0,train
15601,0,train
15602,0,train
15603,0,train
15605,0,train
15606,0,train
15607,0,train
15608,0,train
15611,0,train
15613,0,train
15614,0,train
15616,0,train
15619,0,train
15620,0,train
15621,0,train
15622,0,train
15623,0,train
15624,0,train
15625,0,train
15626,0,train
15628,0,train
15629,0,train
15630,0,train
15632,0,train
15633,0,train
15634,0,train
15635,0,train
15636,0,train
15638,0,train
15639,0,train
15640,0,train
15641,0,train
15644,0,train
15645,0,train
15646,0,train
15647,0,train
15649,0,train
15650,0,train
15651,0,train
15652,0,train
15653,0,train
15655,0,train
15658,0,train
15661,0,train
15662,0,train
15664,0,train
15665,0,train
15666,0,train
15667,0,train
15668,0,train
15671,0,train
15672,0,train
15673,0,train
15674,0,train
15675,0,train
15679,0,train
15681,0,train
15682,0,train
15683,0,train
15685,0,train
15687,0,train
15688,0,train
15689,0,train
15691,0,train
15692,0,train
15693,0,train
15694,0,train
15695,0,train
15696,0,train
15697,0,train
15698,0,train
15699,0,train
15702,0,train
15704,0,train
15707,0,train
15708,0,train
15709,0,train
15710,0,train
15712,0,train
15713,0,train
15714,0,train
15715,0,train
15716,0,train
15717,0,train
15722,0,train
15723,0,train
15725,0,train
15726,0,train
15727,0,train
15728,0,train
15729,0,train
15731,0,train
15733,0,train
15734,0,train
15736,0,train
15737,0,train
15738,0,train
15740,0,train
15741,0,train
15742,0,train
15746,0,train
15747,0,train
15748,0,train
15751,0,train
15753,0,train
15754,0,train
15755,0,train
15757,0,train
15758,0,train
15759,0,train
15760,0,train
15762,0,train
15764,0,train
15766,0,train
15768,0,train
15769,0,train
15771,0,train
15772,0,train
15774,0,train
15775,0,train
15776,0,train
15778,0,train
15779,0,train
15780,0,train
15781,0,train
15782,0,train
15783,0,train
15784,0,train
15785,0,train
15786,0,train
15787,0,train
15788,0,train
15789,0,train
15790,0,train
15792,0,train
15794,0,train
15798,0,train
15799,0,train
15800,0,train
15801,0,train
15802,0,train
15804,0,train
15805,0,train
15807,0,train
15809,0,train
15810,0,train
15811,0,train
15813,0,train
15814,0,train
15815,0,train
15817,0,train
15818,0,train
15819,0,train
15823,0,train
15826,0,train
15830,0,train
15831,0,train
15832,0,train
15834,0,train
15835,0,train
15836,0,train
15839,0,train
15840,0,train
15843,0,train
15844,0,train
15845,0,train
15846,0,train
15847,0,train
15849,0,train
15851,0,train
15853,0,train
15854,0,train
15855,0,train
15856,0,train
15857,0,train
15858,0,train
15859,0,train
15860,0,train
15861,0,train
15863,0,train
15864,0,train
15865,0,train
15867,0,train
15868,0,train
15869,0,train
15870,0,train
15873,0,train
15875,0,train
15877,0,train
15879,0,train
15880,0,train
15881,0,train
15885,0,train
15889,0,train
15891,0,train
15892,0,train
15894,0,train
15895,0,train
15896,0,train
15899,0,train
15900,0,train
15901,0,train
15903,0,train
15904,0,train
15905,0,train
15908,0,train
15910,0,train
15911,0,train
16796,0,train
16797,0,train
16798,0,train
16799,0,train
16800,0,train
16801,0,train
16802,0,train
16803,0,train
16804,0,train
16805,0,train
16807,0,train
16808,0,train
16810,0,train
16811,0,train
16812,0,train
16814,0,train
16815,0,train
16817,0,train
16818,0,train
16819,0,train
16820,0,train
16822,0,train
16823,0,train
16825,0,train
16827,0,train
16828,0,train
16830,0,train
16831,0,train
16833,0,train
16834,0,train
16835,0,train
16836,0,train
16838,0,train
16840,0,train
16843,0,train
16845,0,train
16846,0,train
16848,0,train
16849,0,train
16850,0,train
16852,0,train
16853,0,train
16859,0,train
16861,0,train
16863,0,train
16864,0,train
16865,0,train
16866,0,train
16867,0,train
16868,0,train
16871,0,train
16872,0,train
16873,0,train
16874,0,train
16875,0,train
16876,0,train
16877,0,train
16878,0,train
16879,0,train
16880,0,train
16881,0,train
16882,0,train
16884,0,train
16885,0,train
16886,0,train
16888,0,train
16890,0,train
16891,0,train
16892,0,train
16894,0,train
16895,0,train
16899,0,train
16901,0,train
16906,0,train
16907,0,train
16908,0,train
16909,0,train
16910,0,train
16911,0,train
16912,0,train
16913,0,train
16914,0,train
16915,0,train
16916,0,train
16917,0,train
16918,0,train
16919,0,train
16920,0,train
16921,0,train
16922,0,train
16924,0,train
16926,0,train
16927,0,train
16928,0,train
16929,0,train
16930,0,train
16931,0,train
16933,0,train
16934,0,train
16938,0,train
16939,0,train
16940,0,train
16942,0,train
16943,0,train
16944,0,train
16945,0,train
16946,0,train
16948,0,train
16949,0,train
16950,0,train
16951,0,train
16952,0,train
16953,0,train
16954,0,train
16957,0,train
16958,0,train
16959,0,train
16960,0,train
16963,0,train
16964,0,train
16965,0,train
16966,0,train
16967,0,train
16968,0,train
16970,0,train
16971,0,train
16972,0,train
16975,0,train
16976,0,train
16977,0,train
16978,0,train
16980,0,train
16981,0,train
16982,0,train
16984,0,train
16985,0,train
16987,0,train
16988,0,train
16989,0,train
16991,0,train
16992,0,train
16993,0,train
16994,0,train
16997,0,train
16999,0,train
17000,0,train
17002,0,train
17005,0,train
17009,0,train
17010,0,train
17011,0,train
17012,0,train
17013,0,train
17014,0,train
17015,0,train
17017,0,train
17018,0,train
17019,0,train
17021,0,train
17024,0,train
17025,0,train
17027,0,train
17028,0,train
17030,0,train
17031,0,train
17033,0,train
17034,0,train
17039,0,train
17040,0,train
17041,0,train
17042,0,train
17043,0,train
17044,0,train
17045,0,train
17046,0,train
17047,0,train
17049,0,train
17050,0,train
17052,0,train
17053,0,train
17054,0,train
17055,0,train
17056,0,train
17059,0,train
17060,0,train
17061,0,train
17062,0,train
17063,0,train
17065,0,train
17066,0,train
17067,0,train
17069,0,train
17073,0,train
17075,0,train
17076,0,train
17077,0,train
17079,0,train
17080,0,train
17081,0,train
17082,0,train
17084,0,train
17085,0,train
17086,0,train
17087,0,train
17088,0,train
17089,0,train
17090,0,train
17091,0,train
17092,0,train
17093,0,train
17094,0,train
17095,0,train
17096,0,train
17097,0,train
17098,0,train
17099,0,train
17101,0,train
17102,0,train
17104,0,train
17106,0,train
17108,0,train
17109,0,train
17112,0,train
17115,0,train
17116,0,train
17117,0,train
17118,0,train
17119,0,train
17121,0,train
17122,0,train
17124,0,train
17125,0,train
17126,0,train
17127,0,train
17128,0,train
17129,0,train
17130,0,train
17131,0,train
17132,0,train
17133,0,train
17134,0,train
17135,0,train
17137,0,train
17138,0,train
17139,0,train
17140,0,train
17141,0,train
17142,0,train
17143,0,train
17145,0,train
17146,0,train
17147,0,train
17149,0,train
17151,0,train
17152,0,train
17153,0,train
17155,0,train
17156,0,train
17157,0,train
17158,0,train
17161,0,train
17163,0,train
17164,0,train
17165,0,train
17166,0,train
17167,0,train
17168,0,train
17169,0,train
17170,0,train
17172,0,train
17174,0,train
17175,0,train
17176,0,train
17177,0,train
17178,0,train
17179,0,train
17181,0,train
17182,0,train
17186,0,train
17187,0,train
17189,0,train
17191,0,train
17192,0,train
17193,0,train
17194,0,train
17195,0,train
17196,0,train
17197,0,train
17198,0,train
17199,0,train
17200,0,train
17201,0,train
17202,0,train
17204,0,train
17205,0,train
17206,0,train
17207,0,train
17208,0,train
17209,0,train
17210,0,train
17211,0,train
17214,0,train
17215,0,train
17216,0,train
17217,0,train
17218,0,train
17220,0,train
17221,0,train
17224,0,train
17226,0,train
17227,0,train
17228,0,train
17230,0,train
17231,0,train
17233,0,train
17235,0,train
17236,0,train
17237,0,train
18564,0,train
18565,0,train
18566,0,train
18568,0,train
18570,0,train
18571,0,train
18572,0,train
18574,0,train
18575,0,train
18578,0,train
18580,0,train
18581,0,train
18582,0,train
18583,0,train
18587,0,train
18588,0,train
18589,0,train
18590,0,train
18592,0,train
18594,0,train
18596,0,train
18597,0,train
18598,0,train
18599,0,train
18601,0,train
18602,0,train
18603,0,train
18605,0,train
18606,0,train
18608,0,train
18610,0,train
18611,0,train
18614,0,train
18616,0,train
18617,0,train
18618,0,train
18620,0,train
18621,0,train
18623,0,train
18624,0,train
18625,0,train
18626,0,train
18627,0,train
18629,0,train
18632,0,train
18633,0,train
18634,0,train
18635,0,train
18636,0,train
18637,0,train
18639,0,train
18640,0,train
18641,0,train
18642,0,train
18644,0,train
18645,0,train
18646,0,train
18649,0,train
18651,0,train
18652,0,train
18657,0,train
18658,0,train
18659,0,train
18660,0,train
18661,0,train
18662,0,train
18663,0,train
18664,0,train
18666,0,train
18667,0,train
18668,0,train
18669,0,train
18670,0,train
18671,0,train
18672,0,train
18673,0,train
18674,0,train
18675,0,train
18677,0,train
18678,0,train
18679,0,train
18680,0,train
18681,0,train
18682,0,train
18684,0,train
18685,0,train
18686,0,train
18687,0,train
18688,0,train
18689,0,train
18690,0,train
18691,0,train
18694,0,train
18696,0,train
18698,0,train
18699,0,train
18700,0,train
18704,0,train
18705,0,train
18707,0,train
18708,0,train
18711,0,train
18712,0,train
18713,0,train
18714,0,train
18715,0,train
18716,0,train
18723,0,train
18725,0,train
18726,0,train
18727,0,train
18730,0,train
18731,0,train
18733,0,train
18734,0,train
18735,0,train
18737,0,train
18738,0,train
18739,0,train
18740,0,train
18741,0,train
18743,0,train
18746,0,train
18747,0,train
18748,0,train
18749,0,train
18751,0,train
18752,0,train
18754,0,train
18755,0,train
18759,0,train
18760,0,train
18762,0,train
18766,0,train
18768,0,train
18769,0,train
18770,0,train
18773,0,train
18775,0,train
18776,0,train
18778,0,train
18780,0,train
18781,0,train
18782,0,train
18784,0,train
18786,0,train
18787,0,train
18790,0,train
18791,0,train
18793,0,train
18795,0,train
18796,0,train
18797,0,train
18799,0,train
18800,0,train
18801,0,train
18802,0,train
18803,0,train
18805,0,train
18806,0,train
18807,0,train
18808,0,train
18810,0,train
18814,0,train
18815,0,train
18816,0,train
18817,0,train
18819,0,train
18821,0,train
18822,0,train
18823,0,train
18824,0,train
18825,0,train
18826,0,train
18827,0,train
18830,0,train
18831,0,train
18832,0,train
18833,0,train
18834,0,train
18836,0,train
18838,0,train
18839,0,train
18842,0,train
18843,0,train
18844,0,train
18845,0,train
18848,0,train
18850,0,train
18852,0,train
18853,0,train
18855,0,train
18856,0,train
18857,0,train
18858,0,train
18859,0,train
18860,0,train
18861,0,train
18865,0,train
18866,0,train
18867,0,train
18869,0,train
18870,0,train
18873,0,train
18874,0,train
18876,0,train
18877,0,train
18879,0,train
18880,0,train
18881,0,train
18882,0,train
18885,0,train
18887,0,train
18888,0,train
18890,0,train
18891,0,train
18892,0,train
18893,0,train
18894,0,train
18895,0,train
18896,0,train
18899,0,train
18900,0,train
18901,0,train
18902,0,train
18903,0,train
18904,0,train
18905,0,train
18906,0,train
18908,0,train
18909,0,train
18911,0,train
18912,0,train
18913,0,train
18914,0,train
18915,0,train
18917,0,train
18918,0,train
18919,0,train
18920,0,train
18921,0,train
18922,0,train
18923,0,train
18924,0,train
18925,0,train
18926,0,train
18929,0,train
18933,0,train
18934,0,train
18935,0,train
18936,0,train
18937,0,train
18938,0,train
18939,0,train
18940,0,train
18941,0,train
18943,0,train
18944,0,train
18945,0,train
18948,0,train
18951,0,train
18952,0,train
18953,0,train
18954,0,train
18955,0,train
18956,0,train
18957,0,train
18958,0,train
18959,0,train
18960,0,train
18961,0,train
18962,0,train
18963,0,train
18964,0,train
18965,0,train
18967,0,train
18968,0,train
18969,0,train
18970,0,train
18971,0,train
18972,0,train
18973,0,train
18976,0,train
18977,0,train
18978,0,train
18979,0,train
18980,0,train
18982,0,train
18983,0,train
18984,0,train
18985,0,train
18986,0,train
18987,0,train
18988,0,train
18989,0,train
18990,0,train
18991,0,train
18992,0,train
18993,0,train
18995,0,train
18996,0,train
18997,0,train
18998,0,train
19000,0,train
19002,0,train
19003,0,train
19004,0,train
19005,0,train
19006,0,train
19007,0,train
19009,0,train
19010,0,train
19013,0,train
19017,0,train
19020,0,train
19021,0,train
19022,0,train
19023,0,train
19024,0,train
19025,0,train
19026,0,train
19027,0,train
19028,0,train
19029,0,train
19030,0,train
19031,0,train
19032,0,train
19033,0,train
19034,0,train
19036,0,train
19039,0,train
19040,0,train
19042,0,train
19043,0,train
19044,0,train
19045,0,train
19047,0,train
19048,0,train
19049,0,train
19050,0,train
19052,0,train
19053,0,train
19056,0,train
19057,0,train
19058,0,train
19059,0,train
19061,0,train
19062,0,train
19063,0,train
19064,0,train
19065,0,train
19066,0,train
19067,0,train
19068,0,train
19069,0,train
19070,0,train
19072,0,train
19073,0,train
19075,0,train
19076,0,train
19080,0,train
19083,0,train
19084,0,train
19086,0,train
19088,0,train
19089,0,train
19090,0,train
19091,0,train
19092,0,train
19093,0,train
19094,0,train
19096,0,train
19097,0,train
19098,0,train
19099,0,train
19101,0,train
19102,0,train
19103,0,train
19104,0,train
19105,0,train
19106,0,train
19107,0,train
19108,0,train
19109,0,train
19111,0,train
19112,0,train
19113,0,train
19114,0,train
19115,0,train
19117,0,train
19118,0,train
19120,0,train
19122,0,train
19123,0,train
19124,0,train
19126,0,train
19127,0,train
19129,0,train
19131,0,train
19132,0,train
19135,0,train
19136,0,train
19138,0,train
19139,0,train
19140,0,train
19142,0,train
19143,0,train
19144,0,train
19145,0,train
19147,0,train
19148,0,train
19149,0,train
19150,0,train
19153,0,train
19154,0,train
19156,0,train
19158,0,train
19159,0,train
19160,0,train
19161,0,train
19163,0,train
19164,0,train
19165,0,train
19167,0,train
19168,0,train
19170,0,train
19172,0,train
19173,0,train
19174,0,train
19175,0,train
19177,0,train
19179,0,train
19181,0,train
19182,0,train
19183,0,train
19185,0,train
19186,0,train
19187,0,train
19188,0,train
19189,0,train
19190,0,train
19191,0,train
19192,0,train
19193,0,train
19194,0,train
19195,0,train
19196,0,train
19200,0,train
19202,0,train
19203,0,train
19204,0,train
19205,0,train
19208,0,train
19209,0,train
19210,0,train
19211,0,train
19212,0,train
19214,0,train
19215,0,train
19216,0,train
19217,0,train
19219,0,train
19221,0,train
19224,0,train
19225,0,train
19227,0,train
19229,0,train
19230,0,train
19231,0,train
19233,0,train
19234,0,train
19235,0,train
19236,0,train
19238,0,train
19239,0,train
19241,0,train
19242,0,train
19246,0,train
19247,0,train
19250,0,train
19251,0,train
19252,0,train
19253,0,train
19255,0,train
19257,0,train
19260,0,train
19261,0,train
19262,0,train
19263,0,train
19264,0,train
19265,0,train
19266,0,train
19270,0,train
19271,0,train
19272,0,train
19273,0,train
19274,0,train
19275,0,train
19276,0,train
19277,0,train
19278,0,train
19279,0,train
19280,0,train
19281,0,train
19282,0,train
19283,0,train
19286,0,train
19287,0,train
19288,0,train
19289,0,train
19290,0,train
19292,0,train
19293,0,train
19294,0,train
19295,0,train
19298,0,train
19299,0,train
19300,0,train
19301,0,train
19302,0,train
19303,0,train
19308,0,train
19310,0,train
19311,0,train
19312,0,train
19316,0,train
19317,0,train
19319,0,train
19324,0,train
19325,0,train
19326,0,train
19327,0,train
19328,0,train
19329,0,train
19332,0,train
19333,0,train
19336,0,train
19339,0,train
19342,0,train
19343,0,train
19344,0,train
19345,0,train
19346,0,train
19347,0,train
19348,0,train
19349,0,train
19350,0,train
19351,0,train
19352,0,train
19355,0,train
19356,0,train
19357,0,train
19359,0,train
19360,0,train
19361,0,train
19362,0,train
19364,0,train
19367,0,train
19368,0,train
19372,0,train
19373,0,train
19374,0,train
19375,0,train
19376,0,train
19377,0,train
19379,0,train
19380,0,train
19381,0,train
19382,0,train
19386,0,train
19387,0,train
19388,0,train
19389,0,train
19391,0,train
19392,0,train
19394,0,train
19396,0,train
19397,0,train
19398,0,train
19399,0,train
19400,0,train
19401,0,train
19404,0,train
19405,0,train
19406,0,train
19408,0,train
19409,0,train
19410,0,train
19411,0,train
19412,0,train
19413,0,train
19415,0,train
19416,0,train
19417,0,train
19419,0,train
19420,0,train
19422,0,train
19423,0,train
19424,0,train
19425,0,train
19427,0,train
19428,0,train
19430,0,train
19431,0,train
19433,0,train
19434,0,train
19436,0,train
19437,0,train
19439,0,train
19441,0,train
19442,0,train
19443,0,train
19446,0,train
19447,0,train
21216,0,train
21218,0,train
21219,0,train
21220,0,train
21222,0,train
21224,0,train
21225,0,train
21226,0,train
21227,0,train
21228,0,train
21230,0,train
21231,0,train
21232,0,train
21233,0,train
21234,0,train
21235,0,train
21236,0,train
21237,0,train
21238,0,train
21239,0,train
21240,0,train
21242,0,train
21243,0,train
21244,0,train
21248,0,train
21249,0,train
21250,0,train
21251,0,train
21252,0,train
21253,0,train
21254,0,train
21255,0,train
21256,0,train
21258,0,train
21259,0,train
21260,0,train
21261,0,train
21262,0,train
21263,0,train
21266,0,train
21267,0,train
21268,0,train
21269,0,train
21270,0,train
21271,0,train
21272,0,train
21274,0,train
21275,0,train
21276,0,train
21277,0,train
21279,0,train
21280,0,train
21281,0,train
21284,0,train
21286,0,train
21288,0,train
21290,0,train
21291,0,train
21292,0,train
21293,0,train
21294,0,train
21295,0,train
21296,0,train
21297,0,train
21298,0,train
21299,0,train
21301,0,train
21303,0,train
21304,0,train
21305,0,train
21306,0,train
21307,0,train
21308,0,train
21310,0,train
21311,0,train
21312,0,train
21313,0,train
21314,0,train
21315,0,train
21316,0,train
21319,0,train
21320,0,train
21321,0,train
21324,0,train
21325,0,train
21329,0,train
21332,0,train
21333,0,train
21335,0,train
21336,0,train
21338,0,train
21339,0,train
21340,0,train
21343,0,train
21344,0,train
21345,0,train
21349,0,train
21350,0,train
21351,0,train
21352,0,train
21353,0,train
21354,0,train
21355,0,train
21358,0,train
21359,0,train
21360,0,train
21361,0,train
21363,0,train
21364,0,train
21366,0,train
21368,0,train
21369,0,train
21371,0,train
21372,0,train
21373,0,train
21375,0,train
21376,0,train
21377,0,train
21379,0,train
21380,0,train
21381,0,train
21382,0,train
21385,0,train
21388,0,train
21389,0,train
21390,0,train
21391,0,train
21392,0,train
21395,0,train
21397,0,train
21398,0,train
21400,0,train
21401,0,train
21402,0,train
21403,0,train
21404,0,train
21408,0,train
21409,0,train
21411,0,train
21412,0,train
21414,0,train
21415,0,train
21416,0,train
21418,0,train
21419,0,train
21420,0,train
21421,0,train
21423,0,train
21425,0,train
21426,0,train
21428,0,train
21429,0,train
21430,0,train
21431,0,train
21433,0,train
21435,0,train
21436,0,train
21437,0,train
21438,0,train
21439,0,train
21440,0,train
21445,0,train
21447,0,train
21448,0,train
21449,0,train
21450,0,train
21451,0,train
21452,0,train
21453,0,train
21454,0,train
21455,0,train
21456,0,train
21457,0,train
21459,0,train
21460,0,train
21461,0,train
21463,0,train
21464,0,train
21466,0,train
21467,0,train
21468,0,train
21469,0,train
21471,0,train
21472,0,train
21474,0,train
21475,0,train
21476,0,train
21477,0,train
21478,0,train
21479,0,train
21480,0,train
21482,0,train
21483,0,train
21487,0,train
21490,0,train
21491,0,train
21492,0,train
21493,0,train
21494,0,train
21496,0,train
21497,0,train
21498,0,train
21499,0,train
21500,0,train
21502,0,train
21503,0,train
21504,0,train
21507,0,train
21508,0,train
21509,0,train
21511,0,train
21513,0,train
21514,0,train
21516,0,train
21517,0,train
21519,0,train
21520,0,train
21521,0,train
21522,0,train
21524,0,train
21525,0,train
21529,0,train
21530,0,train
21532,0,train
21533,0,train
21534,0,train
21537,0,train
21538,0,train
21541,0,train
21543,0,train
21547,0,train
21548,0,train
21549,0,train
21551,0,train
21552,0,train
21553,0,train
21554,0,train
21555,0,train
21556,0,train
21557,0,train
21558,0,train
21559,0,train
21560,0,train
21563,0,train
21564,0,train
21567,0,train
21568,0,train
21570,0,train
21571,0,train
21572,0,train
21574,0,train
21575,0,train
21577,0,train
21578,0,train
21581,0,train
21582,0,train
21583,0,train
21585,0,train
21587,0,train
21588,0,train
21589,0,train
21592,0,train
21593,0,train
21594,0,train
21596,0,train
21598,0,train
21601,0,train
21604,0,train
21605,0,train
21606,0,train
21610,0,train
21611,0,train
21613,0,train
21614,0,train
21616,0,train
21617,0,train
21618,0,train
21619,0,train
21621,0,train
21622,0,train
21623,0,train
21624,0,train
21625,0,train
21626,0,train
21627,0,train
21628,0,train
21629,0,train
21631,0,train
21632,0,train
21634,0,train
21635,0,train
21636,0,train
21637,0,train
21639,0,train
21640,0,train
21641,0,train
21642,0,train
21644,0,train
21645,0,train
21646,0,train
21647,0,train
21648,0,train
21650,0,train
21651,0,train
21653,0,train
21655,0,train
21656,0,train
21657,0,train
25636,0,train
25638,0,train
25639,0,train
25641,0,train
25642,0,train
25644,0,train
25645,0,train
25646,0,train
25648,0,train
25649,0,train
25650,0,train
25653,0,train
25656,0,train
25657,0,train
25659,0,train
25660,0,train
25662,0,train
25663,0,train
25664,0,train
25667,0,train
25668,0,train
25670,0,train
25671,0,train
25672,0,train
25673,0,train
25674,0,train
25675,0,train
25676,0,train
25678,0,train
25680,0,train
25681,0,train
25682,0,train
25683,0,train
25686,0,train
25687,0,train
25688,0,train
25690,0,train
25691,0,train
25692,0,train
25694,0,train
25695,0,train
25697,0,train
25698,0,train
25700,0,train
25702,0,train
25703,0,train
25704,0,train
25705,0,train
25706,0,train
25707,0,train
25708,0,train
25710,0,train
25711,0,train
25712,0,train
25713,0,train
25714,0,train
25715,0,train
25716,0,train
25718,0,train
25719,0,train
25720,0,train
25721,0,train
25723,0,train
25724,0,train
25726,0,train
25728,0,train
25729,0,train
25730,0,train
25731,0,train
25733,0,train
25734,0,train
25736,0,train
25737,0,train
25738,0,train
25739,0,train
25740,0,train
25741,0,train
25742,0,train
25743,0,train
25744,0,train
25745,0,train
25746,0,train
25748,0,train
25749,0,train
25750,0,train
25751,0,train
25752,0,train
25753,0,train
25754,0,train
25756,0,train
25757,0,train
25758,0,train
25760,0,train
25762,0,train
25763,0,train
25764,0,train
25765,0,train
25769,0,train
25770,0,train
25771,0,train
25772,0,train
25773,0,train
25774,0,train
25776,0,train
25777,0,train
25778,0,train
25780,0,train
25781,0,train
25783,0,train
25784,0,train
25786,0,train
25787,0,train
25788,0,train
25789,0,train
25790,0,train
25791,0,train
25792,0,train
25793,0,train
25797,0,train
25798,0,train
25799,0,train
25800,0,train
25801,0,train
25802,0,train
25803,0,train
25804,0,train
25805,0,train
25806,0,train
25807,0,train
25808,0,train
25809,0,train
25810,0,train
25811,0,train
25812,0,train
25813,0,train
25814,0,train
25816,0,train
25817,0,train
25823,0,train
25824,0,train
25826,0,train
25827,0,train
25832,0,train
25833,0,train
25835,0,train
25837,0,train
25839,0,train
25840,0,train
25841,0,train
25843,0,train
25844,0,train
25845,0,train
25846,0,train
25847,0,train
25848,0,train
25851,0,train
25852,0,train
25853,0,train
25854,0,train
25856,0,train
25857,0,train
25858,0,train
25859,0,train
25860,0,train
25864,0,train
25865,0,train
25868,0,train
25869,0,train
25870,0,train
25871,0,train
25872,0,train
25874,0,train
25875,0,train
25876,0,train
25877,0,train
25878,0,train
25879,0,train
25880,0,train
25881,0,train
25882,0,train
25885,0,train
25886,0,train
25888,0,train
25889,0,train
25891,0,train
25892,0,train
25894,0,train
25895,0,train
25896,0,train
25897,0,train
25899,0,train
25900,0,train
25901,0,train
25902,0,train
25903,0,train
25905,0,train
25906,0,train
25908,0,train
25909,0,train
25911,0,train
25912,0,train
25914,0,train
25915,0,train
25916,0,train
25918,0,train
25919,0,train
25921,0,train
25922,0,train
25926,0,train
25927,0,train
25928,0,train
25929,0,train
25932,0,train
25933,0,train
25935,0,train
25936,0,train
25937,0,train
25938,0,train
25940,0,train
25941,0,train
25942,0,train
25944,0,train
25945,0,train
25946,0,train
25947,0,train
25948,0,train
25949,0,train
25951,0,train
25952,0,train
25953,0,train
25954,0,train
25955,0,train
25956,0,train
25958,0,train
25959,0,train
25961,0,train
25962,0,train
25965,0,train
25966,0,train
25967,0,train
25970,0,train
25972,0,train
25974,0,train
25976,0,train
25977,0,train
25978,0,train
25979,0,train
25980,0,train
25981,0,train
25982,0,train
25983,0,train
25986,0,train
25989,0,train
25990,0,train
25991,0,train
25992,0,train
25994,0,train
25996,0,train
25999,0,train
26001,0,train
26002,0,train
26003,0,train
26005,0,train
26007,0,train
26009,0,train
26010,0,train
26011,0,train
26012,0,train
26015,0,train
26018,0,train
26019,0,train
26022,0,train
26025,0,train
26026,0,train
26027,0,train
26029,0,train
26030,0,train
26031,0,train
26032,0,train
26033,0,train
26034,0,train
26035,0,train
26036,0,train
26037,0,train
26038,0,train
26039,0,train
26041,0,train
26042,0,train
26043,0,train
26044,0,train
26045,0,train
26046,0,train
26047,0,train
26050,0,train
26052,0,train
26056,0,train
26059,0,train
26060,0,train
26061,0,train
26062,0,train
26065,0,train
26067,0,train
26068,0,train
26069,0,train
26070,0,train
26072,0,train
26073,0,train
26075,0,train
26077,0,train
443,0,val
444,0,val
452,0,val
455,0,val
463,0,val
469,0,val
470,0,val
478,0,val
480,0,val
482,0,val
488,0,val
495,0,val
502,0,val
516,0,val
531,0,val
547,0,val
571,0,val
587,0,val
590,0,val
595,0,val
600,0,val
607,0,val
613,0,val
627,0,val
628,0,val
649,0,val
655,0,val
657,0,val
678,0,val
686,0,val
692,0,val
711,0,val
713,0,val
715,0,val
719,0,val
726,0,val
736,0,val
742,0,val
748,0,val
752,0,val
753,0,val
758,0,val
759,0,val
771,0,val
780,0,val
794,0,val
816,0,val
822,0,val
832,0,val
836,0,val
842,0,val
845,0,val
851,0,val
869,0,val
873,0,val
883,0,val
4432,0,val
4436,0,val
4437,0,val
4459,0,val
4481,0,val
4492,0,val
4493,0,val
4497,0,val
4498,0,val
4504,0,val
4507,0,val
4523,0,val
4530,0,val
4534,0,val
4549,0,val
4561,0,val
4566,0,val
4568,0,val
4569,0,val
4587,0,val
4592,0,val
4606,0,val
4607,0,val
4612,0,val
4614,0,val
4639,0,val
4664,0,val
4670,0,val
4682,0,val
4693,0,val
4704,0,val
4716,0,val
4727,0,val
4728,0,val
4732,0,val
4740,0,val
4756,0,val
4769,0,val
4770,0,val
4773,0,val
4784,0,val
4791,0,val
4802,0,val
4804,0,val
4815,0,val
4827,0,val
4839,0,val
5746,0,val
5747,0,val
5748,0,val
5754,0,val
5764,0,val
5768,0,val
5775,0,val
5779,0,val
5782,0,val
5795,0,val
5796,0,val
5797,0,val
5798,0,val
5800,0,val
5801,0,val
5817,0,val
5825,0,val
5836,0,val
5845,0,val
5849,0,val
5850,0,val
5869,0,val
5902,0,val
5912,0,val
5960,0,val
5969,0,val
5993,0,val
5998,0,val
6027,0,val
6044,0,val
6102,0,val
6107,0,val
6109,0,val
6124,0,val
6127,0,val
6128,0,val
6131,0,val
6135,0,val
6141,0,val
6142,0,val
6147,0,val
6152,0,val
6163,0,val
6166,0,val
10173,0,val
10181,0,val
10195,0,val
10220,0,val
10226,0,val
10227,0,val
10229,0,val
10234,0,val
10258,0,val
10275,0,val
10279,0,val
10281,0,val
10287,0,val
10293,0,val
10298,0,val
10303,0,val
10306,0,val
10312,0,val
10361,0,val
10364,0,val
10365,0,val
10387,0,val
10395,0,val
10400,0,val
10407,0,val
10416,0,val
10431,0,val
10436,0,val
10447,0,val
10462,0,val
10468,0,val
10480,0,val
10530,0,val
10544,0,val
10548,0,val
10549,0,val
10551,0,val
10552,0,val
10553,0,val
10556,0,val
10590,0,val
10602,0,val
10603,0,val
11495,0,val
11509,0,val
11520,0,val
11521,0,val
11525,0,val
11528,0,val
11533,0,val
11575,0,val
11579,0,val
11592,0,val
11599,0,val
11637,0,val
11638,0,val
11649,0,val
11651,0,val
11657,0,val
11673,0,val
11701,0,val
11704,0,val
11709,0,val
11713,0,val
11717,0,val
11732,0,val
11736,0,val
11737,0,val
11754,0,val
11756,0,val
11757,0,val
11764,0,val
11767,0,val
11770,0,val
11774,0,val
11775,0,val
11778,0,val
11782,0,val
11788,0,val
11792,0,val
11795,0,val
11798,0,val
11800,0,val
11808,0,val
11813,0,val
11830,0,val
11832,0,val
11833,0,val
11837,0,val
11844,0,val
11853,0,val
11858,0,val
11863,0,val
11871,0,val
11886,0,val
11893,0,val
11899,0,val
13284,0,val
13291,0,val
13303,0,val
13320,0,val
13372,0,val
13384,0,val
13385,0,val
13390,0,val
13403,0,val
13406,0,val
13415,0,val
13431,0,val
13432,0,val
13433,0,val
13446,0,val
13453,0,val
13469,0,val
13471,0,val
13474,0,val
13478,0,val
13480,0,val
13498,0,val
13511,0,val
13516,0,val
13519,0,val
13556,0,val
13557,0,val
13564,0,val
13591,0,val
13603,0,val
13623,0,val
13649,0,val
13654,0,val
13674,0,val
13682,0,val
13689,0,val
14591,0,val
14601,0,val
14613,0,val
14616,0,val
14645,0,val
14653,0,val
14654,0,val
14670,0,val
14671,0,val
14686,0,val
14695,0,val
14702,0,val
14703,0,val
14733,0,val
14734,0,val
14778,0,val
14782,0,val
14788,0,val
14800,0,val
14818,0,val
14854,0,val
14864,0,val
14870,0,val
14880,0,val
14887,0,val
14900,0,val
14903,0,val
14905,0,val
14913,0,val
14917,0,val
14928,0,val
14938,0,val
14954,0,val
14962,0,val
14975,0,val
14976,0,val
14986,0,val
15015,0,val
15027,0,val
15487,0,val
15491,0,val
15520,0,val
15531,0,val
15536,0,val
15550,0,val
15556,0,val
15562,0,val
15577,0,val
15592,0,val
15599,0,val
15600,0,val
15609,0,val
15615,0,val
15617,0,val
15656,0,val
15684,0,val
15705,0,val
15720,0,val
15735,0,val
15739,0,val
15756,0,val
15763,0,val
15777,0,val
15791,0,val
15803,0,val
15806,0,val
15829,0,val
15842,0,val
15872,0,val
15876,0,val
15884,0,val
15887,0,val
15897,0,val
15902,0,val
16809,0,val
16813,0,val
16824,0,val
16826,0,val
16829,0,val
16847,0,val
16851,0,val
16855,0,val
16858,0,val
16869,0,val
16870,0,val
16883,0,val
16889,0,val
16893,0,val
16898,0,val
16900,0,val
16902,0,val
16923,0,val
16925,0,val
16936,0,val
16941,0,val
16962,0,val
16974,0,val
16986,0,val
16998,0,val
17001,0,val
17007,0,val
17020,0,val
17036,0,val
17038,0,val
17048,0,val
17064,0,val
17068,0,val
17070,0,val
17071,0,val
17074,0,val
17105,0,val
17113,0,val
17120,0,val
17148,0,val
17154,0,val
17159,0,val
17162,0,val
17171,0,val
17180,0,val
17184,0,val
17188,0,val
17190,0,val
17213,0,val
17219,0,val
17223,0,val
17225,0,val
17232,0,val
18576,0,val
18584,0,val
18585,0,val
18591,0,val
18595,0,val
18609,0,val
18612,0,val
18622,0,val
18630,0,val
18638,0,val
18648,0,val
18654,0,val
18655,0,val
18695,0,val
18697,0,val
18702,0,val
18710,0,val
18719,0,val
18721,0,val
18745,0,val
18753,0,val
18758,0,val
18765,0,val
18767,0,val
18779,0,val
18783,0,val
18789,0,val
18809,0,val
18812,0,val
18818,0,val
18837,0,val
18840,0,val
18841,0,val
18846,0,val
18849,0,val
18851,0,val
18864,0,val
18872,0,val
18878,0,val
18889,0,val
18897,0,val
18907,0,val
18928,0,val
18931,0,val
18932,0,val
18942,0,val
18947,0,val
18974,0,val
18981,0,val
19014,0,val
19016,0,val
19035,0,val
19046,0,val
19087,0,val
19095,0,val
19121,0,val
19125,0,val
19146,0,val
19162,0,val
19171,0,val
19176,0,val
19180,0,val
19201,0,val
19206,0,val
19220,0,val
19226,0,val
19237,0,val
19243,0,val
19249,0,val
19254,0,val
19258,0,val
19267,0,val
19269,0,val
19284,0,val
19313,0,val
19314,0,val
19318,0,val
19320,0,val
19331,0,val
19337,0,val
19354,0,val
19358,0,val
19369,0,val
19378,0,val
19383,0,val
19393,0,val
19402,0,val
19403,0,val
19414,0,val
19418,0,val
19426,0,val
19438,0,val
21221,0,val
21257,0,val
21273,0,val
21282,0,val
21289,0,val
21309,0,val
21328,0,val
21342,0,val
21367,0,val
21384,0,val
21386,0,val
21396,0,val
21432,0,val
21434,0,val
21443,0,val
21465,0,val
21484,0,val
21485,0,val
21489,0,val
21495,0,val
21510,0,val
21523,0,val
21536,0,val
21546,0,val
21550,0,val
21562,0,val
21566,0,val
21584,0,val
21590,0,val
21600,0,val
21607,0,val
21638,0,val
21654,0,val
25637,0,val
25661,0,val
25669,0,val
25701,0,val
25727,0,val
25732,0,val
25747,0,val
25766,0,val
25768,0,val
25785,0,val
25794,0,val
25796,0,val
25821,0,val
25822,0,val
25831,0,val
25834,0,val
25842,0,val
25855,0,val
25884,0,val
25887,0,val
25890,0,val
25904,0,val
25907,0,val
25920,0,val
25925,0,val
25930,0,val
25931,0,val
25960,0,val
25968,0,val
25969,0,val
25971,0,val
25985,0,val
25988,0,val
25995,0,val
25997,0,val
26008,0,val
26020,0,val
26024,0,val
26048,0,val
26053,0,val
26058,0,val
26063,0,val
26074,0,val
445,0,test
446,0,test
447,0,test
451,0,test
458,0,test
476,0,test
496,0,test
497,0,test
506,0,test
508,0,test
519,0,test
536,0,test
540,0,test
556,0,test
558,0,test
559,0,test
561,0,test
567,0,test
568,0,test
569,0,test
572,0,test
575,0,test
579,0,test
585,0,test
588,0,test
596,0,test
602,0,test
603,0,test
606,0,test
631,0,test
632,0,test
639,0,test
642,0,test
643,0,test
644,0,test
648,0,test
665,0,test
666,0,test
667,0,test
674,0,test
677,0,test
683,0,test
684,0,test
691,0,test
695,0,test
697,0,test
702,0,test
704,0,test
722,0,test
727,0,test
743,0,test
744,0,test
762,0,test
769,0,test
777,0,test
779,0,test
783,0,test
787,0,test
799,0,test
804,0,test
806,0,test
817,0,test
821,0,test
826,0,test
827,0,test
830,0,test
833,0,test
837,0,test
846,0,test
854,0,test
859,0,test
861,0,test
4433,0,test
4444,0,test
4445,0,test
4448,0,test
4452,0,test
4455,0,test
4466,0,test
4470,0,test
4477,0,test
4480,0,test
4482,0,test
4488,0,test
4490,0,test
4491,0,test
4501,0,test
4502,0,test
4503,0,test
4514,0,test
4515,0,test
4517,0,test
4537,0,test
4540,0,test
4541,0,test
4547,0,test
4552,0,test
4558,0,test
4573,0,test
4578,0,test
4581,0,test
4584,0,test
4586,0,test
4594,0,test
4601,0,test
4613,0,test
4616,0,test
4623,0,test
4624,0,test
4637,0,test
4641,0,test
4644,0,test
4645,0,test
4649,0,test
4651,0,test
4653,0,test
4666,0,test
4676,0,test
4677,0,test
4687,0,test
4691,0,test
4694,0,test
4695,0,test
4700,0,test
4701,0,test
4706,0,test
4710,0,test
4718,0,test
4731,0,test
4738,0,test
4744,0,test
4746,0,test
4747,0,test
4748,0,test
4752,0,test
4753,0,test
4762,0,test
4771,0,test
4775,0,test
4782,0,test
4792,0,test
4793,0,test
4800,0,test
4801,0,test
4803,0,test
4805,0,test
4808,0,test
4810,0,test
4824,0,test
4829,0,test
4831,0,test
4832,0,test
4838,0,test
4841,0,test
4848,0,test
4850,0,test
4854,0,test
4856,0,test
5756,0,test
5757,0,test
5761,0,test
5763,0,test
5776,0,test
5780,0,test
5781,0,test
5784,0,test
5786,0,test
5790,0,test
5805,0,test
5808,0,test
5812,0,test
5813,0,test
5815,0,test
5816,0,test
5818,0,test
5821,0,test
5828,0,test
5833,0,test
5837,0,test
5842,0,test
5846,0,test
5851,0,test
5853,0,test
5854,0,test
5857,0,test
5874,0,test
5877,0,test
5878,0,test
5883,0,test
5890,0,test
5907,0,test
5921,0,test
5922,0,test
5924,0,test
5925,0,test
5927,0,test
5928,0,test
5931,0,test
5938,0,test
5939,0,test
5943,0,test
5944,0,test
5980,0,test
5982,0,test
5984,0,test
6001,0,test
6003,0,test
6007,0,test
6009,0,test
6010,0,test
6012,0,test
6016,0,test
6017,0,test
6018,0,test
6022,0,test
6028,0,test
6029,0,test
6031,0,test
6046,0,test
6053,0,test
6064,0,test
6067,0,test
6076,0,test
6079,0,test
6080,0,test
6105,0,test
6110,0,test
6112,0,test
6114,0,test
6116,0,test
6118,0,test
6129,0,test
6137,0,test
6138,0,test
6144,0,test
6153,0,test
6158,0,test
6162,0,test
6168,0,test
6170,0,test
6173,0,test
6174,0,test
6176,0,test
6180,0,test
6186,0,test
10169,0,test
10171,0,test
10172,0,test
10182,0,test
10188,0,test
10193,0,test
10198,0,test
10203,0,test
10205,0,test
10209,0,test
10224,0,test
10228,0,test
10236,0,test
10249,0,test
10285,0,test
10300,0,test
10310,0,test
10318,0,test
10321,0,test
10324,0,test
10333,0,test
10335,0,test
10340,0,test
10356,0,test
10367,0,test
10368,0,test
10369,0,test
10371,0,test
10380,0,test
10382,0,test
10408,0,test
10410,0,test
10411,0,test
10413,0,test
10414,0,test
10421,0,test
10425,0,test
10437,0,test
10443,0,test
10444,0,test
10445,0,test
10459,0,test
10465,0,test
10471,0,test
10473,0,test
10475,0,test
10476,0,test
10479,0,test
10485,0,test
10486,0,test
10488,0,test
10503,0,test
10504,0,test
10508,0,test
10513,0,test
10518,0,test
10519,0,test
10520,0,test
10522,0,test
10525,0,test
10526,0,test
10527,0,test
10533,0,test
10536,0,test
10547,0,test
10555,0,test
10559,0,test
10562,0,test
10564,0,test
10573,0,test
10574,0,test
10593,0,test
10597,0,test
10599,0,test
10601,0,test
11516,0,test
11518,0,test
11526,0,test
11530,0,test
11534,0,test
11540,0,test
11543,0,test
11547,0,test
11548,0,test
11551,0,test
11552,0,test
11558,0,test
11562,0,test
11565,0,test
11567,0,test
11572,0,test
11576,0,test
11577,0,test
11578,0,test
11580,0,test
11581,0,test
11587,0,test
11589,0,test
11611,0,test
11619,0,test
11623,0,test
11625,0,test
11630,0,test
11632,0,test
11641,0,test
11644,0,test
11654,0,test
11655,0,test
11668,0,test
11679,0,test
11682,0,test
11683,0,test
11692,0,test
11693,0,test
11694,0,test
11699,0,test
11700,0,test
11705,0,test
11706,0,test
11708,0,test
11710,0,test
11714,0,test
11718,0,test
11720,0,test
11721,0,test
11722,0,test
11724,0,test
11741,0,test
11750,0,test
11751,0,test
11759,0,test
11762,0,test
11763,0,test
11765,0,test
11771,0,test
11772,0,test
11773,0,test
11779,0,test
11780,0,test
11784,0,test
11785,0,test
11786,0,test
11789,0,test
11794,0,test
11799,0,test
11803,0,test
11805,0,test
11806,0,test
11829,0,test
11840,0,test
11846,0,test
11849,0,test
11852,0,test
11860,0,test
11865,0,test
11867,0,test
11874,0,test
11875,0,test
11876,0,test
11880,0,test
11882,0,test
11884,0,test
11885,0,test
11889,0,test
11904,0,test
11912,0,test
11914,0,test
11916,0,test
11917,0,test
11922,0,test
11924,0,test
11927,0,test
11928,0,test
11929,0,test
13264,0,test
13269,0,test
13287,0,test
13293,0,test
13305,0,test
13311,0,test
13312,0,test
13315,0,test
13328,0,test
13336,0,test
13344,0,test
13346,0,test
13350,0,test
13374,0,test
13376,0,test
13377,0,test
13382,0,test
13386,0,test
13393,0,test
13399,0,test
13412,0,test
13413,0,test
13418,0,test
13421,0,test
13426,0,test
13435,0,test
13436,0,test
13441,0,test
13443,0,test
13447,0,test
13477,0,test
13483,0,test
13485,0,test
13493,0,test
13494,0,test
13499,0,test
13504,0,test
13505,0,test
13522,0,test
13529,0,test
13532,0,test
13535,0,test
13539,0,test
13540,0,test
13541,0,test
13552,0,test
13554,0,test
13558,0,test
13561,0,test
13574,0,test
13587,0,test
13588,0,test
13589,0,test
13596,0,test
13601,0,test
13606,0,test
13607,0,test
13608,0,test
13610,0,test
13613,0,test
13615,0,test
13618,0,test
13640,0,test
13643,0,test
13645,0,test
13647,0,test
13662,0,test
13663,0,test
13666,0,test
13671,0,test
13675,0,test
13676,0,test
13685,0,test
13695,0,test
14594,0,test
14608,0,test
14609,0,test
14615,0,test
14624,0,test
14627,0,test
14629,0,test
14635,0,test
14637,0,test
14642,0,test
14643,0,test
14646,0,test
14647,0,test
14651,0,test
14658,0,test
14663,0,test
14664,0,test
14665,0,test
14667,0,test
14668,0,test
14669,0,test
14672,0,test
14673,0,test
14678,0,test
14679,0,test
14681,0,test
14690,0,test
14696,0,test
14700,0,test
14707,0,test
14708,0,test
14711,0,test
14713,0,test
14716,0,test
14717,0,test
14720,0,test
14724,0,test
14731,0,test
14740,0,test
14742,0,test
14745,0,test
14748,0,test
14750,0,test
14758,0,test
14765,0,test
14766,0,test
14772,0,test
14773,0,test
14783,0,test
14787,0,test
14795,0,test
14803,0,test
14804,0,test
14805,0,test
14806,0,test
14812,0,test
14822,0,test
14825,0,test
14830,0,test
14832,0,test
14835,0,test
14838,0,test
14845,0,test
14846,0,test
14848,0,test
14853,0,test
14857,0,test
14862,0,test
14865,0,test
14867,0,test
14869,0,test
14872,0,test
14881,0,test
14884,0,test
14890,0,test
14892,0,test
14893,0,test
14895,0,test
14899,0,test
14901,0,test
14909,0,test
14910,0,test
14916,0,test
14927,0,test
14933,0,test
14939,0,test
14943,0,test
14953,0,test
14964,0,test
14965,0,test
14971,0,test
14985,0,test
14988,0,test
14990,0,test
14991,0,test
14993,0,test
14994,0,test
15001,0,test
15002,0,test
15003,0,test
15006,0,test
15007,0,test
15013,0,test
15020,0,test
15021,0,test
15026,0,test
15475,0,test
15480,0,test
15484,0,test
15486,0,test
15493,0,test
15494,0,test
15496,0,test
15498,0,test
15500,0,test
15512,0,test
15516,0,test
15517,0,test
15522,0,test
15523,0,test
15528,0,test
15532,0,test
15533,0,test
15546,0,test
15547,0,test
15551,0,test
15553,0,test
15559,0,test
15566,0,test
15567,0,test
15578,0,test
15581,0,test
15588,0,test
15595,0,test
15598,0,test
15604,0,test
15610,0,test
15612,0,test
15618,0,test
15627,0,test
15631,0,test
15637,0,test
15642,0,test
15643,0,test
15648,0,test
15654,0,test
15657,0,test
15659,0,test
15660,0,test
15663,0,test
15669,0,test
15670,0,test
15676,0,test
15677,0,test
15678,0,test
15680,0,test
15686,0,test
15690,0,test
15700,0,test
15701,0,test
15703,0,test
15706,0,test
15711,0,test
15718,0,test
15719,0,test
15721,0,test
15724,0,test
15730,0,test
15732,0,test
15743,0,test
15744,0,test
15745,0,test
15749,0,test
15750,0,test
15752,0,test
15761,0,test
15765,0,test
15767,0,test
15770,0,test
15773,0,test
15793,0,test
15795,0,test
15796,0,test
15797,0,test
15808,0,test
15812,0,test
15816,0,test
15820,0,test
15821,0,test
15822,0,test
15824,0,test
15825,0,test
15827,0,test
15828,0,test
15833,0,test
15837,0,test
15838,0,test
15841,0,test
15848,0,test
15850,0,test
15852,0,test
15862,0,test
15866,0,test
15871,0,test
15874,0,test
15878,0,test
15882,0,test
15883,0,test
15886,0,test
15888,0,test
15890,0,test
15893,0,test
15898,0,test
15906,0,test
15907,0,test
15909,0,test
16806,0,test
16816,0,test
16821,0,test
16832,0,test
16837,0,test
16839,0,test
16841,0,test
16842,0,test
16844,0,test
16854,0,test
16856,0,test
16857,0,test
16860,0,test
16862,0,test
16887,0,test
16896,0,test
16897,0,test
16903,0,test
16904,0,test
16905,0,test
16932,0,test
16935,0,test
16937,0,test
16947,0,test
16955,0,test
16956,0,test
16961,0,test
16969,0,test
16973,0,test
16979,0,test
16983,0,test
16990,0,test
16995,0,test
16996,0,test
17003,0,test
17004,0,test
17006,0,test
17008,0,test
17016,0,test
17022,0,test
17023,0,test
17026,0,test
17029,0,test
17032,0,test
17035,0,test
17037,0,test
17051,0,test
17057,0,test
17058,0,test
17072,0,test
17078,0,test
17083,0,test
17100,0,test
17103,0,test
17107,0,test
17110,0,test
17111,0,test
17114,0,test
17123,0,test
17136,0,test
17144,0,test
17150,0,test
17160,0,test
17173,0,test
17183,0,test
17185,0,test
17203,0,test
17212,0,test
17222,0,test
17229,0,test
17234,0,test
18567,0,test
18569,0,test
18573,0,test
18577,0,test
18579,0,test
18586,0,test
18593,0,test
18600,0,test
18604,0,test
18607,0,test
18613,0,test
18615,0,test
18619,0,test
18628,0,test
18631,0,test
18643,0,test
18647,0,test
18650,0,test
18653,0,test
18656,0,test
18665,0,test
18676,0,test
18683,0,test
18692,0,test
18693,0,test
18701,0,test
18703,0,test
18706,0,test
18709,0,test
18717,0,test
18718,0,test
18720,0,test
18722,0,test
18724,0,test
18728,0,test
18729,0,test
18732,0,test
18736,0,test
18742,0,test
18744,0,test
18750,0,test
18756,0,test
18757,0,test
18761,0,test
18763,0,test
18764,0,test
18771,0,test
18772,0,test
18774,0,test
18777,0,test
18785,0,test
18788,0,test
18792,0,test
18794,0,test
18798,0,test
18804,0,test
18811,0,test
18813,0,test
18820,0,test
18828,0,test
18829,0,test
18835,0,test
18847,0,test
18854,0,test
18862,0,test
18863,0,test
18868,0,test
18871,0,test
18875,0,test
18883,0,test
18884,0,test
18886,0,test
18898,0,test
18910,0,test
18916,0,test
18927,0,test
18930,0,test
18946,0,test
18949,0,test
18950,0,test
18966,0,test
18975,0,test
18994,0,test
18999,0,test
19001,0,test
19008,0,test
19011,0,test
19012,0,test
19015,0,test
19018,0,test
19019,0,test
19037,0,test
19038,0,test
19041,0,test
19051,0,test
19054,0,test
19055,0,test
19060,0,test
19071,0,test
19074,0,test
19077,0,test
19078,0,test
19079,0,test
19081,0,test
19082,0,test
19085,0,test
19100,0,test
19110,0,test
19116,0,test
19119,0,test
19128,0,test
19130,0,test
19133,0,test
19134,0,test
19137,0,test
19141,0,test
19151,0,test
19152,0,test
19155,0,test
19157,0,test
19166,0,test
19169,0,test
19178,0,test
19184,0,test
19197,0,test
19198,0,test
19199,0,test
19207,0,test
19213,0,test
19218,0,test
19222,0,test
19223,0,test
19228,0,test
19232,0,test
19240,0,test
19244,0,test
19245,0,test
19248,0,test
19256,0,test
19259,0,test
19268,0,test
19285,0,test
19291,0,test
19296,0,test
19297,0,test
19304,0,test
19305,0,test
19306,0,test
19307,0,test
19309,0,test
19315,0,test
19321,0,test
19322,0,test
19323,0,test
19330,0,test
19334,0,test
19335,0,test
19338,0,test
19340,0,test
19341,0,test
19353,0,test
19363,0,test
19365,0,test
19366,0,test
19370,0,test
19371,0,test
19384,0,test
19385,0,test
19390,0,test
19395,0,test
19407,0,test
19421,0,test
19429,0,test
19432,0,test
19435,0,test
19440,0,test
19444,0,test
19445,0,test
21217,0,test
21223,0,test
21229,0,test
21241,0,test
21245,0,test
21246,0,test
21247,0,test
21264,0,test
21265,0,test
21278,0,test
21283,0,test
21285,0,test
21287,0,test
21300,0,test
21302,0,test
21317,0,test
21318,0,test
21322,0,test
21323,0,test
21326,0,test
21327,0,test
21330,0,test
21331,0,test
21334,0,test
21337,0,test
21341,0,test
21346,0,test
21347,0,test
21348,0,test
21356,0,test
21357,0,test
21362,0,test
21365,0,test
21370,0,test
21374,0,test
21378,0,test
21383,0,test
21387,0,test
21393,0,test
21394,0,test
21399,0,test
21405,0,test
21406,0,test
21407,0,test
21410,0,test
21413,0,test
21417,0,test
21422,0,test
21424,0,test
21427,0,test
21441,0,test
21442,0,test
21444,0,test
21446,0,test
21458,0,test
21462,0,test
21470,0,test
21473,0,test
21481,0,test
21486,0,test
21488,0,test
21501,0,test
21505,0,test
21506,0,test
21512,0,test
21515,0,test
21518,0,test
21526,0,test
21527,0,test
21528,0,test
21531,0,test
21535,0,test
21539,0,test
21540,0,test
21542,0,test
21544,0,test
21545,0,test
21561,0,test
21565,0,test
21569,0,test
21573,0,test
21576,0,test
21579,0,test
21580,0,test
21586,0,test
21591,0,test
21595,0,test
21597,0,test
21599,0,test
21602,0,test
21603,0,test
21608,0,test
21609,0,test
21612,0,test
21615,0,test
21620,0,test
21630,0,test
21633,0,test
21643,0,test
21649,0,test
21652,0,test
25640,0,test
25643,0,test
25647,0,test
25651,0,test
25652,0,test
25654,0,test
25655,0,test
25658,0,test
25665,0,test
25666,0,test
25677,0,test
25679,0,test
25684,0,test
25685,0,test
25689,0,test
25693,0,test
25696,0,test
25699,0,test
25709,0,test
25717,0,test
25722,0,test
25725,0,test
25735,0,test
25755,0,test
25759,0,test
25761,0,test
25767,0,test
25775,0,test
25779,0,test
25782,0,test
25795,0,test
25815,0,test
25818,0,test
25819,0,test
25820,0,test
25825,0,test
25828,0,test
25829,0,test
25830,0,test
25836,0,test
25838,0,test
25849,0,test
25850,0,test
25861,0,test
25862,0,test
25863,0,test
25866,0,test
25867,0,test
25873,0,test
25883,0,test
25893,0,test
25898,0,test
25910,0,test
25913,0,test
25917,0,test
25923,0,test
25924,0,test
25934,0,test
25939,0,test
25943,0,test
25950,0,test
25957,0,test
25963,0,test
25964,0,test
25973,0,test
25975,0,test
25984,0,test
25987,0,test
25993,0,test
25998,0,test
26000,0,test
26004,0,test
26006,0,test
26013,0,test
26014,0,test
26016,0,test
26017,0,test
26021,0,test
26023,0,test
26028,0,test
26040,0,test
26049,0,test
26051,0,test
26054,0,test
26055,0,test
26057,0,test
26064,0,test
26066,0,test
26071,0,test
26076,0,test
0,1,train
2,1,train
3,1,train
5,1,train
7,1,train
8,1,train
9,1,train
10,1,train
11,1,train
12,1,train
13,1,train
14,1,train
15,1,train
16,1,train
17,1,train
18,1,train
19,1,train
20,1,train
21,1,train
22,1,train
23,1,train
24,1,train
26,1,train
27,1,train
28,1,train
29,1,train
31,1,train
33,1,train
34,1,train
35,1,train
38,1,train
40,1,train
42,1,train
43,1,train
45,1,train
46,1,train
47,1,train
48,1,train
51,1,train
53,1,train
54,1,train
56,1,train
57,1,train
58,1,train
59,1,train
60,1,train
61,1,train
62,1,train
64,1,train
65,1,train
67,1,train
68,1,train
69,1,train
70,1,train
72,1,train
73,1,train
74,1,train
77,1,train
79,1,train
80,1,train
81,1,train
82,1,train
83,1,train
85,1,train
86,1,train
87,1,train
90,1,train
91,1,train
93,1,train
94,1,train
95,1,train
96,1,train
98,1,train
99,1,train
101,1,train
103,1,train
104,1,train
106,1,train
108,1,train
112,1,train
115,1,train
117,1,train
119,1,train
120,1,train
121,1,train
122,1,train
125,1,train
128,1,train
129,1,train
130,1,train
131,1,train
134,1,train
136,1,train
137,1,train
139,1,train
141,1,train
142,1,train
143,1,train
144,1,train
145,1,train
146,1,train
149,1,train
150,1,train
151,1,train
152,1,train
153,1,train
154,1,train
156,1,train
159,1,train
160,1,train
161,1,train
162,1,train
163,1,train
164,1,train
166,1,train
167,1,train
168,1,train
172,1,train
174,1,train
176,1,train
179,1,train
180,1,train
182,1,train
185,1,train
186,1,train
187,1,train
188,1,train
189,1,train
190,1,train
191,1,train
193,1,train
195,1,train
196,1,train
197,1,train
198,1,train
199,1,train
201,1,train
202,1,train
203,1,train
204,1,train
207,1,train
208,1,train
211,1,train
212,1,train
213,1,train
214,1,train
217,1,train
218,1,train
220,1,train
221,1,train
222,1,train
223,1,train
226,1,train
227,1,train
230,1,train
233,1,train
234,1,train
235,1,train
237,1,train
238,1,train
240,1,train
242,1,train
243,1,train
244,1,train
245,1,train
246,1,train
247,1,train
248,1,train
249,1,train
250,1,train
251,1,train
255,1,train
256,1,train
257,1,train
258,1,train
259,1,train
260,1,train
261,1,train
262,1,train
263,1,train
264,1,train
265,1,train
266,1,train
267,1,train
269,1,train
270,1,train
274,1,train
277,1,train
278,1,train
279,1,train
281,1,train
282,1,train
283,1,train
284,1,train
285,1,train
286,1,train
287,1,train
289,1,train
290,1,train
291,1,train
292,1,train
293,1,train
294,1,train
297,1,train
298,1,train
299,1,train
301,1,train
302,1,train
303,1,train
304,1,train
305,1,train
306,1,train
308,1,train
309,1,train
310,1,train
311,1,train
313,1,train
314,1,train
315,1,train
317,1,train
318,1,train
319,1,train
320,1,train
322,1,train
323,1,train
324,1,train
326,1,train
328,1,train
330,1,train
333,1,train
335,1,train
336,1,train
337,1,train
338,1,train
339,1,train
342,1,train
343,1,train
344,1,train
346,1,train
348,1,train
349,1,train
350,1,train
351,1,train
352,1,train
353,1,train
354,1,train
355,1,train
356,1,train
358,1,train
361,1,train
363,1,train
365,1,train
366,1,train
367,1,train
368,1,train
369,1,train
370,1,train
371,1,train
372,1,train
373,1,train
374,1,train
375,1,train
376,1,train
377,1,train
378,1,train
380,1,train
381,1,train
382,1,train
384,1,train
385,1,train
387,1,train
388,1,train
391,1,train
392,1,train
393,1,train
394,1,train
396,1,train
397,1,train
398,1,train
399,1,train
401,1,train
402,1,train
403,1,train
404,1,train
405,1,train
407,1,train
408,1,train
411,1,train
413,1,train
414,1,train
415,1,train
416,1,train
419,1,train
420,1,train
421,1,train
422,1,train
423,1,train
424,1,train
425,1,train
426,1,train
427,1,train
429,1,train
430,1,train
431,1,train
433,1,train
434,1,train
436,1,train
438,1,train
439,1,train
440,1,train
441,1,train
884,1,train
885,1,train
886,1,train
887,1,train
889,1,train
891,1,train
894,1,train
895,1,train
896,1,train
897,1,train
898,1,train
901,1,train
902,1,train
905,1,train
906,1,train
907,1,train
908,1,train
909,1,train
910,1,train
912,1,train
913,1,train
914,1,train
916,1,train
919,1,train
920,1,train
922,1,train
923,1,train
924,1,train
925,1,train
928,1,train
929,1,train
930,1,train
931,1,train
932,1,train
933,1,train
934,1,train
935,1,train
937,1,train
938,1,train
939,1,train
940,1,train
941,1,train
942,1,train
943,1,train
944,1,train
945,1,train
946,1,train
947,1,train
948,1,train
950,1,train
951,1,train
952,1,train
953,1,train
955,1,train
956,1,train
957,1,train
958,1,train
960,1,train
961,1,train
962,1,train
964,1,train
965,1,train
966,1,train
967,1,train
969,1,train
971,1,train
972,1,train
974,1,train
975,1,train
976,1,train
979,1,train
980,1,train
981,1,train
984,1,train
986,1,train
987,1,train
988,1,train
989,1,train
990,1,train
991,1,train
992,1,train
993,1,train
994,1,train
995,1,train
998,1,train
999,1,train
1000,1,train
1001,1,train
1002,1,train
1005,1,train
1006,1,train
1007,1,train
1009,1,train
1011,1,train
1013,1,train
1014,1,train
1015,1,train
1016,1,train
1019,1,train
1020,1,train
1022,1,train
1023,1,train
1024,1,train
1027,1,train
1029,1,train
1030,1,train
1034,1,train
1035,1,train
1036,1,train
1037,1,train
1038,1,train
1039,1,train
1040,1,train
1041,1,train
1043,1,train
1044,1,train
1045,1,train
1046,1,train
1048,1,train
1051,1,train
1052,1,train
1053,1,train
1054,1,train
1055,1,train
1056,1,train
1057,1,train
1058,1,train
1059,1,train
1062,1,train
1063,1,train
1064,1,train
1065,1,train
1066,1,train
1067,1,train
1068,1,train
1069,1,train
1071,1,train
1073,1,train
1075,1,train
1076,1,train
1077,1,train
1078,1,train
1080,1,train
1081,1,train
1082,1,train
1083,1,train
1084,1,train
1086,1,train
1090,1,train
1091,1,train
1093,1,train
1096,1,train
1100,1,train
1101,1,train
1102,1,train
1104,1,train
1106,1,train
1108,1,train
1109,1,train
1110,1,train
1111,1,train
1116,1,train
1117,1,train
1118,1,train
1119,1,train
1120,1,train
1121,1,train
1124,1,train
1125,1,train
1127,1,train
1128,1,train
1130,1,train
1131,1,train
1132,1,train
1133,1,train
1134,1,train
1137,1,train
1138,1,train
1139,1,train
1140,1,train
1141,1,train
1142,1,train
1144,1,train
1145,1,train
1146,1,train
1147,1,train
1149,1,train
1150,1,train
1152,1,train
1153,1,train
1155,1,train
1156,1,train
1157,1,train
1158,1,train
1159,1,train
1160,1,train
1161,1,train
1162,1,train
1163,1,train
1166,1,train
1167,1,train
1168,1,train
1169,1,train
1171,1,train
1172,1,train
1173,1,train
1175,1,train
1176,1,train
1177,1,train
1179,1,train
1180,1,train
1183,1,train
1184,1,train
1185,1,train
1186,1,train
1187,1,train
1188,1,train
1190,1,train
1192,1,train
1193,1,train
1196,1,train
1201,1,train
1203,1,train
1204,1,train
1205,1,train
1207,1,train
1208,1,train
1209,1,train
1210,1,train
1212,1,train
1213,1,train
1214,1,train
1215,1,train
1217,1,train
1218,1,train
1219,1,train
1223,1,train
1225,1,train
1226,1,train
1227,1,train
1228,1,train
1230,1,train
1231,1,train
1235,1,train
1236,1,train
1238,1,train
1239,1,train
1240,1,train
1241,1,train
1243,1,train
1244,1,train
1246,1,train
1248,1,train
1249,1,train
1250,1,train
1252,1,train
1253,1,train
1254,1,train
1255,1,train
1256,1,train
1257,1,train
1259,1,train
1260,1,train
1261,1,train
1263,1,train
1264,1,train
1266,1,train
1268,1,train
1269,1,train
1270,1,train
1273,1,train
1274,1,train
1276,1,train
1277,1,train
1281,1,train
1284,1,train
1287,1,train
1288,1,train
1290,1,train
1291,1,train
1292,1,train
1294,1,train
1295,1,train
1296,1,train
1297,1,train
1298,1,train
1300,1,train
1301,1,train
1303,1,train
1304,1,train
1307,1,train
1310,1,train
1311,1,train
1312,1,train
1314,1,train
1316,1,train
1317,1,train
1321,1,train
1322,1,train
1323,1,train
1324,1,train
1325,1,train
1768,1,train
1771,1,train
1773,1,train
1774,1,train
1775,1,train
1776,1,train
1777,1,train
1778,1,train
1779,1,train
1780,1,train
1781,1,train
1783,1,train
1784,1,train
1785,1,train
1787,1,train
1789,1,train
1791,1,train
1792,1,train
1793,1,train
1794,1,train
1797,1,train
1798,1,train
1799,1,train
1800,1,train
1801,1,train
1803,1,train
1804,1,train
1805,1,train
1808,1,train
1810,1,train
1812,1,train
1813,1,train
1817,1,train
1819,1,train
1821,1,train
1822,1,train
1823,1,train
1824,1,train
1825,1,train
1826,1,train
1827,1,train
1828,1,train
1830,1,train
1831,1,train
1832,1,train
1833,1,train
1834,1,train
1835,1,train
1836,1,train
1837,1,train
1838,1,train
1839,1,train
1840,1,train
1841,1,train
1842,1,train
1845,1,train
1846,1,train
1847,1,train
1848,1,train
1849,1,train
1850,1,train
1851,1,train
1852,1,train
1853,1,train
1854,1,train
1856,1,train
1857,1,train
1858,1,train
1859,1,train
1862,1,train
1863,1,train
1865,1,train
1866,1,train
1867,1,train
1868,1,train
1869,1,train
1870,1,train
1872,1,train
1874,1,train
1875,1,train
1876,1,train
1877,1,train
1878,1,train
1880,1,train
1881,1,train
1882,1,train
1883,1,train
1884,1,train
1885,1,train
1886,1,train
1887,1,train
1888,1,train
1889,1,train
1890,1,train
1891,1,train
1892,1,train
1893,1,train
1894,1,train
1895,1,train
1896,1,train
1897,1,train
1898,1,train
1899,1,train
1901,1,train
1903,1,train
1904,1,train
1905,1,train
1907,1,train
1909,1,train
1910,1,train
1911,1,train
1914,1,train
1916,1,train
1917,1,train
1922,1,train
1923,1,train
1924,1,train
1926,1,train
1927,1,train
1928,1,train
1929,1,train
1931,1,train
1933,1,train
1934,1,train
1935,1,train
1936,1,train
1938,1,train
1940,1,train
1941,1,train
1942,1,train
1943,1,train
1944,1,train
1945,1,train
1946,1,train
1951,1,train
1953,1,train
1954,1,train
1955,1,train
1956,1,train
1957,1,train
1958,1,train
1959,1,train
1961,1,train
1962,1,train
1963,1,train
1965,1,train
1966,1,train
1967,1,train
1968,1,train
1970,1,train
1971,1,train
1972,1,train
1973,1,train
1975,1,train
1976,1,train
1977,1,train
1979,1,train
1980,1,train
1982,1,train
1983,1,train
1984,1,train
1985,1,train
1986,1,train
1987,1,train
1990,1,train
1991,1,train
1992,1,train
1995,1,train
1999,1,train
2002,1,train
2003,1,train
2007,1,train
2008,1,train
2009,1,train
2010,1,train
2011,1,train
2012,1,train
2013,1,train
2014,1,train
2015,1,train
2017,1,train
2018,1,train
2019,1,train
2021,1,train
2023,1,train
2024,1,train
2025,1,train
2028,1,train
2030,1,train
2031,1,train
2032,1,train
2033,1,train
2036,1,train
2037,1,train
2038,1,train
2039,1,train
2040,1,train
2041,1,train
2042,1,train
2043,1,train
2044,1,train
2045,1,train
2048,1,train
2049,1,train
2051,1,train
2052,1,train
2053,1,train
2055,1,train
2056,1,train
2058,1,train
2059,1,train
2060,1,train
2061,1,train
2062,1,train
2064,1,train
2066,1,train
2067,1,train
2069,1,train
2070,1,train
2071,1,train
2073,1,train
2075,1,train
2076,1,train
2077,1,train
2078,1,train
2081,1,train
2082,1,train
2083,1,train
2084,1,train
2085,1,train
2086,1,train
2087,1,train
2088,1,train
2089,1,train
2090,1,train
2091,1,train
2092,1,train
2093,1,train
2095,1,train
2097,1,train
2098,1,train
2099,1,train
2100,1,train
2101,1,train
2103,1,train
2104,1,train
2106,1,train
2108,1,train
2109,1,train
2110,1,train
2111,1,train
2112,1,train
2113,1,train
2114,1,train
2115,1,train
2117,1,train
2118,1,train
2119,1,train
2121,1,train
2122,1,train
2124,1,train
2125,1,train
2126,1,train
2127,1,train
2130,1,train
2131,1,train
2133,1,train
2134,1,train
2135,1,train
2136,1,train
2138,1,train
2139,1,train
2140,1,train
2141,1,train
2142,1,train
2143,1,train
2144,1,train
2149,1,train
2151,1,train
2153,1,train
2155,1,train
2156,1,train
2157,1,train
2159,1,train
2161,1,train
2162,1,train
2164,1,train
2166,1,train
2168,1,train
2169,1,train
2171,1,train
2174,1,train
2177,1,train
2178,1,train
2179,1,train
2180,1,train
2181,1,train
2183,1,train
2184,1,train
2185,1,train
2187,1,train
2188,1,train
2189,1,train
2191,1,train
2192,1,train
2193,1,train
2194,1,train
2195,1,train
2196,1,train
2198,1,train
2200,1,train
2201,1,train
2205,1,train
2207,1,train
2208,1,train
2210,1,train
2211,1,train
2212,1,train
2213,1,train
2214,1,train
2216,1,train
2218,1,train
2219,1,train
2220,1,train
2221,1,train
2222,1,train
2223,1,train
2224,1,train
2225,1,train
2227,1,train
2228,1,train
2229,1,train
2230,1,train
2231,1,train
2233,1,train
2234,1,train
2237,1,train
2238,1,train
2239,1,train
2240,1,train
2242,1,train
2243,1,train
2244,1,train
2245,1,train
2246,1,train
2248,1,train
2249,1,train
2250,1,train
2251,1,train
2252,1,train
2253,1,train
2254,1,train
2255,1,train
2256,1,train
2257,1,train
2258,1,train
2259,1,train
2260,1,train
2261,1,train
2262,1,train
2263,1,train
2264,1,train
2267,1,train
2268,1,train
2269,1,train
2270,1,train
2271,1,train
2272,1,train
2273,1,train
2277,1,train
2278,1,train
2279,1,train
2281,1,train
2283,1,train
2284,1,train
2285,1,train
2286,1,train
2287,1,train
2288,1,train
2290,1,train
2291,1,train
2292,1,train
2294,1,train
2295,1,train
2296,1,train
2298,1,train
2299,1,train
2300,1,train
2301,1,train
2302,1,train
2303,1,train
2304,1,train
2306,1,train
2307,1,train
2308,1,train
2309,1,train
2310,1,train
2311,1,train
2312,1,train
2313,1,train
2316,1,train
2318,1,train
2320,1,train
2321,1,train
2324,1,train
2325,1,train
2326,1,train
2327,1,train
2329,1,train
2330,1,train
2331,1,train
2332,1,train
2334,1,train
2335,1,train
2336,1,train
2337,1,train
2338,1,train
2341,1,train
2342,1,train
2343,1,train
2345,1,train
2346,1,train
2347,1,train
2349,1,train
2352,1,train
2353,1,train
2354,1,train
2355,1,train
2356,1,train
2357,1,train
2358,1,train
2359,1,train
2360,1,train
2361,1,train
2362,1,train
2363,1,train
2365,1,train
2367,1,train
2368,1,train
2369,1,train
2370,1,train
2372,1,train
2373,1,train
2374,1,train
2375,1,train
2376,1,train
2378,1,train
2379,1,train
2380,1,train
2381,1,train
2383,1,train
2384,1,train
2385,1,train
2386,1,train
2387,1,train
2388,1,train
2389,1,train
2390,1,train
2391,1,train
2392,1,train
2393,1,train
2396,1,train
2397,1,train
2399,1,train
2400,1,train
2401,1,train
2402,1,train
2403,1,train
2405,1,train
2407,1,train
2408,1,train
2410,1,train
2411,1,train
2412,1,train
2414,1,train
2417,1,train
2418,1,train
2419,1,train
2420,1,train
2421,1,train
2422,1,train
2423,1,train
2424,1,train
2425,1,train
2426,1,train
2427,1,train
2428,1,train
2429,1,train
2430,1,train
2431,1,train
2432,1,train
2433,1,train
2434,1,train
2435,1,train
2436,1,train
2437,1,train
2438,1,train
2439,1,train
2440,1,train
2442,1,train
2443,1,train
2444,1,train
2445,1,train
2446,1,train
2448,1,train
2449,1,train
2451,1,train
2453,1,train
2454,1,train
2455,1,train
2456,1,train
2458,1,train
2459,1,train
2460,1,train
2461,1,train
2463,1,train
2464,1,train
2465,1,train
2466,1,train
2467,1,train
2470,1,train
2471,1,train
2473,1,train
2475,1,train
2476,1,train
2479,1,train
2482,1,train
2485,1,train
2486,1,train
2488,1,train
2489,1,train
2491,1,train
2494,1,train
2495,1,train
2496,1,train
2497,1,train
2502,1,train
2503,1,train
2504,1,train
2507,1,train
2508,1,train
2511,1,train
2512,1,train
2514,1,train
2515,1,train
2517,1,train
2518,1,train
2519,1,train
2521,1,train
2522,1,train
2523,1,train
2525,1,train
2526,1,train
2528,1,train
2529,1,train
2530,1,train
2532,1,train
2535,1,train
2536,1,train
2537,1,train
2538,1,train
2539,1,train
2540,1,train
2541,1,train
2542,1,train
2544,1,train
2545,1,train
2546,1,train
2549,1,train
2550,1,train
2551,1,train
2552,1,train
2553,1,train
2554,1,train
2555,1,train
2556,1,train
2558,1,train
2560,1,train
2561,1,train
2562,1,train
2563,1,train
2564,1,train
2565,1,train
2566,1,train
2567,1,train
2570,1,train
2571,1,train
2573,1,train
2574,1,train
2577,1,train
2578,1,train
2580,1,train
2581,1,train
2582,1,train
2583,1,train
2584,1,train
2585,1,train
2586,1,train
2587,1,train
2588,1,train
2589,1,train
2590,1,train
2591,1,train
2593,1,train
2597,1,train
2598,1,train
2600,1,train
2601,1,train
2602,1,train
2603,1,train
2604,1,train
2605,1,train
2606,1,train
2608,1,train
2609,1,train
2612,1,train
2613,1,train
2614,1,train
2616,1,train
2617,1,train
2618,1,train
2620,1,train
2621,1,train
2622,1,train
2623,1,train
2625,1,train
2626,1,train
2627,1,train
2628,1,train
2630,1,train
2631,1,train
2632,1,train
2633,1,train
2634,1,train
2635,1,train
2636,1,train
2637,1,train
2638,1,train
2639,1,train
2640,1,train
2641,1,train
2642,1,train
2643,1,train
2644,1,train
2645,1,train
2647,1,train
2648,1,train
2649,1,train
2650,1,train
2651,1,train
4863,1,train
4864,1,train
4865,1,train
4866,1,train
4867,1,train
4868,1,train
4869,1,train
4871,1,train
4872,1,train
4873,1,train
4875,1,train
4876,1,train
4877,1,train
4878,1,train
4879,1,train
4881,1,train
4884,1,train
4885,1,train
4889,1,train
4891,1,train
4892,1,train
4893,1,train
4894,1,train
4895,1,train
4897,1,train
4898,1,train
4899,1,train
4901,1,train
4902,1,train
4904,1,train
4905,1,train
4906,1,train
4907,1,train
4908,1,train
4909,1,train
4910,1,train
4912,1,train
4913,1,train
4914,1,train
4915,1,train
4916,1,train
4917,1,train
4918,1,train
4920,1,train
4925,1,train
4929,1,train
4930,1,train
4931,1,train
4932,1,train
4933,1,train
4934,1,train
4935,1,train
4938,1,train
4939,1,train
4940,1,train
4941,1,train
4942,1,train
4944,1,train
4945,1,train
4946,1,train
4948,1,train
4949,1,train
4950,1,train
4951,1,train
4953,1,train
4954,1,train
4957,1,train
4958,1,train
4959,1,train
4960,1,train
4962,1,train
4963,1,train
4964,1,train
4965,1,train
4967,1,train
4968,1,train
4969,1,train
4970,1,train
4971,1,train
4972,1,train
4973,1,train
4974,1,train
4975,1,train
4977,1,train
4978,1,train
4979,1,train
4981,1,train
4982,1,train
4984,1,train
4985,1,train
4986,1,train
4987,1,train
4988,1,train
4989,1,train
4991,1,train
4992,1,train
4993,1,train
4995,1,train
4997,1,train
4998,1,train
4999,1,train
5001,1,train
5002,1,train
5003,1,train
5004,1,train
5007,1,train
5009,1,train
5010,1,train
5011,1,train
5012,1,train
5014,1,train
5017,1,train
5018,1,train
5019,1,train
5020,1,train
5021,1,train
5022,1,train
5024,1,train
5027,1,train
5030,1,train
5032,1,train
5033,1,train
5034,1,train
5036,1,train
5037,1,train
5041,1,train
5042,1,train
5044,1,train
5045,1,train
5049,1,train
5050,1,train
5053,1,train
5054,1,train
5055,1,train
5056,1,train
5057,1,train
5058,1,train
5059,1,train
5060,1,train
5061,1,train
5062,1,train
5063,1,train
5065,1,train
5066,1,train
5068,1,train
5070,1,train
5071,1,train
5072,1,train
5073,1,train
5074,1,train
5076,1,train
5077,1,train
5078,1,train
5079,1,train
5081,1,train
5083,1,train
5084,1,train
5085,1,train
5086,1,train
5087,1,train
5088,1,train
5090,1,train
5092,1,train
5093,1,train
5094,1,train
5096,1,train
5097,1,train
5099,1,train
5101,1,train
5102,1,train
5103,1,train
5105,1,train
5106,1,train
5107,1,train
5108,1,train
5110,1,train
5111,1,train
5112,1,train
5113,1,train
5114,1,train
5115,1,train
5116,1,train
5118,1,train
5120,1,train
5121,1,train
5122,1,train
5126,1,train
5127,1,train
5128,1,train
5129,1,train
5131,1,train
5133,1,train
5135,1,train
5136,1,train
5137,1,train
5139,1,train
5140,1,train
5141,1,train
5143,1,train
5145,1,train
5146,1,train
5148,1,train
5149,1,train
5150,1,train
5151,1,train
5152,1,train
5157,1,train
5159,1,train
5160,1,train
5161,1,train
5164,1,train
5165,1,train
5166,1,train
5167,1,train
5169,1,train
5170,1,train
5171,1,train
5173,1,train
5174,1,train
5178,1,train
5181,1,train
5184,1,train
5185,1,train
5186,1,train
5190,1,train
5191,1,train
5192,1,train
5193,1,train
5194,1,train
5195,1,train
5196,1,train
5197,1,train
5198,1,train
5199,1,train
5200,1,train
5202,1,train
5203,1,train
5204,1,train
5206,1,train
5208,1,train
5209,1,train
5210,1,train
5214,1,train
5217,1,train
5219,1,train
5220,1,train
5221,1,train
5224,1,train
5226,1,train
5233,1,train
5234,1,train
5235,1,train
5241,1,train
5242,1,train
5243,1,train
5246,1,train
5247,1,train
5248,1,train
5250,1,train
5251,1,train
5252,1,train
5253,1,train
5254,1,train
5256,1,train
5258,1,train
5260,1,train
5261,1,train
5262,1,train
5263,1,train
5264,1,train
5265,1,train
5266,1,train
5267,1,train
5269,1,train
5270,1,train
5273,1,train
5274,1,train
5275,1,train
5276,1,train
5277,1,train
5278,1,train
5280,1,train
5282,1,train
5284,1,train
5285,1,train
5286,1,train
5287,1,train
5288,1,train
5289,1,train
5290,1,train
5291,1,train
5292,1,train
5294,1,train
5296,1,train
5300,1,train
5301,1,train
5303,1,train
5304,1,train
5305,1,train
5306,1,train
5307,1,train
5308,1,train
5310,1,train
5312,1,train
5313,1,train
5314,1,train
5315,1,train
5316,1,train
5317,1,train
5318,1,train
5319,1,train
5320,1,train
5321,1,train
5325,1,train
5327,1,train
5329,1,train
5330,1,train
5331,1,train
5332,1,train
5333,1,train
5334,1,train
5335,1,train
5336,1,train
5337,1,train
5339,1,train
5340,1,train
5341,1,train
5342,1,train
5343,1,train
5344,1,train
5345,1,train
5347,1,train
5348,1,train
5349,1,train
5350,1,train
5351,1,train
5352,1,train
5356,1,train
5357,1,train
5360,1,train
5362,1,train
5365,1,train
5366,1,train
5368,1,train
5370,1,train
5374,1,train
5375,1,train
5377,1,train
5378,1,train
5379,1,train
5380,1,train
5385,1,train
5389,1,train
5392,1,train
5393,1,train
5394,1,train
5395,1,train
5396,1,train
5398,1,train
5399,1,train
5401,1,train
5402,1,train
5403,1,train
5406,1,train
5407,1,train
5408,1,train
5409,1,train
5410,1,train
5411,1,train
5412,1,train
5413,1,train
5414,1,train
5416,1,train
5418,1,train
5420,1,train
5421,1,train
5424,1,train
5425,1,train
5426,1,train
5428,1,train
5430,1,train
5431,1,train
5432,1,train
5435,1,train
5436,1,train
5437,1,train
5439,1,train
5440,1,train
5441,1,train
5443,1,train
5444,1,train
5445,1,train
5446,1,train
5447,1,train
5449,1,train
5450,1,train
5451,1,train
5452,1,train
5453,1,train
5454,1,train
5461,1,train
5462,1,train
5465,1,train
5466,1,train
5467,1,train
5468,1,train
5470,1,train
5471,1,train
5472,1,train
5473,1,train
5474,1,train
5475,1,train
5476,1,train
5477,1,train
5478,1,train
5482,1,train
5483,1,train
5485,1,train
5486,1,train
5487,1,train
5489,1,train
5490,1,train
5492,1,train
5494,1,train
5495,1,train
5496,1,train
5499,1,train
5501,1,train
5502,1,train
5503,1,train
5504,1,train
5505,1,train
5507,1,train
5508,1,train
5509,1,train
5510,1,train
5511,1,train
5512,1,train
5513,1,train
5514,1,train
5516,1,train
5517,1,train
5518,1,train
5519,1,train
5521,1,train
5523,1,train
5524,1,train
5525,1,train
5526,1,train
5527,1,train
5528,1,train
5530,1,train
5531,1,train
5532,1,train
5533,1,train
5534,1,train
5535,1,train
5536,1,train
5537,1,train
5538,1,train
5539,1,train
5540,1,train
5542,1,train
5545,1,train
5546,1,train
5548,1,train
5550,1,train
5551,1,train
5553,1,train
5555,1,train
5556,1,train
5557,1,train
5558,1,train
5559,1,train
5560,1,train
5561,1,train
5564,1,train
5565,1,train
5566,1,train
5567,1,train
5569,1,train
5572,1,train
5573,1,train
5574,1,train
5575,1,train
5576,1,train
5577,1,train
5578,1,train
5579,1,train
5580,1,train
5581,1,train
5583,1,train
5584,1,train
5586,1,train
5591,1,train
5592,1,train
5593,1,train
5594,1,train
5595,1,train
5596,1,train
5597,1,train
5599,1,train
5601,1,train
5602,1,train
5606,1,train
5608,1,train
5609,1,train
5610,1,train
5611,1,train
5613,1,train
5614,1,train
5615,1,train
5616,1,train
5617,1,train
5618,1,train
5619,1,train
5621,1,train
5622,1,train
5625,1,train
5626,1,train
5627,1,train
5628,1,train
5629,1,train
5636,1,train
5638,1,train
5639,1,train
5642,1,train
5644,1,train
5645,1,train
5646,1,train
5647,1,train
5648,1,train
5650,1,train
5651,1,train
5653,1,train
5654,1,train
5655,1,train
5656,1,train
5657,1,train
5658,1,train
5662,1,train
5666,1,train
5667,1,train
5668,1,train
5670,1,train
5672,1,train
5674,1,train
5675,1,train
5676,1,train
5678,1,train
5679,1,train
5680,1,train
5682,1,train
5683,1,train
5684,1,train
5685,1,train
5686,1,train
5687,1,train
5689,1,train
5690,1,train
5691,1,train
5692,1,train
5693,1,train
5694,1,train
5698,1,train
5699,1,train
5700,1,train
5701,1,train
5702,1,train
5704,1,train
5705,1,train
5706,1,train
5709,1,train
5710,1,train
5714,1,train
5715,1,train
5716,1,train
5718,1,train
5721,1,train
5722,1,train
5723,1,train
5726,1,train
5727,1,train
5729,1,train
5730,1,train
5731,1,train
5732,1,train
5733,1,train
5734,1,train
5735,1,train
5736,1,train
5737,1,train
5738,1,train
5739,1,train
5740,1,train
5743,1,train
5745,1,train
12818,1,train
12819,1,train
12820,1,train
12821,1,train
12823,1,train
12825,1,train
12826,1,train
12828,1,train
12829,1,train
12833,1,train
12834,1,train
12835,1,train
12838,1,train
12839,1,train
12840,1,train
12841,1,train
12842,1,train
12846,1,train
12847,1,train
12849,1,train
12850,1,train
12851,1,train
12853,1,train
12854,1,train
12855,1,train
12858,1,train
12859,1,train
12860,1,train
12861,1,train
12862,1,train
12864,1,train
12865,1,train
12866,1,train
12868,1,train
12869,1,train
12870,1,train
12871,1,train
12873,1,train
12875,1,train
12876,1,train
12877,1,train
12878,1,train
12879,1,train
12881,1,train
12882,1,train
12883,1,train
12884,1,train
12885,1,train
12886,1,train
12887,1,train
12888,1,train
12890,1,train
12891,1,train
12892,1,train
12895,1,train
12896,1,train
12897,1,train
12898,1,train
12899,1,train
12902,1,train
12903,1,train
12904,1,train
12905,1,train
12906,1,train
12907,1,train
12908,1,train
12909,1,train
12910,1,train
12911,1,train
12913,1,train
12914,1,train
12915,1,train
12917,1,train
12919,1,train
12920,1,train
12921,1,train
12922,1,train
12923,1,train
12924,1,train
12925,1,train
12926,1,train
12927,1,train
12928,1,train
12929,1,train
12930,1,train
12931,1,train
12932,1,train
12933,1,train
12934,1,train
12935,1,train
12936,1,train
12938,1,train
12939,1,train
12940,1,train
12941,1,train
12942,1,train
12943,1,train
12945,1,train
12946,1,train
12947,1,train
12948,1,train
12949,1,train
12950,1,train
12953,1,train
12954,1,train
12955,1,train
12956,1,train
12957,1,train
12958,1,train
12959,1,train
12960,1,train
12961,1,train
12962,1,train
12963,1,train
12964,1,train
12965,1,train
12966,1,train
12967,1,train
12968,1,train
12969,1,train
12970,1,train
12971,1,train
12972,1,train
12973,1,train
12974,1,train
12975,1,train
12976,1,train
12978,1,train
12979,1,train
12981,1,train
12982,1,train
12984,1,train
12985,1,train
12987,1,train
12988,1,train
12989,1,train
12990,1,train
12992,1,train
12993,1,train
12994,1,train
12995,1,train
12996,1,train
12997,1,train
13001,1,train
13002,1,train
13003,1,train
13006,1,train
13007,1,train
13008,1,train
13009,1,train
13010,1,train
13012,1,train
13013,1,train
13015,1,train
13016,1,train
13017,1,train
13019,1,train
13020,1,train
13021,1,train
13023,1,train
13025,1,train
13026,1,train
13027,1,train
13029,1,train
13031,1,train
13032,1,train
13034,1,train
13035,1,train
13036,1,train
13037,1,train
13038,1,train
13039,1,train
13040,1,train
13041,1,train
13042,1,train
13044,1,train
13045,1,train
13046,1,train
13047,1,train
13048,1,train
13049,1,train
13052,1,train
13054,1,train
13055,1,train
13056,1,train
13058,1,train
13059,1,train
13060,1,train
13062,1,train
13063,1,train
13064,1,train
13065,1,train
13066,1,train
13068,1,train
13069,1,train
13070,1,train
13071,1,train
13073,1,train
13074,1,train
13075,1,train
13076,1,train
13077,1,train
13080,1,train
13082,1,train
13084,1,train
13085,1,train
13086,1,train
13088,1,train
13090,1,train
13091,1,train
13092,1,train
13093,1,train
13094,1,train
13096,1,train
13097,1,train
13098,1,train
13099,1,train
13100,1,train
13101,1,train
13102,1,train
13104,1,train
13106,1,train
13107,1,train
13112,1,train
13114,1,train
13115,1,train
13116,1,train
13117,1,train
13119,1,train
13121,1,train
13122,1,train
13123,1,train
13124,1,train
13125,1,train
13127,1,train
13128,1,train
13129,1,train
13130,1,train
13131,1,train
13136,1,train
13137,1,train
13138,1,train
13139,1,train
13140,1,train
13141,1,train
13142,1,train
13143,1,train
13144,1,train
13146,1,train
13147,1,train
13149,1,train
13150,1,train
13152,1,train
13153,1,train
13154,1,train
13155,1,train
13156,1,train
13157,1,train
13159,1,train
13161,1,train
13162,1,train
13163,1,train
13166,1,train
13167,1,train
13168,1,train
13169,1,train
13170,1,train
13171,1,train
13172,1,train
13173,1,train
13174,1,train
13176,1,train
13177,1,train
13178,1,train
13179,1,train
13180,1,train
13181,1,train
13182,1,train
13183,1,train
13186,1,train
13188,1,train
13189,1,train
13190,1,train
13193,1,train
13194,1,train
13195,1,train
13196,1,train
13197,1,train
13202,1,train
13203,1,train
13204,1,train
13205,1,train
13206,1,train
13207,1,train
13208,1,train
13209,1,train
13210,1,train
13212,1,train
13213,1,train
13214,1,train
13217,1,train
13220,1,train
13221,1,train
13224,1,train
13225,1,train
13227,1,train
13228,1,train
13229,1,train
13230,1,train
13231,1,train
13232,1,train
13235,1,train
13237,1,train
13238,1,train
13239,1,train
13240,1,train
13242,1,train
13244,1,train
13248,1,train
13249,1,train
13250,1,train
13251,1,train
13252,1,train
13253,1,train
13254,1,train
13255,1,train
13257,1,train
13258,1,train
13259,1,train
16355,1,train
16356,1,train
16357,1,train
16359,1,train
16361,1,train
16362,1,train
16366,1,train
16368,1,train
16369,1,train
16370,1,train
16371,1,train
16373,1,train
16374,1,train
16376,1,train
16377,1,train
16378,1,train
16381,1,train
16383,1,train
16384,1,train
16385,1,train
16386,1,train
16387,1,train
16388,1,train
16389,1,train
16390,1,train
16392,1,train
16393,1,train
16395,1,train
16396,1,train
16399,1,train
16402,1,train
16404,1,train
16405,1,train
16406,1,train
16410,1,train
16413,1,train
16414,1,train
16416,1,train
16417,1,train
16418,1,train
16419,1,train
16420,1,train
16422,1,train
16424,1,train
16425,1,train
16426,1,train
16427,1,train
16428,1,train
16429,1,train
16430,1,train
16431,1,train
16432,1,train
16434,1,train
16435,1,train
16436,1,train
16437,1,train
16439,1,train
16441,1,train
16442,1,train
16443,1,train
16444,1,train
16445,1,train
16446,1,train
16447,1,train
16449,1,train
16450,1,train
16451,1,train
16452,1,train
16453,1,train
16454,1,train
16455,1,train
16458,1,train
16459,1,train
16460,1,train
16462,1,train
16463,1,train
16464,1,train
16466,1,train
16467,1,train
16468,1,train
16469,1,train
16470,1,train
16471,1,train
16472,1,train
16473,1,train
16475,1,train
16476,1,train
16477,1,train
16478,1,train
16480,1,train
16481,1,train
16482,1,train
16486,1,train
16487,1,train
16488,1,train
16489,1,train
16490,1,train
16491,1,train
16493,1,train
16495,1,train
16496,1,train
16497,1,train
16498,1,train
16502,1,train
16503,1,train
16504,1,train
16505,1,train
16506,1,train
16507,1,train
16508,1,train
16510,1,train
16512,1,train
16513,1,train
16514,1,train
16516,1,train
16518,1,train
16519,1,train
16520,1,train
16521,1,train
16522,1,train
16524,1,train
16526,1,train
16527,1,train
16529,1,train
16530,1,train
16533,1,train
16534,1,train
16536,1,train
16537,1,train
16538,1,train
16539,1,train
16540,1,train
16541,1,train
16542,1,train
16543,1,train
16544,1,train
16545,1,train
16546,1,train
16548,1,train
16549,1,train
16552,1,train
16554,1,train
16555,1,train
16556,1,train
16558,1,train
16559,1,train
16560,1,train
16561,1,train
16562,1,train
16563,1,train
16564,1,train
16566,1,train
16567,1,train
16569,1,train
16571,1,train
16572,1,train
16573,1,train
16574,1,train
16576,1,train
16577,1,train
16578,1,train
16580,1,train
16581,1,train
16582,1,train
16583,1,train
16584,1,train
16587,1,train
16588,1,train
16589,1,train
16591,1,train
16593,1,train
16594,1,train
16595,1,train
16597,1,train
16598,1,train
16600,1,train
16601,1,train
16602,1,train
16605,1,train
16606,1,train
16608,1,train
16609,1,train
16610,1,train
16611,1,train
16612,1,train
16613,1,train
16615,1,train
16616,1,train
16617,1,train
16618,1,train
16619,1,train
16620,1,train
16623,1,train
16624,1,train
16625,1,train
16628,1,train
16632,1,train
16634,1,train
16636,1,train
16637,1,train
16638,1,train
16639,1,train
16641,1,train
16642,1,train
16643,1,train
16644,1,train
16645,1,train
16646,1,train
16649,1,train
16653,1,train
16654,1,train
16655,1,train
16658,1,train
16659,1,train
16660,1,train
16661,1,train
16662,1,train
16663,1,train
16664,1,train
16665,1,train
16667,1,train
16668,1,train
16669,1,train
16670,1,train
16671,1,train
16672,1,train
16673,1,train
16674,1,train
16676,1,train
16677,1,train
16679,1,train
16680,1,train
16681,1,train
16682,1,train
16688,1,train
16689,1,train
16691,1,train
16692,1,train
16693,1,train
16695,1,train
16699,1,train
16700,1,train
16702,1,train
16704,1,train
16705,1,train
16707,1,train
16710,1,train
16711,1,train
16712,1,train
16714,1,train
16715,1,train
16716,1,train
16718,1,train
16721,1,train
16722,1,train
16724,1,train
16725,1,train
16726,1,train
16727,1,train
16729,1,train
16731,1,train
16732,1,train
16734,1,train
16735,1,train
16736,1,train
16737,1,train
16738,1,train
16739,1,train
16741,1,train
16742,1,train
16743,1,train
16744,1,train
16746,1,train
16747,1,train
16750,1,train
16753,1,train
16755,1,train
16756,1,train
16757,1,train
16758,1,train
16759,1,train
16761,1,train
16762,1,train
16763,1,train
16764,1,train
16765,1,train
16767,1,train
16768,1,train
16769,1,train
16770,1,train
16773,1,train
16774,1,train
16776,1,train
16778,1,train
16779,1,train
16780,1,train
16782,1,train
16784,1,train
16785,1,train
16786,1,train
16787,1,train
16789,1,train
16790,1,train
16791,1,train
16792,1,train
16794,1,train
23426,1,train
23428,1,train
23429,1,train
23430,1,train
23432,1,train
23434,1,train
23436,1,train
23437,1,train
23440,1,train
23441,1,train
23442,1,train
23443,1,train
23444,1,train
23445,1,train
23446,1,train
23447,1,train
23448,1,train
23449,1,train
23450,1,train
23451,1,train
23453,1,train
23454,1,train
23455,1,train
23457,1,train
23458,1,train
23459,1,train
23460,1,train
23461,1,train
23462,1,train
23464,1,train
23466,1,train
23467,1,train
23468,1,train
23469,1,train
23471,1,train
23472,1,train
23475,1,train
23476,1,train
23477,1,train
23479,1,train
23480,1,train
23481,1,train
23483,1,train
23484,1,train
23485,1,train
23486,1,train
23488,1,train
23489,1,train
23490,1,train
23491,1,train
23492,1,train
23493,1,train
23494,1,train
23497,1,train
23499,1,train
23500,1,train
23501,1,train
23502,1,train
23503,1,train
23505,1,train
23506,1,train
23507,1,train
23509,1,train
23516,1,train
23518,1,train
23519,1,train
23521,1,train
23522,1,train
23524,1,train
23525,1,train
23526,1,train
23527,1,train
23529,1,train
23531,1,train
23532,1,train
23533,1,train
23534,1,train
23536,1,train
23537,1,train
23538,1,train
23539,1,train
23540,1,train
23541,1,train
23542,1,train
23543,1,train
23544,1,train
23545,1,train
23547,1,train
23548,1,train
23549,1,train
23551,1,train
23553,1,train
23554,1,train
23555,1,train
23557,1,train
23558,1,train
23559,1,train
23560,1,train
23561,1,train
23563,1,train
23564,1,train
23565,1,train
23566,1,train
23568,1,train
23570,1,train
23571,1,train
23572,1,train
23573,1,train
23574,1,train
23575,1,train
23577,1,train
23578,1,train
23579,1,train
23580,1,train
23581,1,train
23582,1,train
23584,1,train
23585,1,train
23586,1,train
23587,1,train
23588,1,train
23592,1,train
23596,1,train
23598,1,train
23600,1,train
23602,1,train
23603,1,train
23604,1,train
23605,1,train
23606,1,train
23608,1,train
23609,1,train
23610,1,train
23611,1,train
23612,1,train
23613,1,train
23616,1,train
23617,1,train
23618,1,train
23619,1,train
23620,1,train
23624,1,train
23625,1,train
23626,1,train
23627,1,train
23628,1,train
23629,1,train
23630,1,train
23631,1,train
23632,1,train
23633,1,train
23635,1,train
23636,1,train
23638,1,train
23639,1,train
23640,1,train
23641,1,train
23643,1,train
23645,1,train
23646,1,train
23647,1,train
23649,1,train
23651,1,train
23652,1,train
23653,1,train
23654,1,train
23655,1,train
23658,1,train
23660,1,train
23661,1,train
23662,1,train
23663,1,train
23664,1,train
23665,1,train
23669,1,train
23670,1,train
23671,1,train
23672,1,train
23673,1,train
23675,1,train
23676,1,train
23677,1,train
23679,1,train
23683,1,train
23684,1,train
23685,1,train
23686,1,train
23687,1,train
23688,1,train
23690,1,train
23691,1,train
23692,1,train
23693,1,train
23694,1,train
23695,1,train
23696,1,train
23699,1,train
23700,1,train
23701,1,train
23702,1,train
23705,1,train
23707,1,train
23708,1,train
23709,1,train
23710,1,train
23711,1,train
23712,1,train
23713,1,train
23714,1,train
23715,1,train
23716,1,train
23717,1,train
23720,1,train
23722,1,train
23725,1,train
23728,1,train
23729,1,train
23731,1,train
23732,1,train
23734,1,train
23736,1,train
23738,1,train
23740,1,train
23741,1,train
23743,1,train
23744,1,train
23746,1,train
23747,1,train
23749,1,train
23750,1,train
23751,1,train
23754,1,train
23758,1,train
23760,1,train
23761,1,train
23765,1,train
23766,1,train
23769,1,train
23770,1,train
23771,1,train
23774,1,train
23775,1,train
23776,1,train
23777,1,train
23778,1,train
23779,1,train
23782,1,train
23783,1,train
23784,1,train
23791,1,train
23794,1,train
23795,1,train
23796,1,train
23797,1,train
23799,1,train
23801,1,train
23803,1,train
23804,1,train
23806,1,train
23807,1,train
23808,1,train
23809,1,train
23810,1,train
23812,1,train
23813,1,train
23817,1,train
23819,1,train
23820,1,train
23823,1,train
23824,1,train
23826,1,train
23827,1,train
23828,1,train
23829,1,train
23830,1,train
23831,1,train
23832,1,train
23833,1,train
23834,1,train
23837,1,train
23839,1,train
23840,1,train
23842,1,train
23843,1,train
23846,1,train
23848,1,train
23849,1,train
23850,1,train
23851,1,train
23854,1,train
23855,1,train
23856,1,train
23859,1,train
23860,1,train
23862,1,train
23864,1,train
23865,1,train
23866,1,train
23867,1,train
25194,1,train
25197,1,train
25198,1,train
25200,1,train
25201,1,train
25202,1,train
25203,1,train
25204,1,train
25205,1,train
25206,1,train
25207,1,train
25210,1,train
25213,1,train
25215,1,train
25216,1,train
25217,1,train
25219,1,train
25220,1,train
25222,1,train
25226,1,train
25227,1,train
25228,1,train
25229,1,train
25230,1,train
25231,1,train
25232,1,train
25233,1,train
25234,1,train
25235,1,train
25237,1,train
25238,1,train
25239,1,train
25240,1,train
25242,1,train
25244,1,train
25246,1,train
25247,1,train
25248,1,train
25250,1,train
25251,1,train
25252,1,train
25253,1,train
25254,1,train
25257,1,train
25258,1,train
25259,1,train
25260,1,train
25261,1,train
25263,1,train
25266,1,train
25269,1,train
25270,1,train
25271,1,train
25274,1,train
25275,1,train
25278,1,train
25279,1,train
25281,1,train
25282,1,train
25283,1,train
25284,1,train
25285,1,train
25287,1,train
25288,1,train
25290,1,train
25293,1,train
25295,1,train
25296,1,train
25297,1,train
25300,1,train
25302,1,train
25303,1,train
25305,1,train
25307,1,train
25308,1,train
25310,1,train
25312,1,train
25313,1,train
25316,1,train
25317,1,train
25318,1,train
25319,1,train
25320,1,train
25321,1,train
25322,1,train
25323,1,train
25324,1,train
25327,1,train
25328,1,train
25329,1,train
25330,1,train
25333,1,train
25334,1,train
25335,1,train
25338,1,train
25340,1,train
25341,1,train
25342,1,train
25346,1,train
25347,1,train
25348,1,train
25349,1,train
25352,1,train
25356,1,train
25358,1,train
25359,1,train
25360,1,train
25362,1,train
25364,1,train
25365,1,train
25366,1,train
25367,1,train
25368,1,train
25369,1,train
25370,1,train
25371,1,train
25373,1,train
25375,1,train
25376,1,train
25377,1,train
25380,1,train
25381,1,train
25382,1,train
25383,1,train
25384,1,train
25385,1,train
25386,1,train
25387,1,train
25389,1,train
25390,1,train
25391,1,train
25393,1,train
25394,1,train
25395,1,train
25396,1,train
25398,1,train
25399,1,train
25400,1,train
25401,1,train
25402,1,train
25404,1,train
25405,1,train
25406,1,train
25408,1,train
25409,1,train
25410,1,train
25411,1,train
25413,1,train
25414,1,train
25417,1,train
25418,1,train
25420,1,train
25421,1,train
25423,1,train
25424,1,train
25425,1,train
25426,1,train
25427,1,train
25428,1,train
25429,1,train
25431,1,train
25432,1,train
25433,1,train
25434,1,train
25436,1,train
25437,1,train
25438,1,train
25439,1,train
25440,1,train
25443,1,train
25444,1,train
25445,1,train
25446,1,train
25447,1,train
25448,1,train
25450,1,train
25451,1,train
25452,1,train
25453,1,train
25454,1,train
25456,1,train
25457,1,train
25458,1,train
25459,1,train
25462,1,train
25463,1,train
25464,1,train
25465,1,train
25467,1,train
25471,1,train
25472,1,train
25474,1,train
25477,1,train
25479,1,train
25481,1,train
25483,1,train
25485,1,train
25487,1,train
25489,1,train
25490,1,train
25491,1,train
25492,1,train
25493,1,train
25494,1,train
25497,1,train
25501,1,train
25502,1,train
25503,1,train
25507,1,train
25508,1,train
25512,1,train
25514,1,train
25515,1,train
25516,1,train
25517,1,train
25518,1,train
25519,1,train
25523,1,train
25524,1,train
25526,1,train
25527,1,train
25528,1,train
25529,1,train
25531,1,train
25532,1,train
25533,1,train
25535,1,train
25536,1,train
25537,1,train
25538,1,train
25540,1,train
25541,1,train
25542,1,train
25543,1,train
25544,1,train
25545,1,train
25546,1,train
25547,1,train
25548,1,train
25549,1,train
25550,1,train
25551,1,train
25554,1,train
25555,1,train
25556,1,train
25557,1,train
25558,1,train
25559,1,train
25560,1,train
25564,1,train
25565,1,train
25567,1,train
25570,1,train
25571,1,train
25573,1,train
25574,1,train
25575,1,train
25577,1,train
25578,1,train
25579,1,train
25580,1,train
25581,1,train
25583,1,train
25585,1,train
25587,1,train
25588,1,train
25589,1,train
25592,1,train
25593,1,train
25594,1,train
25595,1,train
25596,1,train
25597,1,train
25598,1,train
25599,1,train
25600,1,train
25601,1,train
25602,1,train
25603,1,train
25606,1,train
25609,1,train
25610,1,train
25611,1,train
25612,1,train
25613,1,train
25614,1,train
25616,1,train
25617,1,train
25621,1,train
25623,1,train
25624,1,train
25625,1,train
25626,1,train
25628,1,train
25629,1,train
25631,1,train
25633,1,train
25635,1,train
27846,1,train
27847,1,train
27850,1,train
27853,1,train
27854,1,train
27855,1,train
27856,1,train
27857,1,train
27858,1,train
27859,1,train
27860,1,train
27861,1,train
27862,1,train
27863,1,train
27864,1,train
27865,1,train
27868,1,train
27870,1,train
27871,1,train
27872,1,train
27873,1,train
27874,1,train
27875,1,train
27876,1,train
27879,1,train
27881,1,train
27885,1,train
27886,1,train
27888,1,train
27890,1,train
27892,1,train
27893,1,train
27895,1,train
27896,1,train
27898,1,train
27899,1,train
27900,1,train
27901,1,train
27902,1,train
27903,1,train
27904,1,train
27905,1,train
27906,1,train
27907,1,train
27909,1,train
27910,1,train
27911,1,train
27913,1,train
27914,1,train
27915,1,train
27917,1,train
27918,1,train
27919,1,train
27920,1,train
27921,1,train
27922,1,train
27923,1,train
27924,1,train
27925,1,train
27926,1,train
27927,1,train
27928,1,train
27929,1,train
27931,1,train
27932,1,train
27933,1,train
27934,1,train
27936,1,train
27938,1,train
27939,1,train
27940,1,train
27941,1,train
27944,1,train
27947,1,train
27949,1,train
27950,1,train
27953,1,train
27954,1,train
27955,1,train
27956,1,train
27957,1,train
27958,1,train
27961,1,train
27962,1,train
27963,1,train
27965,1,train
27966,1,train
27967,1,train
27968,1,train
27973,1,train
27975,1,train
27976,1,train
27979,1,train
27980,1,train
27982,1,train
27987,1,train
27988,1,train
27989,1,train
27990,1,train
27991,1,train
27992,1,train
27993,1,train
27994,1,train
27996,1,train
27997,1,train
27998,1,train
27999,1,train
28001,1,train
28003,1,train
28004,1,train
28005,1,train
28007,1,train
28008,1,train
28010,1,train
28011,1,train
28012,1,train
28013,1,train
28015,1,train
28016,1,train
28017,1,train
28019,1,train
28020,1,train
28022,1,train
28024,1,train
28025,1,train
28027,1,train
28028,1,train
28031,1,train
28034,1,train
28035,1,train
28037,1,train
28038,1,train
28040,1,train
28041,1,train
28043,1,train
28044,1,train
28045,1,train
28047,1,train
28048,1,train
28049,1,train
28050,1,train
28051,1,train
28052,1,train
28053,1,train
28054,1,train
28055,1,train
28056,1,train
28057,1,train
28058,1,train
28060,1,train
28061,1,train
28062,1,train
28063,1,train
28066,1,train
28067,1,train
28068,1,train
28069,1,train
28070,1,train
28071,1,train
28072,1,train
28074,1,train
28075,1,train
28076,1,train
28077,1,train
28081,1,train
28082,1,train
28089,1,train
28090,1,train
28091,1,train
28092,1,train
28093,1,train
28095,1,train
28096,1,train
28097,1,train
28098,1,train
28099,1,train
28100,1,train
28101,1,train
28102,1,train
28103,1,train
28104,1,train
28106,1,train
28107,1,train
28108,1,train
28110,1,train
28111,1,train
28113,1,train
28114,1,train
28115,1,train
28116,1,train
28118,1,train
28119,1,train
28120,1,train
28121,1,train
28122,1,train
28123,1,train
28124,1,train
28128,1,train
28129,1,train
28132,1,train
28133,1,train
28136,1,train
28138,1,train
28139,1,train
28141,1,train
28142,1,train
28143,1,train
28144,1,train
28146,1,train
28149,1,train
28152,1,train
28153,1,train
28154,1,train
28155,1,train
28156,1,train
28158,1,train
28159,1,train
28160,1,train
28161,1,train
28162,1,train
28163,1,train
28164,1,train
28165,1,train
28166,1,train
28168,1,train
28169,1,train
28170,1,train
28171,1,train
28172,1,train
28173,1,train
28175,1,train
28177,1,train
28178,1,train
28179,1,train
28181,1,train
28182,1,train
28185,1,train
28187,1,train
28188,1,train
28189,1,train
28190,1,train
28193,1,train
28195,1,train
28198,1,train
28199,1,train
28201,1,train
28202,1,train
28203,1,train
28204,1,train
28205,1,train
28206,1,train
28207,1,train
28208,1,train
28209,1,train
28211,1,train
28212,1,train
28213,1,train
28214,1,train
28216,1,train
28217,1,train
28218,1,train
28219,1,train
28223,1,train
28224,1,train
28225,1,train
28226,1,train
28227,1,train
28228,1,train
28229,1,train
28231,1,train
28232,1,train
28233,1,train
28235,1,train
28237,1,train
28239,1,train
28240,1,train
28241,1,train
28242,1,train
28244,1,train
28245,1,train
28247,1,train
28248,1,train
28249,1,train
28251,1,train
28252,1,train
28253,1,train
28257,1,train
28258,1,train
28259,1,train
28260,1,train
28262,1,train
28263,1,train
28264,1,train
28265,1,train
28266,1,train
28270,1,train
28271,1,train
28272,1,train
28273,1,train
28274,1,train
28275,1,train
28276,1,train
28277,1,train
28278,1,train
28281,1,train
28282,1,train
28283,1,train
28284,1,train
28285,1,train
28288,1,train
28289,1,train
28290,1,train
28294,1,train
28295,1,train
28297,1,train
28298,1,train
28299,1,train
28300,1,train
28301,1,train
28303,1,train
28304,1,train
28305,1,train
28307,1,train
28308,1,train
28309,1,train
28310,1,train
28312,1,train
28313,1,train
28315,1,train
28317,1,train
28318,1,train
28319,1,train
28320,1,train
28322,1,train
28324,1,train
28328,1,train
28329,1,train
28330,1,train
28332,1,train
28334,1,train
28335,1,train
28337,1,train
28339,1,train
28340,1,train
28341,1,train
28342,1,train
28343,1,train
28344,1,train
28345,1,train
28346,1,train
28348,1,train
28349,1,train
28350,1,train
28352,1,train
28353,1,train
28355,1,train
28356,1,train
28357,1,train
28358,1,train
28359,1,train
28362,1,train
28363,1,train
28364,1,train
28365,1,train
28366,1,train
28367,1,train
28368,1,train
28369,1,train
28370,1,train
28372,1,train
28373,1,train
28374,1,train
28375,1,train
28376,1,train
28377,1,train
28378,1,train
28379,1,train
28380,1,train
28381,1,train
28383,1,train
28384,1,train
28385,1,train
28386,1,train
28387,1,train
28389,1,train
28390,1,train
28391,1,train
28392,1,train
28393,1,train
28394,1,train
28395,1,train
28396,1,train
28397,1,train
28398,1,train
28399,1,train
28400,1,train
28401,1,train
28403,1,train
28404,1,train
28405,1,train
28406,1,train
28407,1,train
28408,1,train
28411,1,train
28412,1,train
28413,1,train
28414,1,train
28415,1,train
28416,1,train
28417,1,train
28418,1,train
28419,1,train
28423,1,train
28424,1,train
28425,1,train
28426,1,train
28428,1,train
28429,1,train
28431,1,train
28432,1,train
28436,1,train
28437,1,train
28438,1,train
28439,1,train
28440,1,train
28441,1,train
28442,1,train
28444,1,train
28447,1,train
28449,1,train
28450,1,train
28451,1,train
28452,1,train
28454,1,train
28455,1,train
28456,1,train
28457,1,train
28458,1,train
28459,1,train
28460,1,train
28461,1,train
28462,1,train
28463,1,train
28464,1,train
28465,1,train
28467,1,train
28468,1,train
28470,1,train
28471,1,train
28474,1,train
28476,1,train
28477,1,train
28478,1,train
28479,1,train
28480,1,train
28481,1,train
28482,1,train
28483,1,train
28484,1,train
28485,1,train
28486,1,train
28487,1,train
28488,1,train
28489,1,train
28490,1,train
28491,1,train
28493,1,train
28494,1,train
28495,1,train
28496,1,train
28497,1,train
28498,1,train
28499,1,train
28500,1,train
28501,1,train
28502,1,train
28503,1,train
28505,1,train
28506,1,train
28507,1,train
28509,1,train
28510,1,train
28511,1,train
28512,1,train
28513,1,train
28514,1,train
28515,1,train
28517,1,train
28518,1,train
28519,1,train
28521,1,train
28522,1,train
28525,1,train
28526,1,train
28527,1,train
28528,1,train
28529,1,train
28530,1,train
28531,1,train
28532,1,train
28533,1,train
28534,1,train
28536,1,train
28537,1,train
28538,1,train
28540,1,train
28542,1,train
28543,1,train
28544,1,train
28546,1,train
28550,1,train
28555,1,train
28556,1,train
28557,1,train
28558,1,train
28559,1,train
28561,1,train
28563,1,train
28565,1,train
28568,1,train
28570,1,train
28571,1,train
28572,1,train
28573,1,train
28574,1,train
28575,1,train
28577,1,train
28580,1,train
28581,1,train
28582,1,train
28583,1,train
28584,1,train
28585,1,train
28587,1,train
28588,1,train
28590,1,train
28591,1,train
28594,1,train
28597,1,train
28598,1,train
28599,1,train
28600,1,train
28602,1,train
28603,1,train
28604,1,train
28605,1,train
28606,1,train
28607,1,train
28608,1,train
28609,1,train
28610,1,train
28613,1,train
28614,1,train
28616,1,train
28617,1,train
28619,1,train
28620,1,train
28621,1,train
28622,1,train
28623,1,train
28624,1,train
28625,1,train
28626,1,train
28627,1,train
28628,1,train
28629,1,train
28634,1,train
28636,1,train
28639,1,train
28640,1,train
28641,1,train
28642,1,train
28643,1,train
28644,1,train
28645,1,train
28648,1,train
28650,1,train
28651,1,train
28652,1,train
28653,1,train
28655,1,train
28656,1,train
28657,1,train
28658,1,train
28661,1,train
28662,1,train
28663,1,train
28664,1,train
28665,1,train
28667,1,train
28669,1,train
28670,1,train
28671,1,train
28672,1,train
28674,1,train
28675,1,train
28676,1,train
28679,1,train
28680,1,train
28682,1,train
28683,1,train
28684,1,train
28686,1,train
28687,1,train
28689,1,train
28690,1,train
28691,1,train
28692,1,train
28693,1,train
28695,1,train
28696,1,train
28698,1,train
28701,1,train
28704,1,train
28706,1,train
28707,1,train
28708,1,train
28709,1,train
28710,1,train
28711,1,train
28713,1,train
28714,1,train
28715,1,train
28716,1,train
28717,1,train
28718,1,train
28719,1,train
28720,1,train
28721,1,train
28722,1,train
28723,1,train
28724,1,train
28725,1,train
28728,1,train
28730,1,train
28731,1,train
28732,1,train
28734,1,train
28736,1,train
28737,1,train
28738,1,train
28739,1,train
28740,1,train
28742,1,train
28743,1,train
28744,1,train
28745,1,train
28746,1,train
28748,1,train
28749,1,train
28750,1,train
28751,1,train
28752,1,train
28753,1,train
28754,1,train
28756,1,train
28758,1,train
28759,1,train
28760,1,train
28761,1,train
28763,1,train
28764,1,train
28766,1,train
28767,1,train
28768,1,train
28770,1,train
28772,1,train
28773,1,train
28774,1,train
28775,1,train
28776,1,train
28777,1,train
28778,1,train
28779,1,train
28780,1,train
28781,1,train
28782,1,train
28784,1,train
28785,1,train
28786,1,train
28788,1,train
28789,1,train
28791,1,train
28792,1,train
28794,1,train
28795,1,train
28797,1,train
28798,1,train
28800,1,train
28802,1,train
28803,1,train
28807,1,train
28809,1,train
28810,1,train
28811,1,train
28812,1,train
28814,1,train
28821,1,train
28822,1,train
28823,1,train
28825,1,train
28827,1,train
28828,1,train
28829,1,train
28833,1,train
28835,1,train
28836,1,train
28837,1,train
28839,1,train
28840,1,train
28841,1,train
28842,1,train
28843,1,train
28846,1,train
28849,1,train
28850,1,train
28856,1,train
28857,1,train
28858,1,train
28859,1,train
28860,1,train
28861,1,train
28862,1,train
28863,1,train
28865,1,train
28866,1,train
28868,1,train
28869,1,train
28870,1,train
28871,1,train
28874,1,train
28875,1,train
28876,1,train
28877,1,train
28879,1,train
28880,1,train
28881,1,train
28883,1,train
28887,1,train
28889,1,train
28890,1,train
28891,1,train
28892,1,train
28893,1,train
28895,1,train
28896,1,train
28897,1,train
28898,1,train
28899,1,train
28900,1,train
28901,1,train
28902,1,train
28903,1,train
28905,1,train
28911,1,train
28913,1,train
28914,1,train
28915,1,train
28916,1,train
28917,1,train
28918,1,train
28919,1,train
28920,1,train
28925,1,train
28926,1,train
28927,1,train
28929,1,train
28930,1,train
28932,1,train
28933,1,train
28935,1,train
28937,1,train
28939,1,train
28940,1,train
28942,1,train
28944,1,train
28945,1,train
28946,1,train
28947,1,train
28948,1,train
28950,1,train
28952,1,train
28953,1,train
28954,1,train
28955,1,train
28956,1,train
28957,1,train
28958,1,train
28959,1,train
28961,1,train
28962,1,train
28964,1,train
28966,1,train
28968,1,train
28971,1,train
28972,1,train
28973,1,train
28974,1,train
28975,1,train
28976,1,train
28977,1,train
28978,1,train
28980,1,train
28981,1,train
28982,1,train
28983,1,train
28987,1,train
28989,1,train
28991,1,train
28992,1,train
28993,1,train
28994,1,train
28996,1,train
28997,1,train
28998,1,train
28999,1,train
29000,1,train
29001,1,train
29003,1,train
29004,1,train
29005,1,train
29006,1,train
29007,1,train
29008,1,train
29009,1,train
29012,1,train
29013,1,train
29014,1,train
29015,1,train
29016,1,train
29017,1,train
29019,1,train
29020,1,train
29022,1,train
29025,1,train
29027,1,train
29028,1,train
29029,1,train
29031,1,train
29032,1,train
29033,1,train
29034,1,train
29035,1,train
29037,1,train
29038,1,train
29041,1,train
29042,1,train
29044,1,train
29046,1,train
29048,1,train
29050,1,train
29053,1,train
29054,1,train
29055,1,train
29056,1,train
29057,1,train
29059,1,train
29062,1,train
29063,1,train
29064,1,train
29065,1,train
29066,1,train
29067,1,train
29068,1,train
29069,1,train
29070,1,train
29071,1,train
29072,1,train
29075,1,train
29076,1,train
29077,1,train
29080,1,train
29082,1,train
29085,1,train
29087,1,train
29088,1,train
29090,1,train
29092,1,train
29093,1,train
29094,1,train
29095,1,train
29096,1,train
29097,1,train
29098,1,train
29101,1,train
29102,1,train
29103,1,train
29104,1,train
29105,1,train
29107,1,train
29108,1,train
29109,1,train
29112,1,train
29113,1,train
29114,1,train
29116,1,train
29117,1,train
29118,1,train
29119,1,train
29121,1,train
29123,1,train
29125,1,train
29127,1,train
29128,1,train
29131,1,train
29134,1,train
29136,1,train
29137,1,train
29139,1,train
29140,1,train
29141,1,train
29142,1,train
29145,1,train
29146,1,train
29149,1,train
29150,1,train
29151,1,train
29153,1,train
29154,1,train
29156,1,train
29157,1,train
29159,1,train
29160,1,train
29161,1,train
29162,1,train
29164,1,train
29165,1,train
29167,1,train
29169,1,train
29171,1,train
1,1,val
36,1,val
41,1,val
44,1,val
49,1,val
71,1,val
92,1,val
105,1,val
111,1,val
114,1,val
127,1,val
138,1,val
140,1,val
157,1,val
177,1,val
178,1,val
183,1,val
205,1,val
209,1,val
215,1,val
219,1,val
225,1,val
228,1,val
231,1,val
236,1,val
239,1,val
254,1,val
268,1,val
273,1,val
275,1,val
280,1,val
295,1,val
325,1,val
332,1,val
340,1,val
341,1,val
347,1,val
360,1,val
362,1,val
383,1,val
390,1,val
406,1,val
417,1,val
418,1,val
428,1,val
435,1,val
437,1,val
888,1,val
890,1,val
892,1,val
893,1,val
915,1,val
926,1,val
927,1,val
997,1,val
1004,1,val
1008,1,val
1010,1,val
1018,1,val
1025,1,val
1026,1,val
1060,1,val
1070,1,val
1094,1,val
1095,1,val
1097,1,val
1103,1,val
1112,1,val
1113,1,val
1136,1,val
1151,1,val
1178,1,val
1182,1,val
1198,1,val
1211,1,val
1220,1,val
1221,1,val
1224,1,val
1237,1,val
1247,1,val
1267,1,val
1275,1,val
1278,1,val
1279,1,val
1283,1,val
1293,1,val
1306,1,val
1319,1,val
1772,1,val
1788,1,val
1795,1,val
1802,1,val
1806,1,val
1807,1,val
1843,1,val
1844,1,val
1855,1,val
1864,1,val
1900,1,val
1912,1,val
1918,1,val
1919,1,val
1932,1,val
1937,1,val
1948,1,val
1952,1,val
1974,1,val
1978,1,val
1996,1,val
2026,1,val
2027,1,val
2029,1,val
2034,1,val
2035,1,val
2046,1,val
2047,1,val
2050,1,val
2072,1,val
2094,1,val
2096,1,val
2107,1,val
2116,1,val
2120,1,val
2128,1,val
2145,1,val
2146,1,val
2148,1,val
2150,1,val
2152,1,val
2163,1,val
2167,1,val
2175,1,val
2215,1,val
2236,1,val
2247,1,val
2265,1,val
2276,1,val
2282,1,val
2317,1,val
2322,1,val
2340,1,val
2350,1,val
2371,1,val
2406,1,val
2409,1,val
2447,1,val
2450,1,val
2457,1,val
2478,1,val
2481,1,val
2483,1,val
2487,1,val
2499,1,val
2505,1,val
2506,1,val
2543,1,val
2547,1,val
2548,1,val
2559,1,val
2568,1,val
2576,1,val
2599,1,val
2607,1,val
2624,1,val
2646,1,val
4862,1,val
4870,1,val
4886,1,val
4888,1,val
4896,1,val
4900,1,val
4903,1,val
4921,1,val
4922,1,val
4923,1,val
4937,1,val
4952,1,val
4956,1,val
4961,1,val
4966,1,val
4983,1,val
4990,1,val
4996,1,val
5008,1,val
5013,1,val
5016,1,val
5025,1,val
5029,1,val
5035,1,val
5039,1,val
5043,1,val
5048,1,val
5051,1,val
5052,1,val
5064,1,val
5123,1,val
5125,1,val
5132,1,val
5134,1,val
5142,1,val
5144,1,val
5156,1,val
5162,1,val
5168,1,val
5176,1,val
5179,1,val
5180,1,val
5211,1,val
5213,1,val
5216,1,val
5228,1,val
5229,1,val
5230,1,val
5232,1,val
5244,1,val
5245,1,val
5255,1,val
5268,1,val
5297,1,val
5298,1,val
5302,1,val
5309,1,val
5322,1,val
5338,1,val
5358,1,val
5361,1,val
5364,1,val
5381,1,val
5391,1,val
5400,1,val
5417,1,val
5422,1,val
5434,1,val
5438,1,val
5448,1,val
5455,1,val
5459,1,val
5460,1,val
5464,1,val
5480,1,val
5484,1,val
5497,1,val
5520,1,val
5554,1,val
5562,1,val
5568,1,val
5589,1,val
5598,1,val
5612,1,val
5630,1,val
5637,1,val
5640,1,val
5661,1,val
5664,1,val
5665,1,val
5669,1,val
5671,1,val
5677,1,val
5681,1,val
5688,1,val
5707,1,val
5717,1,val
5742,1,val
5744,1,val
12822,1,val
12824,1,val
12831,1,val
12837,1,val
12844,1,val
12852,1,val
12856,1,val
12867,1,val
12872,1,val
12893,1,val
12900,1,val
12916,1,val
12944,1,val
12977,1,val
12980,1,val
12986,1,val
13000,1,val
13014,1,val
13018,1,val
13050,1,val
13072,1,val
13079,1,val
13081,1,val
13083,1,val
13111,1,val
13134,1,val
13148,1,val
13151,1,val
13158,1,val
13160,1,val
13164,1,val
13165,1,val
13175,1,val
13184,1,val
13185,1,val
13191,1,val
13192,1,val
13198,1,val
13200,1,val
13211,1,val
13215,1,val
13218,1,val
13223,1,val
13233,1,val
13236,1,val
13245,1,val
13247,1,val
16358,1,val
16363,1,val
16364,1,val
16375,1,val
16379,1,val
16380,1,val
16394,1,val
16401,1,val
16421,1,val
16440,1,val
16461,1,val
16485,1,val
16494,1,val
16511,1,val
16515,1,val
16517,1,val
16523,1,val
16528,1,val
16531,1,val
16535,1,val
16550,1,val
16565,1,val
16570,1,val
16590,1,val
16604,1,val
16607,1,val
16622,1,val
16633,1,val
16640,1,val
16651,1,val
16685,1,val
16686,1,val
16696,1,val
16723,1,val
16728,1,val
16730,1,val
16745,1,val
16754,1,val
16775,1,val
16777,1,val
16781,1,val
16788,1,val
23431,1,val
23456,1,val
23463,1,val
23482,1,val
23487,1,val
23496,1,val
23498,1,val
23510,1,val
23511,1,val
23513,1,val
23515,1,val
23517,1,val
23535,1,val
23576,1,val
23591,1,val
23594,1,val
23597,1,val
23607,1,val
23614,1,val
23615,1,val
23644,1,val
23648,1,val
23650,1,val
23656,1,val
23666,1,val
23667,1,val
23668,1,val
23674,1,val
23682,1,val
23706,1,val
23735,1,val
23748,1,val
23759,1,val
23762,1,val
23767,1,val
23768,1,val
23786,1,val
23802,1,val
23805,1,val
23815,1,val
23816,1,val
23818,1,val
23844,1,val
23861,1,val
25211,1,val
25262,1,val
25273,1,val
25277,1,val
25292,1,val
25294,1,val
25301,1,val
25306,1,val
25309,1,val
25326,1,val
25332,1,val
25339,1,val
25344,1,val
25354,1,val
25361,1,val
25379,1,val
25392,1,val
25397,1,val
25403,1,val
25407,1,val
25419,1,val
25422,1,val
25441,1,val
25442,1,val
25449,1,val
25455,1,val
25460,1,val
25461,1,val
25466,1,val
25469,1,val
25473,1,val
25475,1,val
25478,1,val
25482,1,val
25486,1,val
25498,1,val
25506,1,val
25521,1,val
25530,1,val
25561,1,val
25572,1,val
25576,1,val
25582,1,val
25618,1,val
25619,1,val
27848,1,val
27866,1,val
27867,1,val
27880,1,val
27883,1,val
27884,1,val
27908,1,val
27912,1,val
27943,1,val
27945,1,val
27946,1,val
27948,1,val
27951,1,val
27964,1,val
27969,1,val
27972,1,val
27977,1,val
27983,1,val
27984,1,val
27985,1,val
27995,1,val
28009,1,val
28033,1,val
28036,1,val
28039,1,val
28046,1,val
28083,1,val
28087,1,val
28088,1,val
28105,1,val
28112,1,val
28126,1,val
28134,1,val
28150,1,val
28157,1,val
28174,1,val
28176,1,val
28180,1,val
28183,1,val
28191,1,val
28197,1,val
28200,1,val
28210,1,val
28220,1,val
28234,1,val
28268,1,val
28291,1,val
28302,1,val
28311,1,val
28314,1,val
28316,1,val
28323,1,val
28326,1,val
28327,1,val
28331,1,val
28336,1,val
28371,1,val
28382,1,val
28409,1,val
28420,1,val
28421,1,val
28427,1,val
28434,1,val
28445,1,val
28446,1,val
28448,1,val
28492,1,val
28523,1,val
28524,1,val
28535,1,val
28545,1,val
28548,1,val
28553,1,val
28567,1,val
28578,1,val
28579,1,val
28586,1,val
28592,1,val
28593,1,val
28596,1,val
28618,1,val
28631,1,val
28635,1,val
28637,1,val
28666,1,val
28668,1,val
28673,1,val
28678,1,val
28685,1,val
28688,1,val
28697,1,val
28703,1,val
28705,1,val
28726,1,val
28790,1,val
28806,1,val
28816,1,val
28817,1,val
28818,1,val
28824,1,val
28832,1,val
28848,1,val
28851,1,val
28867,1,val
28872,1,val
28909,1,val
28921,1,val
28923,1,val
28928,1,val
28936,1,val
28963,1,val
28988,1,val
29002,1,val
29011,1,val
29018,1,val
29024,1,val
29036,1,val
29047,1,val
29060,1,val
29074,1,val
29081,1,val
29083,1,val
29091,1,val
29099,1,val
29106,1,val
29111,1,val
29120,1,val
29124,1,val
29130,1,val
29132,1,val
29135,1,val
29147,1,val
29152,1,val
4,1,test
6,1,test
25,1,test
30,1,test
32,1,test
37,1,test
39,1,test
50,1,test
52,1,test
55,1,test
63,1,test
66,1,test
75,1,test
76,1,test
78,1,test
84,1,test
88,1,test
89,1,test
97,1,test
100,1,test
102,1,test
107,1,test
109,1,test
110,1,test
113,1,test
116,1,test
118,1,test
123,1,test
124,1,test
126,1,test
132,1,test
133,1,test
135,1,test
147,1,test
148,1,test
155,1,test
158,1,test
165,1,test
169,1,test
170,1,test
171,1,test
173,1,test
175,1,test
181,1,test
184,1,test
192,1,test
194,1,test
200,1,test
206,1,test
210,1,test
216,1,test
224,1,test
229,1,test
232,1,test
241,1,test
252,1,test
253,1,test
271,1,test
272,1,test
276,1,test
288,1,test
296,1,test
300,1,test
307,1,test
312,1,test
316,1,test
321,1,test
327,1,test
329,1,test
331,1,test
334,1,test
345,1,test
357,1,test
359,1,test
364,1,test
379,1,test
386,1,test
389,1,test
395,1,test
400,1,test
409,1,test
410,1,test
412,1,test
432,1,test
899,1,test
900,1,test
903,1,test
904,1,test
911,1,test
917,1,test
918,1,test
921,1,test
936,1,test
949,1,test
954,1,test
959,1,test
963,1,test
968,1,test
970,1,test
973,1,test
977,1,test
978,1,test
982,1,test
983,1,test
985,1,test
996,1,test
1003,1,test
1012,1,test
1017,1,test
1021,1,test
1028,1,test
1031,1,test
1032,1,test
1033,1,test
1042,1,test
1047,1,test
1049,1,test
1050,1,test
1061,1,test
1072,1,test
1074,1,test
1079,1,test
1085,1,test
1087,1,test
1088,1,test
1089,1,test
1092,1,test
1098,1,test
1099,1,test
1105,1,test
1107,1,test
1114,1,test
1115,1,test
1122,1,test
1123,1,test
1126,1,test
1129,1,test
1135,1,test
1143,1,test
1148,1,test
1154,1,test
1164,1,test
1165,1,test
1170,1,test
1174,1,test
1181,1,test
1189,1,test
1191,1,test
1194,1,test
1195,1,test
1197,1,test
1199,1,test
1200,1,test
1202,1,test
1206,1,test
1216,1,test
1222,1,test
1229,1,test
1232,1,test
1233,1,test
1234,1,test
1242,1,test
1245,1,test
1251,1,test
1258,1,test
1262,1,test
1265,1,test
1271,1,test
1272,1,test
1280,1,test
1282,1,test
1285,1,test
1286,1,test
1289,1,test
1299,1,test
1302,1,test
1305,1,test
1308,1,test
1309,1,test
1313,1,test
1315,1,test
1318,1,test
1320,1,test
1769,1,test
1770,1,test
1782,1,test
1786,1,test
1790,1,test
1796,1,test
1809,1,test
1811,1,test
1814,1,test
1815,1,test
1816,1,test
1818,1,test
1820,1,test
1829,1,test
1860,1,test
1861,1,test
1871,1,test
1873,1,test
1879,1,test
1902,1,test
1906,1,test
1908,1,test
1913,1,test
1915,1,test
1920,1,test
1921,1,test
1925,1,test
1930,1,test
1939,1,test
1947,1,test
1949,1,test
1950,1,test
1960,1,test
1964,1,test
1969,1,test
1981,1,test
1988,1,test
1989,1,test
1993,1,test
1994,1,test
1997,1,test
1998,1,test
2000,1,test
2001,1,test
2004,1,test
2005,1,test
2006,1,test
2016,1,test
2020,1,test
2022,1,test
2054,1,test
2057,1,test
2063,1,test
2065,1,test
2068,1,test
2074,1,test
2079,1,test
2080,1,test
2102,1,test
2105,1,test
2123,1,test
2129,1,test
2132,1,test
2137,1,test
2147,1,test
2154,1,test
2158,1,test
2160,1,test
2165,1,test
2170,1,test
2172,1,test
2173,1,test
2176,1,test
2182,1,test
2186,1,test
2190,1,test
2197,1,test
2199,1,test
2202,1,test
2203,1,test
2204,1,test
2206,1,test
2209,1,test
2217,1,test
2226,1,test
2232,1,test
2235,1,test
2241,1,test
2266,1,test
2274,1,test
2275,1,test
2280,1,test
2289,1,test
2293,1,test
2297,1,test
2305,1,test
2314,1,test
2315,1,test
2319,1,test
2323,1,test
2328,1,test
2333,1,test
2339,1,test
2344,1,test
2348,1,test
2351,1,test
2364,1,test
2366,1,test
2377,1,test
2382,1,test
2394,1,test
2395,1,test
2398,1,test
2404,1,test
2413,1,test
2415,1,test
2416,1,test
2441,1,test
2452,1,test
2462,1,test
2468,1,test
2469,1,test
2472,1,test
2474,1,test
2477,1,test
2480,1,test
2484,1,test
2490,1,test
2492,1,test
2493,1,test
2498,1,test
2500,1,test
2501,1,test
2509,1,test
2510,1,test
2513,1,test
2516,1,test
2520,1,test
2524,1,test
2527,1,test
2531,1,test
2533,1,test
2534,1,test
2557,1,test
2569,1,test
2572,1,test
2575,1,test
2579,1,test
2592,1,test
2594,1,test
2595,1,test
2596,1,test
2610,1,test
2611,1,test
2615,1,test
2619,1,test
2629,1,test
4874,1,test
4880,1,test
4882,1,test
4883,1,test
4887,1,test
4890,1,test
4911,1,test
4919,1,test
4924,1,test
4926,1,test
4927,1,test
4928,1,test
4936,1,test
4943,1,test
4947,1,test
4955,1,test
4976,1,test
4980,1,test
4994,1,test
5000,1,test
5005,1,test
5006,1,test
5015,1,test
5023,1,test
5026,1,test
5028,1,test
5031,1,test
5038,1,test
5040,1,test
5046,1,test
5047,1,test
5067,1,test
5069,1,test
5075,1,test
5080,1,test
5082,1,test
5089,1,test
5091,1,test
5095,1,test
5098,1,test
5100,1,test
5104,1,test
5109,1,test
5117,1,test
5119,1,test
5124,1,test
5130,1,test
5138,1,test
5147,1,test
5153,1,test
5154,1,test
5155,1,test
5158,1,test
5163,1,test
5172,1,test
5175,1,test
5177,1,test
5182,1,test
5183,1,test
5187,1,test
5188,1,test
5189,1,test
5201,1,test
5205,1,test
5207,1,test
5212,1,test
5215,1,test
5218,1,test
5222,1,test
5223,1,test
5225,1,test
5227,1,test
5231,1,test
5236,1,test
5237,1,test
5238,1,test
5239,1,test
5240,1,test
5249,1,test
5257,1,test
5259,1,test
5271,1,test
5272,1,test
5279,1,test
5281,1,test
5283,1,test
5293,1,test
5295,1,test
5299,1,test
5311,1,test
5323,1,test
5324,1,test
5326,1,test
5328,1,test
5346,1,test
5353,1,test
5354,1,test
5355,1,test
5359,1,test
5363,1,test
5367,1,test
5369,1,test
5371,1,test
5372,1,test
5373,1,test
5376,1,test
5382,1,test
5383,1,test
5384,1,test
5386,1,test
5387,1,test
5388,1,test
5390,1,test
5397,1,test
5404,1,test
5405,1,test
5415,1,test
5419,1,test
5423,1,test
5427,1,test
5429,1,test
5433,1,test
5442,1,test
5456,1,test
5457,1,test
5458,1,test
5463,1,test
5469,1,test
5479,1,test
5481,1,test
5488,1,test
5491,1,test
5493,1,test
5498,1,test
5500,1,test
5506,1,test
5515,1,test
5522,1,test
5529,1,test
5541,1,test
5543,1,test
5544,1,test
5547,1,test
5549,1,test
5552,1,test
5563,1,test
5570,1,test
5571,1,test
5582,1,test
5585,1,test
5587,1,test
5588,1,test
5590,1,test
5600,1,test
5603,1,test
5604,1,test
5605,1,test
5607,1,test
5620,1,test
5623,1,test
5624,1,test
5631,1,test
5632,1,test
5633,1,test
5634,1,test
5635,1,test
5641,1,test
5643,1,test
5649,1,test
5652,1,test
5659,1,test
5660,1,test
5663,1,test
5673,1,test
5695,1,test
5696,1,test
5697,1,test
5703,1,test
5708,1,test
5711,1,test
5712,1,test
5713,1,test
5719,1,test
5720,1,test
5724,1,test
5725,1,test
5728,1,test
5741,1,test
12827,1,test
12830,1,test
12832,1,test
12836,1,test
12843,1,test
12845,1,test
12848,1,test
12857,1,test
12863,1,test
12874,1,test
12880,1,test
12889,1,test
12894,1,test
12901,1,test
12912,1,test
12918,1,test
12937,1,test
12951,1,test
12952,1,test
12983,1,test
12991,1,test
12998,1,test
12999,1,test
13004,1,test
13005,1,test
13011,1,test
13022,1,test
13024,1,test
13028,1,test
13030,1,test
13033,1,test
13043,1,test
13051,1,test
13053,1,test
13057,1,test
13061,1,test
13067,1,test
13078,1,test
13087,1,test
13089,1,test
13095,1,test
13103,1,test
13105,1,test
13108,1,test
13109,1,test
13110,1,test
13113,1,test
13118,1,test
13120,1,test
13126,1,test
13132,1,test
13133,1,test
13135,1,test
13145,1,test
13187,1,test
13199,1,test
13201,1,test
13216,1,test
13219,1,test
13222,1,test
13226,1,test
13234,1,test
13241,1,test
13243,1,test
13246,1,test
13256,1,test
16354,1,test
16360,1,test
16365,1,test
16367,1,test
16372,1,test
16382,1,test
16391,1,test
16397,1,test
16398,1,test
16400,1,test
16403,1,test
16407,1,test
16408,1,test
16409,1,test
16411,1,test
16412,1,test
16415,1,test
16423,1,test
16433,1,test
16438,1,test
16448,1,test
16456,1,test
16457,1,test
16465,1,test
16474,1,test
16479,1,test
16483,1,test
16484,1,test
16492,1,test
16499,1,test
16500,1,test
16501,1,test
16509,1,test
16525,1,test
16532,1,test
16547,1,test
16551,1,test
16553,1,test
16557,1,test
16568,1,test
16575,1,test
16579,1,test
16585,1,test
16586,1,test
16592,1,test
16596,1,test
16599,1,test
16603,1,test
16614,1,test
16621,1,test
16626,1,test
16627,1,test
16629,1,test
16630,1,test
16631,1,test
16635,1,test
16647,1,test
16648,1,test
16650,1,test
16652,1,test
16656,1,test
16657,1,test
16666,1,test
16675,1,test
16678,1,test
16683,1,test
16684,1,test
16687,1,test
16690,1,test
16694,1,test
16697,1,test
16698,1,test
16701,1,test
16703,1,test
16706,1,test
16708,1,test
16709,1,test
16713,1,test
16717,1,test
16719,1,test
16720,1,test
16733,1,test
16740,1,test
16748,1,test
16749,1,test
16751,1,test
16752,1,test
16760,1,test
16766,1,test
16771,1,test
16772,1,test
16783,1,test
16793,1,test
16795,1,test
23427,1,test
23433,1,test
23435,1,test
23438,1,test
23439,1,test
23452,1,test
23465,1,test
23470,1,test
23473,1,test
23474,1,test
23478,1,test
23495,1,test
23504,1,test
23508,1,test
23512,1,test
23514,1,test
23520,1,test
23523,1,test
23528,1,test
23530,1,test
23546,1,test
23550,1,test
23552,1,test
23556,1,test
23562,1,test
23567,1,test
23569,1,test
23583,1,test
23589,1,test
23590,1,test
23593,1,test
23595,1,test
23599,1,test
23601,1,test
23621,1,test
23622,1,test
23623,1,test
23634,1,test
23637,1,test
23642,1,test
23657,1,test
23659,1,test
23678,1,test
23680,1,test
23681,1,test
23689,1,test
23697,1,test
23698,1,test
23703,1,test
23704,1,test
23718,1,test
23719,1,test
23721,1,test
23723,1,test
23724,1,test
23726,1,test
23727,1,test
23730,1,test
23733,1,test
23737,1,test
23739,1,test
23742,1,test
23745,1,test
23752,1,test
23753,1,test
23755,1,test
23756,1,test
23757,1,test
23763,1,test
23764,1,test
23772,1,test
23773,1,test
23780,1,test
23781,1,test
23785,1,test
23787,1,test
23788,1,test
23789,1,test
23790,1,test
23792,1,test
23793,1,test
23798,1,test
23800,1,test
23811,1,test
23814,1,test
23821,1,test
23822,1,test
23825,1,test
23835,1,test
23836,1,test
23838,1,test
23841,1,test
23845,1,test
23847,1,test
23852,1,test
23853,1,test
23857,1,test
23858,1,test
23863,1,test
25195,1,test
25196,1,test
25199,1,test
25208,1,test
25209,1,test
25212,1,test
25214,1,test
25218,1,test
25221,1,test
25223,1,test
25224,1,test
25225,1,test
25236,1,test
25241,1,test
25243,1,test
25245,1,test
25249,1,test
25255,1,test
25256,1,test
25264,1,test
25265,1,test
25267,1,test
25268,1,test
25272,1,test
25276,1,test
25280,1,test
25286,1,test
25289,1,test
25291,1,test
25298,1,test
25299,1,test
25304,1,test
25311,1,test
25314,1,test
25315,1,test
25325,1,test
25331,1,test
25336,1,test
25337,1,test
25343,1,test
25345,1,test
25350,1,test
25351,1,test
25353,1,test
25355,1,test
25357,1,test
25363,1,test
25372,1,test
25374,1,test
25378,1,test
25388,1,test
25412,1,test
25415,1,test
25416,1,test
25430,1,test
25435,1,test
25468,1,test
25470,1,test
25476,1,test
25480,1,test
25484,1,test
25488,1,test
25495,1,test
25496,1,test
25499,1,test
25500,1,test
25504,1,test
25505,1,test
25509,1,test
25510,1,test
25511,1,test
25513,1,test
25520,1,test
25522,1,test
25525,1,test
25534,1,test
25539,1,test
25552,1,test
25553,1,test
25562,1,test
25563,1,test
25566,1,test
25568,1,test
25569,1,test
25584,1,test
25586,1,test
25590,1,test
25591,1,test
25604,1,test
25605,1,test
25607,1,test
25608,1,test
25615,1,test
25620,1,test
25622,1,test
25627,1,test
25630,1,test
25632,1,test
25634,1,test
27849,1,test
27851,1,test
27852,1,test
27869,1,test
27877,1,test
27878,1,test
27882,1,test
27887,1,test
27889,1,test
27891,1,test
27894,1,test
27897,1,test
27916,1,test
27930,1,test
27935,1,test
27937,1,test
27942,1,test
27952,1,test
27959,1,test
27960,1,test
27970,1,test
27971,1,test
27974,1,test
27978,1,test
27981,1,test
27986,1,test
28000,1,test
28002,1,test
28006,1,test
28014,1,test
28018,1,test
28021,1,test
28023,1,test
28026,1,test
28029,1,test
28030,1,test
28032,1,test
28042,1,test
28059,1,test
28064,1,test
28065,1,test
28073,1,test
28078,1,test
28079,1,test
28080,1,test
28084,1,test
28085,1,test
28086,1,test
28094,1,test
28109,1,test
28117,1,test
28125,1,test
28127,1,test
28130,1,test
28131,1,test
28135,1,test
28137,1,test
28140,1,test
28145,1,test
28147,1,test
28148,1,test
28151,1,test
28167,1,test
28184,1,test
28186,1,test
28192,1,test
28194,1,test
28196,1,test
28215,1,test
28221,1,test
28222,1,test
28230,1,test
28236,1,test
28238,1,test
28243,1,test
28246,1,test
28250,1,test
28254,1,test
28255,1,test
28256,1,test
28261,1,test
28267,1,test
28269,1,test
28279,1,test
28280,1,test
28286,1,test
28287,1,test
28292,1,test
28293,1,test
28296,1,test
28306,1,test
28321,1,test
28325,1,test
28333,1,test
28338,1,test
28347,1,test
28351,1,test
28354,1,test
28360,1,test
28361,1,test
28388,1,test
28402,1,test
28410,1,test
28422,1,test
28430,1,test
28433,1,test
28435,1,test
28443,1,test
28453,1,test
28466,1,test
28469,1,test
28472,1,test
28473,1,test
28475,1,test
28504,1,test
28508,1,test
28516,1,test
28520,1,test
28539,1,test
28541,1,test
28547,1,test
28549,1,test
28551,1,test
28552,1,test
28554,1,test
28560,1,test
28562,1,test
28564,1,test
28566,1,test
28569,1,test
28576,1,test
28589,1,test
28595,1,test
28601,1,test
28611,1,test
28612,1,test
28615,1,test
28630,1,test
28632,1,test
28633,1,test
28638,1,test
28646,1,test
28647,1,test
28649,1,test
28654,1,test
28659,1,test
28660,1,test
28677,1,test
28681,1,test
28694,1,test
28699,1,test
28700,1,test
28702,1,test
28712,1,test
28727,1,test
28729,1,test
28733,1,test
28735,1,test
28741,1,test
28747,1,test
28755,1,test
28757,1,test
28762,1,test
28765,1,test
28769,1,test
28771,1,test
28783,1,test
28787,1,test
28793,1,test
28796,1,test
28799,1,test
28801,1,test
28804,1,test
28805,1,test
28808,1,test
28813,1,test
28815,1,test
28819,1,test
28820,1,test
28826,1,test
28830,1,test
28831,1,test
28834,1,test
28838,1,test
28844,1,test
28845,1,test
28847,1,test
28852,1,test
28853,1,test
28854,1,test
28855,1,test
28864,1,test
28873,1,test
28878,1,test
28882,1,test
28884,1,test
28885,1,test
28886,1,test
28888,1,test
28894,1,test
28904,1,test
28906,1,test
28907,1,test
28908,1,test
28910,1,test
28912,1,test
28922,1,test
28924,1,test
28931,1,test
28934,1,test
28938,1,test
28941,1,test
28943,1,test
28949,1,test
28951,1,test
28960,1,test
28965,1,test
28967,1,test
28969,1,test
28970,1,test
28979,1,test
28984,1,test
28985,1,test
28986,1,test
28990,1,test
28995,1,test
29010,1,test
29021,1,test
29023,1,test
29026,1,test
29030,1,test
29039,1,test
29040,1,test
29043,1,test
29045,1,test
29049,1,test
29051,1,test
29052,1,test
29058,1,test
29061,1,test
29073,1,test
29078,1,test
29079,1,test
29084,1,test
29086,1,test
29089,1,test
29100,1,test
29110,1,test
29115,1,test
29122,1,test
29126,1,test
29129,1,test
29133,1,test
29138,1,test
29143,1,test
29144,1,test
29148,1,test
29155,1,test
29158,1,test
29163,1,test
29166,1,test
29168,1,test
29170,1,test
1328,2,train
1330,2,train
1331,2,train
1333,2,train
1335,2,train
1336,2,train
1339,2,train
1340,2,train
1346,2,train
1347,2,train
1350,2,train
1351,2,train
1354,2,train
1355,2,train
1358,2,train
1359,2,train
1364,2,train
1366,2,train
1367,2,train
1369,2,train
1370,2,train
1372,2,train
1373,2,train
1374,2,train
1375,2,train
1378,2,train
1379,2,train
1380,2,train
1381,2,train
1383,2,train
1384,2,train
1387,2,train
1388,2,train
1390,2,train
1392,2,train
1393,2,train
1394,2,train
1395,2,train
1396,2,train
1398,2,train
1400,2,train
1401,2,train
1404,2,train
1406,2,train
1407,2,train
1408,2,train
1409,2,train
1411,2,train
1412,2,train
1413,2,train
1414,2,train
1416,2,train
1417,2,train
1418,2,train
1419,2,train
1420,2,train
1423,2,train
1424,2,train
1425,2,train
1426,2,train
1428,2,train
1431,2,train
1432,2,train
1433,2,train
1435,2,train
1436,2,train
1438,2,train
1439,2,train
1441,2,train
1444,2,train
1445,2,train
1449,2,train
1450,2,train
1451,2,train
1452,2,train
1455,2,train
1456,2,train
1457,2,train
1458,2,train
1459,2,train
1460,2,train
1463,2,train
1465,2,train
1467,2,train
1471,2,train
1472,2,train
1474,2,train
1475,2,train
1476,2,train
1477,2,train
1478,2,train
1479,2,train
1480,2,train
1481,2,train
1482,2,train
1484,2,train
1485,2,train
1487,2,train
1491,2,train
1492,2,train
1493,2,train
1494,2,train
1495,2,train
1496,2,train
1497,2,train
1499,2,train
1500,2,train
1503,2,train
1505,2,train
1506,2,train
1508,2,train
1509,2,train
1510,2,train
1511,2,train
1512,2,train
1513,2,train
1514,2,train
1515,2,train
1516,2,train
1517,2,train
1518,2,train
1519,2,train
1521,2,train
1523,2,train
1525,2,train
1526,2,train
1527,2,train
1528,2,train
1530,2,train
1531,2,train
1532,2,train
1534,2,train
1536,2,train
1537,2,train
1538,2,train
1539,2,train
1541,2,train
1542,2,train
1543,2,train
1544,2,train
1546,2,train
1547,2,train
1549,2,train
1550,2,train
1551,2,train
1552,2,train
1553,2,train
1554,2,train
1555,2,train
1556,2,train
1557,2,train
1558,2,train
1559,2,train
1560,2,train
1563,2,train
1565,2,train
1566,2,train
1568,2,train
1569,2,train
1570,2,train
1571,2,train
1572,2,train
1573,2,train
1574,2,train
1577,2,train
1578,2,train
1579,2,train
1580,2,train
1581,2,train
1582,2,train
1585,2,train
1586,2,train
1588,2,train
1589,2,train
1591,2,train
1593,2,train
1595,2,train
1596,2,train
1597,2,train
1598,2,train
1600,2,train
1601,2,train
1603,2,train
1605,2,train
1606,2,train
1607,2,train
1609,2,train
1610,2,train
1611,2,train
1613,2,train
1615,2,train
1616,2,train
1617,2,train
1618,2,train
1619,2,train
1620,2,train
1623,2,train
1625,2,train
1627,2,train
1628,2,train
1629,2,train
1631,2,train
1632,2,train
1633,2,train
1634,2,train
1635,2,train
1637,2,train
1639,2,train
1640,2,train
1641,2,train
1643,2,train
1644,2,train
1645,2,train
1647,2,train
1650,2,train
1652,2,train
1653,2,train
1654,2,train
1658,2,train
1659,2,train
1661,2,train
1662,2,train
1663,2,train
1664,2,train
1665,2,train
1667,2,train
1669,2,train
1670,2,train
1671,2,train
1672,2,train
1673,2,train
1674,2,train
1676,2,train
1680,2,train
1681,2,train
1682,2,train
1683,2,train
1684,2,train
1686,2,train
1688,2,train
1690,2,train
1692,2,train
1696,2,train
1702,2,train
1703,2,train
1704,2,train
1705,2,train
1707,2,train
1708,2,train
1709,2,train
1710,2,train
1712,2,train
1714,2,train
1715,2,train
1716,2,train
1717,2,train
1718,2,train
1720,2,train
1721,2,train
1722,2,train
1723,2,train
1724,2,train
1725,2,train
1726,2,train
1727,2,train
1729,2,train
1730,2,train
1735,2,train
1736,2,train
1737,2,train
1738,2,train
1740,2,train
1741,2,train
1742,2,train
1743,2,train
1744,2,train
1745,2,train
1746,2,train
1748,2,train
1749,2,train
1753,2,train
1754,2,train
1755,2,train
1757,2,train
1758,2,train
1759,2,train
1760,2,train
1761,2,train
1762,2,train
1763,2,train
1764,2,train
1765,2,train
1766,2,train
3095,2,train
3096,2,train
3097,2,train
3098,2,train
3100,2,train
3101,2,train
3103,2,train
3104,2,train
3106,2,train
3107,2,train
3108,2,train
3109,2,train
3110,2,train
3111,2,train
3112,2,train
3115,2,train
3116,2,train
3117,2,train
3118,2,train
3121,2,train
3122,2,train
3125,2,train
3126,2,train
3127,2,train
3130,2,train
3131,2,train
3133,2,train
3135,2,train
3137,2,train
3138,2,train
3141,2,train
3144,2,train
3145,2,train
3146,2,train
3147,2,train
3148,2,train
3149,2,train
3150,2,train
3151,2,train
3152,2,train
3153,2,train
3155,2,train
3157,2,train
3159,2,train
3161,2,train
3162,2,train
3163,2,train
3164,2,train
3165,2,train
3167,2,train
3168,2,train
3169,2,train
3171,2,train
3173,2,train
3174,2,train
3175,2,train
3178,2,train
3179,2,train
3180,2,train
3182,2,train
3183,2,train
3184,2,train
3186,2,train
3187,2,train
3188,2,train
3190,2,train
3192,2,train
3195,2,train
3197,2,train
3199,2,train
3200,2,train
3201,2,train
3204,2,train
3205,2,train
3208,2,train
3209,2,train
3210,2,train
3211,2,train
3213,2,train
3214,2,train
3215,2,train
3217,2,train
3219,2,train
3220,2,train
3222,2,train
3225,2,train
3228,2,train
3229,2,train
3230,2,train
3232,2,train
3233,2,train
3236,2,train
3237,2,train
3240,2,train
3241,2,train
3242,2,train
3243,2,train
3245,2,train
3246,2,train
3247,2,train
3248,2,train
3249,2,train
3250,2,train
3252,2,train
3254,2,train
3255,2,train
3256,2,train
3257,2,train
3260,2,train
3261,2,train
3263,2,train
3264,2,train
3265,2,train
3266,2,train
3267,2,train
3268,2,train
3269,2,train
3270,2,train
3271,2,train
3274,2,train
3275,2,train
3278,2,train
3281,2,train
3282,2,train
3283,2,train
3284,2,train
3285,2,train
3286,2,train
3287,2,train
3288,2,train
3289,2,train
3290,2,train
3292,2,train
3293,2,train
3294,2,train
3295,2,train
3296,2,train
3297,2,train
3299,2,train
3301,2,train
3303,2,train
3304,2,train
3305,2,train
3306,2,train
3307,2,train
3308,2,train
3309,2,train
3310,2,train
3315,2,train
3316,2,train
3317,2,train
3319,2,train
3320,2,train
3321,2,train
3322,2,train
3324,2,train
3325,2,train
3326,2,train
3327,2,train
3328,2,train
3329,2,train
3330,2,train
3331,2,train
3332,2,train
3334,2,train
3336,2,train
3338,2,train
3339,2,train
3340,2,train
3341,2,train
3344,2,train
3345,2,train
3347,2,train
3349,2,train
3350,2,train
3351,2,train
3353,2,train
3354,2,train
3355,2,train
3357,2,train
3358,2,train
3360,2,train
3362,2,train
3363,2,train
3364,2,train
3366,2,train
3368,2,train
3369,2,train
3371,2,train
3372,2,train
3373,2,train
3374,2,train
3375,2,train
3378,2,train
3379,2,train
3380,2,train
3381,2,train
3382,2,train
3383,2,train
3384,2,train
3385,2,train
3386,2,train
3387,2,train
3388,2,train
3389,2,train
3390,2,train
3394,2,train
3395,2,train
3396,2,train
3398,2,train
3399,2,train
3400,2,train
3402,2,train
3403,2,train
3404,2,train
3405,2,train
3406,2,train
3408,2,train
3412,2,train
3414,2,train
3415,2,train
3416,2,train
3417,2,train
3418,2,train
3421,2,train
3424,2,train
3425,2,train
3427,2,train
3428,2,train
3430,2,train
3432,2,train
3434,2,train
3436,2,train
3437,2,train
3438,2,train
3439,2,train
3441,2,train
3442,2,train
3445,2,train
3448,2,train
3449,2,train
3453,2,train
3454,2,train
3456,2,train
3457,2,train
3458,2,train
3459,2,train
3461,2,train
3462,2,train
3463,2,train
3464,2,train
3465,2,train
3468,2,train
3470,2,train
3471,2,train
3473,2,train
3474,2,train
3477,2,train
3479,2,train
3480,2,train
3481,2,train
3488,2,train
3489,2,train
3490,2,train
3491,2,train
3492,2,train
3493,2,train
3494,2,train
3495,2,train
3496,2,train
3497,2,train
3498,2,train
3499,2,train
3500,2,train
3501,2,train
3502,2,train
3503,2,train
3504,2,train
3505,2,train
3506,2,train
3507,2,train
3508,2,train
3510,2,train
3512,2,train
3514,2,train
3516,2,train
3517,2,train
3518,2,train
3519,2,train
3520,2,train
3522,2,train
3524,2,train
3527,2,train
3529,2,train
3530,2,train
3533,2,train
3536,2,train
3537,2,train
3538,2,train
3539,2,train
3540,2,train
3541,2,train
3542,2,train
3543,2,train
3544,2,train
3545,2,train
3546,2,train
3547,2,train
3548,2,train
3549,2,train
3550,2,train
3551,2,train
3553,2,train
3554,2,train
3556,2,train
3557,2,train
3558,2,train
3559,2,train
3560,2,train
3562,2,train
3564,2,train
3565,2,train
3566,2,train
3567,2,train
3569,2,train
3570,2,train
3571,2,train
3572,2,train
3573,2,train
3574,2,train
3576,2,train
3578,2,train
3579,2,train
3580,2,train
3581,2,train
3585,2,train
3586,2,train
3587,2,train
3588,2,train
3590,2,train
3592,2,train
3593,2,train
3595,2,train
3596,2,train
3597,2,train
3598,2,train
3600,2,train
3602,2,train
3606,2,train
3607,2,train
3608,2,train
3610,2,train
3612,2,train
3613,2,train
3614,2,train
3616,2,train
3617,2,train
3618,2,train
3619,2,train
3620,2,train
3622,2,train
3624,2,train
3625,2,train
3626,2,train
3627,2,train
3628,2,train
3629,2,train
3630,2,train
3631,2,train
3635,2,train
3636,2,train
3638,2,train
3639,2,train
3640,2,train
3641,2,train
3642,2,train
3643,2,train
3644,2,train
3645,2,train
3646,2,train
3647,2,train
3649,2,train
3651,2,train
3652,2,train
3653,2,train
3655,2,train
3656,2,train
3658,2,train
3659,2,train
3660,2,train
3661,2,train
3665,2,train
3667,2,train
3668,2,train
3670,2,train
3671,2,train
3674,2,train
3675,2,train
3676,2,train
3677,2,train
3678,2,train
3679,2,train
3681,2,train
3682,2,train
3683,2,train
3684,2,train
3686,2,train
3688,2,train
3689,2,train
3691,2,train
3692,2,train
3694,2,train
3695,2,train
3696,2,train
3700,2,train
3702,2,train
3703,2,train
3704,2,train
3705,2,train
3706,2,train
3708,2,train
3709,2,train
3710,2,train
3711,2,train
3713,2,train
3714,2,train
3715,2,train
3716,2,train
3717,2,train
3718,2,train
3719,2,train
3720,2,train
3721,2,train
3724,2,train
3725,2,train
3726,2,train
3729,2,train
3731,2,train
3732,2,train
3733,2,train
3734,2,train
3735,2,train
3736,2,train
3738,2,train
3740,2,train
3741,2,train
3744,2,train
3745,2,train
3746,2,train
3747,2,train
3749,2,train
3751,2,train
3754,2,train
3755,2,train
3756,2,train
3758,2,train
3760,2,train
3761,2,train
3762,2,train
3763,2,train
3765,2,train
3766,2,train
3767,2,train
3769,2,train
3770,2,train
3772,2,train
3774,2,train
3776,2,train
3777,2,train
3781,2,train
3782,2,train
3783,2,train
3784,2,train
3785,2,train
3787,2,train
3789,2,train
3790,2,train
3792,2,train
3793,2,train
3794,2,train
3795,2,train
3797,2,train
3798,2,train
3801,2,train
3802,2,train
3803,2,train
3805,2,train
3806,2,train
3807,2,train
3809,2,train
3810,2,train
3811,2,train
3814,2,train
3815,2,train
3816,2,train
3817,2,train
3818,2,train
3819,2,train
3821,2,train
3822,2,train
3824,2,train
3825,2,train
3826,2,train
3827,2,train
3829,2,train
3830,2,train
3832,2,train
3834,2,train
3835,2,train
3837,2,train
3839,2,train
3842,2,train
3844,2,train
3848,2,train
3850,2,train
3851,2,train
3852,2,train
3854,2,train
3855,2,train
3856,2,train
3857,2,train
3858,2,train
3861,2,train
3863,2,train
3864,2,train
3866,2,train
3867,2,train
3868,2,train
3869,2,train
3870,2,train
3872,2,train
3874,2,train
3876,2,train
3878,2,train
3879,2,train
3880,2,train
3881,2,train
3882,2,train
3883,2,train
3884,2,train
3885,2,train
3887,2,train
3889,2,train
3891,2,train
3892,2,train
3893,2,train
3894,2,train
3895,2,train
3897,2,train
3900,2,train
3901,2,train
3902,2,train
3903,2,train
3904,2,train
3905,2,train
3906,2,train
3907,2,train
3908,2,train
3909,2,train
3911,2,train
3912,2,train
3913,2,train
3914,2,train
3915,2,train
3916,2,train
3917,2,train
3918,2,train
3921,2,train
3922,2,train
3924,2,train
3926,2,train
3927,2,train
3928,2,train
3929,2,train
3930,2,train
3931,2,train
3935,2,train
3936,2,train
3939,2,train
3940,2,train
3941,2,train
3942,2,train
3943,2,train
3945,2,train
3946,2,train
3947,2,train
3948,2,train
3949,2,train
3950,2,train
3952,2,train
3953,2,train
3954,2,train
3955,2,train
3956,2,train
3957,2,train
3958,2,train
3959,2,train
3960,2,train
3961,2,train
3962,2,train
3963,2,train
3964,2,train
3965,2,train
3966,2,train
3967,2,train
3970,2,train
3972,2,train
3974,2,train
3975,2,train
3976,2,train
3977,2,train
7072,2,train
7073,2,train
7075,2,train
7076,2,train
7077,2,train
7078,2,train
7079,2,train
7081,2,train
7082,2,train
7083,2,train
7085,2,train
7086,2,train
7088,2,train
7089,2,train
7094,2,train
7095,2,train
7096,2,train
7099,2,train
7100,2,train
7101,2,train
7103,2,train
7104,2,train
7105,2,train
7106,2,train
7107,2,train
7108,2,train
7109,2,train
7110,2,train
7111,2,train
7112,2,train
7114,2,train
7115,2,train
7116,2,train
7117,2,train
7118,2,train
7119,2,train
7121,2,train
7122,2,train
7123,2,train
7125,2,train
7127,2,train
7128,2,train
7129,2,train
7130,2,train
7131,2,train
7132,2,train
7136,2,train
7137,2,train
7138,2,train
7139,2,train
7140,2,train
7141,2,train
7146,2,train
7148,2,train
7149,2,train
7150,2,train
7151,2,train
7153,2,train
7154,2,train
7156,2,train
7159,2,train
7160,2,train
7161,2,train
7162,2,train
7163,2,train
7164,2,train
7165,2,train
7166,2,train
7167,2,train
7169,2,train
7171,2,train
7172,2,train
7173,2,train
7174,2,train
7175,2,train
7176,2,train
7177,2,train
7178,2,train
7179,2,train
7181,2,train
7182,2,train
7183,2,train
7184,2,train
7185,2,train
7186,2,train
7187,2,train
7188,2,train
7190,2,train
7191,2,train
7192,2,train
7193,2,train
7194,2,train
7196,2,train
7197,2,train
7198,2,train
7199,2,train
7200,2,train
7201,2,train
7202,2,train
7203,2,train
7205,2,train
7208,2,train
7211,2,train
7212,2,train
7214,2,train
7215,2,train
7218,2,train
7221,2,train
7222,2,train
7223,2,train
7224,2,train
7225,2,train
7226,2,train
7227,2,train
7228,2,train
7229,2,train
7230,2,train
7231,2,train
7232,2,train
7233,2,train
7235,2,train
7236,2,train
7237,2,train
7238,2,train
7240,2,train
7241,2,train
7243,2,train
7245,2,train
7248,2,train
7251,2,train
7252,2,train
7253,2,train
7254,2,train
7256,2,train
7257,2,train
7259,2,train
7260,2,train
7261,2,train
7262,2,train
7263,2,train
7264,2,train
7265,2,train
7266,2,train
7269,2,train
7270,2,train
7271,2,train
7273,2,train
7274,2,train
7275,2,train
7276,2,train
7277,2,train
7278,2,train
7280,2,train
7281,2,train
7283,2,train
7284,2,train
7287,2,train
7288,2,train
7289,2,train
7290,2,train
7291,2,train
7292,2,train
7293,2,train
7295,2,train
7296,2,train
7297,2,train
7298,2,train
7300,2,train
7301,2,train
7303,2,train
7304,2,train
7305,2,train
7308,2,train
7310,2,train
7311,2,train
7312,2,train
7313,2,train
7316,2,train
7317,2,train
7318,2,train
7320,2,train
7321,2,train
7322,2,train
7324,2,train
7325,2,train
7326,2,train
7327,2,train
7328,2,train
7329,2,train
7331,2,train
7332,2,train
7333,2,train
7335,2,train
7336,2,train
7338,2,train
7339,2,train
7340,2,train
7341,2,train
7343,2,train
7344,2,train
7347,2,train
7348,2,train
7349,2,train
7350,2,train
7351,2,train
7352,2,train
7353,2,train
7354,2,train
7355,2,train
7356,2,train
7357,2,train
7360,2,train
7362,2,train
7363,2,train
7366,2,train
7367,2,train
7368,2,train
7369,2,train
7370,2,train
7371,2,train
7372,2,train
7373,2,train
7374,2,train
7376,2,train
7378,2,train
7379,2,train
7380,2,train
7381,2,train
7382,2,train
7383,2,train
7384,2,train
7386,2,train
7387,2,train
7388,2,train
7389,2,train
7390,2,train
7392,2,train
7394,2,train
7397,2,train
7398,2,train
7399,2,train
7402,2,train
7403,2,train
7404,2,train
7408,2,train
7409,2,train
7410,2,train
7411,2,train
7415,2,train
7416,2,train
7417,2,train
7418,2,train
7419,2,train
7421,2,train
7422,2,train
7423,2,train
7424,2,train
7425,2,train
7426,2,train
7427,2,train
7428,2,train
7429,2,train
7430,2,train
7431,2,train
7432,2,train
7433,2,train
7435,2,train
7436,2,train
7438,2,train
7439,2,train
7440,2,train
7441,2,train
7442,2,train
7443,2,train
7444,2,train
7447,2,train
7448,2,train
7449,2,train
7451,2,train
7452,2,train
7453,2,train
7454,2,train
7455,2,train
7456,2,train
7458,2,train
7463,2,train
7464,2,train
7465,2,train
7467,2,train
7468,2,train
7472,2,train
7473,2,train
7474,2,train
7475,2,train
7476,2,train
7480,2,train
7481,2,train
7482,2,train
7483,2,train
7484,2,train
7485,2,train
7486,2,train
7487,2,train
7488,2,train
7489,2,train
7490,2,train
7491,2,train
7492,2,train
7493,2,train
7494,2,train
7496,2,train
7498,2,train
7499,2,train
7500,2,train
7501,2,train
7502,2,train
7504,2,train
7505,2,train
7506,2,train
7507,2,train
7508,2,train
7509,2,train
7511,2,train
7512,2,train
7513,2,train
10608,2,train
10611,2,train
10612,2,train
10614,2,train
10615,2,train
10616,2,train
10617,2,train
10618,2,train
10619,2,train
10620,2,train
10622,2,train
10623,2,train
10624,2,train
10625,2,train
10628,2,train
10629,2,train
10630,2,train
10632,2,train
10633,2,train
10634,2,train
10635,2,train
10636,2,train
10637,2,train
10638,2,train
10639,2,train
10640,2,train
10642,2,train
10645,2,train
10646,2,train
10647,2,train
10648,2,train
10650,2,train
10651,2,train
10652,2,train
10653,2,train
10655,2,train
10657,2,train
10658,2,train
10659,2,train
10661,2,train
10662,2,train
10663,2,train
10664,2,train
10665,2,train
10666,2,train
10667,2,train
10668,2,train
10670,2,train
10671,2,train
10672,2,train
10674,2,train
10677,2,train
10680,2,train
10681,2,train
10682,2,train
10684,2,train
10686,2,train
10687,2,train
10688,2,train
10689,2,train
10690,2,train
10691,2,train
10692,2,train
10694,2,train
10696,2,train
10700,2,train
10701,2,train
10704,2,train
10709,2,train
10710,2,train
10711,2,train
10712,2,train
10716,2,train
10717,2,train
10718,2,train
10719,2,train
10721,2,train
10722,2,train
10723,2,train
10724,2,train
10725,2,train
10726,2,train
10727,2,train
10728,2,train
10729,2,train
10734,2,train
10735,2,train
10738,2,train
10740,2,train
10741,2,train
10742,2,train
10743,2,train
10745,2,train
10746,2,train
10747,2,train
10748,2,train
10749,2,train
10754,2,train
10755,2,train
10756,2,train
10757,2,train
10758,2,train
10761,2,train
10762,2,train
10763,2,train
10764,2,train
10765,2,train
10766,2,train
10767,2,train
10768,2,train
10771,2,train
10774,2,train
10777,2,train
10779,2,train
10780,2,train
10781,2,train
10783,2,train
10786,2,train
10787,2,train
10788,2,train
10790,2,train
10791,2,train
10792,2,train
10796,2,train
10797,2,train
10799,2,train
10800,2,train
10802,2,train
10805,2,train
10806,2,train
10807,2,train
10808,2,train
10810,2,train
10811,2,train
10812,2,train
10813,2,train
10817,2,train
10818,2,train
10819,2,train
10820,2,train
10821,2,train
10822,2,train
10823,2,train
10824,2,train
10826,2,train
10827,2,train
10829,2,train
10830,2,train
10832,2,train
10833,2,train
10834,2,train
10835,2,train
10837,2,train
10838,2,train
10839,2,train
10840,2,train
10841,2,train
10843,2,train
10844,2,train
10845,2,train
10847,2,train
10848,2,train
10849,2,train
10854,2,train
10855,2,train
10856,2,train
10857,2,train
10858,2,train
10859,2,train
10860,2,train
10861,2,train
10863,2,train
10865,2,train
10868,2,train
10869,2,train
10870,2,train
10872,2,train
10873,2,train
10874,2,train
10875,2,train
10877,2,train
10878,2,train
10879,2,train
10880,2,train
10881,2,train
10882,2,train
10884,2,train
10885,2,train
10887,2,train
10888,2,train
10889,2,train
10890,2,train
10891,2,train
10892,2,train
10893,2,train
10894,2,train
10895,2,train
10897,2,train
10898,2,train
10899,2,train
10900,2,train
10901,2,train
10902,2,train
10903,2,train
10904,2,train
10907,2,train
10909,2,train
10910,2,train
10911,2,train
10912,2,train
10913,2,train
10914,2,train
10915,2,train
10917,2,train
10920,2,train
10921,2,train
10922,2,train
10923,2,train
10924,2,train
10925,2,train
10926,2,train
10927,2,train
10928,2,train
10929,2,train
10930,2,train
10931,2,train
10932,2,train
10933,2,train
10934,2,train
10935,2,train
10937,2,train
10938,2,train
10939,2,train
10940,2,train
10944,2,train
10946,2,train
10950,2,train
10951,2,train
10953,2,train
10954,2,train
10955,2,train
10956,2,train
10957,2,train
10958,2,train
10961,2,train
10962,2,train
10964,2,train
10965,2,train
10966,2,train
10967,2,train
10969,2,train
10970,2,train
10972,2,train
10975,2,train
10976,2,train
10979,2,train
10980,2,train
10981,2,train
10982,2,train
10983,2,train
10985,2,train
10986,2,train
10987,2,train
10988,2,train
10989,2,train
10991,2,train
10993,2,train
10996,2,train
10997,2,train
10999,2,train
11000,2,train
11001,2,train
11002,2,train
11003,2,train
11004,2,train
11005,2,train
11006,2,train
11007,2,train
11008,2,train
11009,2,train
11010,2,train
11013,2,train
11016,2,train
11017,2,train
11018,2,train
11019,2,train
11020,2,train
11021,2,train
11022,2,train
11023,2,train
11025,2,train
11027,2,train
11029,2,train
11030,2,train
11032,2,train
11034,2,train
11035,2,train
11038,2,train
11039,2,train
11040,2,train
11042,2,train
11044,2,train
11047,2,train
11050,2,train
11051,2,train
11052,2,train
11053,2,train
11056,2,train
11057,2,train
11058,2,train
11059,2,train
11060,2,train
11061,2,train
11062,2,train
11064,2,train
11065,2,train
11066,2,train
11067,2,train
11070,2,train
11074,2,train
11075,2,train
11076,2,train
11081,2,train
11082,2,train
11085,2,train
11086,2,train
11087,2,train
11090,2,train
11091,2,train
11092,2,train
11093,2,train
11094,2,train
11096,2,train
11098,2,train
11100,2,train
11101,2,train
11102,2,train
11103,2,train
11104,2,train
11107,2,train
11109,2,train
11110,2,train
11111,2,train
11112,2,train
11113,2,train
11114,2,train
11117,2,train
11118,2,train
11119,2,train
11120,2,train
11122,2,train
11123,2,train
11124,2,train
11125,2,train
11127,2,train
11128,2,train
11129,2,train
11131,2,train
11133,2,train
11134,2,train
11136,2,train
11138,2,train
11139,2,train
11140,2,train
11142,2,train
11143,2,train
11144,2,train
11145,2,train
11146,2,train
11147,2,train
11148,2,train
11150,2,train
11152,2,train
11153,2,train
11154,2,train
11157,2,train
11159,2,train
11160,2,train
11161,2,train
11162,2,train
11163,2,train
11164,2,train
11165,2,train
11166,2,train
11168,2,train
11169,2,train
11170,2,train
11171,2,train
11172,2,train
11173,2,train
11174,2,train
11175,2,train
11176,2,train
11177,2,train
11179,2,train
11183,2,train
11184,2,train
11186,2,train
11187,2,train
11188,2,train
11190,2,train
11191,2,train
11194,2,train
11195,2,train
11197,2,train
11198,2,train
11199,2,train
11200,2,train
11201,2,train
11202,2,train
11203,2,train
11204,2,train
11205,2,train
11206,2,train
11208,2,train
11209,2,train
11210,2,train
11211,2,train
11215,2,train
11216,2,train
11217,2,train
11218,2,train
11219,2,train
11220,2,train
11222,2,train
11223,2,train
11224,2,train
11226,2,train
11228,2,train
11229,2,train
11231,2,train
11233,2,train
11234,2,train
11235,2,train
11238,2,train
11241,2,train
11242,2,train
11243,2,train
11244,2,train
11245,2,train
11246,2,train
11248,2,train
11249,2,train
11250,2,train
11251,2,train
11253,2,train
11255,2,train
11256,2,train
11257,2,train
11258,2,train
11259,2,train
11260,2,train
11261,2,train
11262,2,train
11263,2,train
11264,2,train
11265,2,train
11266,2,train
11268,2,train
11271,2,train
11272,2,train
11273,2,train
11274,2,train
11275,2,train
11276,2,train
11278,2,train
11279,2,train
11280,2,train
11282,2,train
11283,2,train
11285,2,train
11287,2,train
11288,2,train
11289,2,train
11290,2,train
11291,2,train
11293,2,train
11294,2,train
11295,2,train
11296,2,train
11297,2,train
11298,2,train
11299,2,train
11300,2,train
11303,2,train
11305,2,train
11306,2,train
11307,2,train
11309,2,train
11310,2,train
11311,2,train
11312,2,train
11313,2,train
11314,2,train
11315,2,train
11316,2,train
11317,2,train
11319,2,train
11320,2,train
11322,2,train
11323,2,train
11325,2,train
11326,2,train
11327,2,train
11328,2,train
11330,2,train
11331,2,train
11332,2,train
11335,2,train
11337,2,train
11340,2,train
11341,2,train
11343,2,train
11344,2,train
11345,2,train
11346,2,train
11347,2,train
11348,2,train
11349,2,train
11353,2,train
11354,2,train
11355,2,train
11356,2,train
11359,2,train
11361,2,train
11362,2,train
11363,2,train
11364,2,train
11366,2,train
11367,2,train
11368,2,train
11369,2,train
11370,2,train
11371,2,train
11373,2,train
11374,2,train
11376,2,train
11378,2,train
11379,2,train
11380,2,train
11381,2,train
11382,2,train
11383,2,train
11384,2,train
11386,2,train
11387,2,train
11391,2,train
11393,2,train
11394,2,train
11395,2,train
11396,2,train
11399,2,train
11400,2,train
11401,2,train
11402,2,train
11403,2,train
11405,2,train
11406,2,train
11408,2,train
11409,2,train
11411,2,train
11412,2,train
11413,2,train
11414,2,train
11415,2,train
11416,2,train
11418,2,train
11419,2,train
11421,2,train
11422,2,train
11423,2,train
11424,2,train
11425,2,train
11426,2,train
11428,2,train
11429,2,train
11430,2,train
11433,2,train
11434,2,train
11435,2,train
11437,2,train
11438,2,train
11439,2,train
11442,2,train
11443,2,train
11444,2,train
11445,2,train
11446,2,train
11447,2,train
11450,2,train
11451,2,train
11452,2,train
11453,2,train
11454,2,train
11456,2,train
11457,2,train
11459,2,train
11460,2,train
11462,2,train
11463,2,train
11464,2,train
11465,2,train
11466,2,train
11468,2,train
11469,2,train
11470,2,train
11471,2,train
11473,2,train
11474,2,train
11475,2,train
11476,2,train
11478,2,train
11479,2,train
11480,2,train
11481,2,train
11483,2,train
11484,2,train
11486,2,train
11488,2,train
11490,2,train
11491,2,train
12376,2,train
12377,2,train
12378,2,train
12381,2,train
12382,2,train
12383,2,train
12386,2,train
12388,2,train
12391,2,train
12392,2,train
12394,2,train
12396,2,train
12398,2,train
12400,2,train
12401,2,train
12402,2,train
12406,2,train
12407,2,train
12410,2,train
12411,2,train
12412,2,train
12413,2,train
12414,2,train
12415,2,train
12418,2,train
12419,2,train
12421,2,train
12423,2,train
12424,2,train
12425,2,train
12427,2,train
12428,2,train
12431,2,train
12433,2,train
12434,2,train
12436,2,train
12441,2,train
12443,2,train
12445,2,train
12447,2,train
12448,2,train
12449,2,train
12452,2,train
12454,2,train
12456,2,train
12457,2,train
12458,2,train
12459,2,train
12460,2,train
12461,2,train
12462,2,train
12463,2,train
12464,2,train
12465,2,train
12466,2,train
12468,2,train
12469,2,train
12471,2,train
12472,2,train
12473,2,train
12474,2,train
12477,2,train
12478,2,train
12481,2,train
12483,2,train
12484,2,train
12485,2,train
12486,2,train
12487,2,train
12488,2,train
12489,2,train
12490,2,train
12492,2,train
12493,2,train
12496,2,train
12497,2,train
12498,2,train
12499,2,train
12500,2,train
12501,2,train
12502,2,train
12503,2,train
12506,2,train
12507,2,train
12508,2,train
12509,2,train
12510,2,train
12511,2,train
12512,2,train
12513,2,train
12514,2,train
12515,2,train
12516,2,train
12517,2,train
12518,2,train
12519,2,train
12520,2,train
12521,2,train
12522,2,train
12524,2,train
12527,2,train
12528,2,train
12529,2,train
12530,2,train
12532,2,train
12533,2,train
12534,2,train
12535,2,train
12536,2,train
12537,2,train
12540,2,train
12541,2,train
12543,2,train
12544,2,train
12546,2,train
12547,2,train
12548,2,train
12549,2,train
12551,2,train
12553,2,train
12554,2,train
12555,2,train
12557,2,train
12558,2,train
12559,2,train
12560,2,train
12561,2,train
12563,2,train
12565,2,train
12567,2,train
12568,2,train
12570,2,train
12571,2,train
12572,2,train
12573,2,train
12574,2,train
12577,2,train
12578,2,train
12579,2,train
12580,2,train
12581,2,train
12582,2,train
12583,2,train
12584,2,train
12587,2,train
12588,2,train
12589,2,train
12590,2,train
12592,2,train
12593,2,train
12594,2,train
12595,2,train
12597,2,train
12598,2,train
12601,2,train
12602,2,train
12603,2,train
12605,2,train
12606,2,train
12607,2,train
12609,2,train
12610,2,train
12611,2,train
12612,2,train
12613,2,train
12614,2,train
12615,2,train
12616,2,train
12618,2,train
12619,2,train
12620,2,train
12621,2,train
12623,2,train
12624,2,train
12625,2,train
12626,2,train
12627,2,train
12628,2,train
12629,2,train
12630,2,train
12631,2,train
12632,2,train
12633,2,train
12635,2,train
12636,2,train
12638,2,train
12639,2,train
12640,2,train
12641,2,train
12642,2,train
12643,2,train
12644,2,train
12646,2,train
12647,2,train
12648,2,train
12650,2,train
12651,2,train
12652,2,train
12653,2,train
12654,2,train
12656,2,train
12657,2,train
12659,2,train
12661,2,train
12662,2,train
12664,2,train
12665,2,train
12667,2,train
12668,2,train
12669,2,train
12670,2,train
12672,2,train
12673,2,train
12675,2,train
12676,2,train
12678,2,train
12679,2,train
12680,2,train
12681,2,train
12682,2,train
12683,2,train
12684,2,train
12685,2,train
12686,2,train
12687,2,train
12688,2,train
12690,2,train
12691,2,train
12692,2,train
12693,2,train
12694,2,train
12695,2,train
12696,2,train
12698,2,train
12699,2,train
12700,2,train
12701,2,train
12702,2,train
12703,2,train
12704,2,train
12705,2,train
12709,2,train
12711,2,train
12712,2,train
12713,2,train
12714,2,train
12715,2,train
12716,2,train
12717,2,train
12718,2,train
12719,2,train
12720,2,train
12721,2,train
12723,2,train
12724,2,train
12725,2,train
12726,2,train
12730,2,train
12731,2,train
12733,2,train
12735,2,train
12737,2,train
12739,2,train
12740,2,train
12742,2,train
12743,2,train
12745,2,train
12748,2,train
12751,2,train
12753,2,train
12754,2,train
12755,2,train
12758,2,train
12759,2,train
12760,2,train
12761,2,train
12762,2,train
12765,2,train
12766,2,train
12767,2,train
12768,2,train
12771,2,train
12773,2,train
12776,2,train
12777,2,train
12778,2,train
12779,2,train
12780,2,train
12781,2,train
12782,2,train
12783,2,train
12784,2,train
12785,2,train
12787,2,train
12788,2,train
12789,2,train
12791,2,train
12792,2,train
12795,2,train
12796,2,train
12797,2,train
12799,2,train
12800,2,train
12801,2,train
12803,2,train
12808,2,train
12810,2,train
12811,2,train
12812,2,train
12813,2,train
12814,2,train
12815,2,train
12817,2,train
15028,2,train
15029,2,train
15033,2,train
15036,2,train
15037,2,train
15038,2,train
15041,2,train
15042,2,train
15044,2,train
15045,2,train
15046,2,train
15047,2,train
15048,2,train
15049,2,train
15051,2,train
15052,2,train
15053,2,train
15055,2,train
15056,2,train
15057,2,train
15058,2,train
15060,2,train
15061,2,train
15062,2,train
15063,2,train
15065,2,train
15066,2,train
15067,2,train
15068,2,train
15069,2,train
15070,2,train
15071,2,train
15072,2,train
15073,2,train
15074,2,train
15076,2,train
15077,2,train
15079,2,train
15080,2,train
15081,2,train
15082,2,train
15084,2,train
15085,2,train
15086,2,train
15087,2,train
15088,2,train
15089,2,train
15090,2,train
15091,2,train
15092,2,train
15093,2,train
15094,2,train
15098,2,train
15100,2,train
15101,2,train
15102,2,train
15103,2,train
15104,2,train
15105,2,train
15107,2,train
15111,2,train
15115,2,train
15116,2,train
15117,2,train
15118,2,train
15119,2,train
15120,2,train
15121,2,train
15122,2,train
15123,2,train
15124,2,train
15125,2,train
15126,2,train
15127,2,train
15128,2,train
15131,2,train
15133,2,train
15134,2,train
15136,2,train
15137,2,train
15138,2,train
15139,2,train
15141,2,train
15142,2,train
15143,2,train
15146,2,train
15147,2,train
15148,2,train
15149,2,train
15153,2,train
15154,2,train
15157,2,train
15158,2,train
15159,2,train
15160,2,train
15161,2,train
15162,2,train
15163,2,train
15164,2,train
15165,2,train
15166,2,train
15167,2,train
15168,2,train
15170,2,train
15171,2,train
15172,2,train
15173,2,train
15174,2,train
15175,2,train
15178,2,train
15180,2,train
15181,2,train
15183,2,train
15184,2,train
15185,2,train
15186,2,train
15187,2,train
15188,2,train
15189,2,train
15190,2,train
15191,2,train
15192,2,train
15193,2,train
15194,2,train
15195,2,train
15196,2,train
15198,2,train
15203,2,train
15206,2,train
15207,2,train
15208,2,train
15210,2,train
15212,2,train
15213,2,train
15214,2,train
15216,2,train
15217,2,train
15218,2,train
15219,2,train
15220,2,train
15222,2,train
15223,2,train
15225,2,train
15226,2,train
15227,2,train
15228,2,train
15231,2,train
15232,2,train
15234,2,train
15235,2,train
15245,2,train
15246,2,train
15248,2,train
15249,2,train
15252,2,train
15253,2,train
15255,2,train
15256,2,train
15259,2,train
15260,2,train
15263,2,train
15265,2,train
15266,2,train
15267,2,train
15268,2,train
15271,2,train
15272,2,train
15273,2,train
15274,2,train
15275,2,train
15276,2,train
15277,2,train
15278,2,train
15280,2,train
15281,2,train
15282,2,train
15283,2,train
15285,2,train
15287,2,train
15288,2,train
15290,2,train
15291,2,train
15292,2,train
15293,2,train
15295,2,train
15296,2,train
15300,2,train
15301,2,train
15302,2,train
15303,2,train
15304,2,train
15305,2,train
15306,2,train
15309,2,train
15311,2,train
15312,2,train
15320,2,train
15321,2,train
15322,2,train
15323,2,train
15324,2,train
15328,2,train
15329,2,train
15330,2,train
15331,2,train
15332,2,train
15333,2,train
15334,2,train
15336,2,train
15337,2,train
15339,2,train
15340,2,train
15344,2,train
15346,2,train
15347,2,train
15348,2,train
15349,2,train
15350,2,train
15351,2,train
15353,2,train
15354,2,train
15355,2,train
15356,2,train
15357,2,train
15358,2,train
15359,2,train
15360,2,train
15361,2,train
15365,2,train
15369,2,train
15370,2,train
15371,2,train
15372,2,train
15374,2,train
15375,2,train
15376,2,train
15380,2,train
15381,2,train
15382,2,train
15383,2,train
15385,2,train
15386,2,train
15387,2,train
15388,2,train
15390,2,train
15391,2,train
15394,2,train
15395,2,train
15396,2,train
15398,2,train
15399,2,train
15400,2,train
15401,2,train
15404,2,train
15406,2,train
15407,2,train
15408,2,train
15409,2,train
15410,2,train
15411,2,train
15412,2,train
15413,2,train
15414,2,train
15415,2,train
15417,2,train
15418,2,train
15419,2,train
15420,2,train
15421,2,train
15422,2,train
15423,2,train
15424,2,train
15426,2,train
15427,2,train
15428,2,train
15430,2,train
15431,2,train
15432,2,train
15433,2,train
15435,2,train
15436,2,train
15438,2,train
15439,2,train
15442,2,train
15443,2,train
15444,2,train
15445,2,train
15449,2,train
15450,2,train
15451,2,train
15452,2,train
15455,2,train
15456,2,train
15457,2,train
15459,2,train
15463,2,train
15464,2,train
15465,2,train
15467,2,train
15468,2,train
15469,2,train
19891,2,train
19892,2,train
19893,2,train
19896,2,train
19897,2,train
19901,2,train
19902,2,train
19903,2,train
19904,2,train
19905,2,train
19906,2,train
19907,2,train
19910,2,train
19911,2,train
19913,2,train
19914,2,train
19915,2,train
19916,2,train
19917,2,train
19919,2,train
19920,2,train
19921,2,train
19922,2,train
19924,2,train
19925,2,train
19926,2,train
19927,2,train
19928,2,train
19929,2,train
19930,2,train
19932,2,train
19935,2,train
19936,2,train
19937,2,train
19938,2,train
19940,2,train
19941,2,train
19942,2,train
19943,2,train
19945,2,train
19949,2,train
19951,2,train
19952,2,train
19956,2,train
19958,2,train
19959,2,train
19960,2,train
19961,2,train
19962,2,train
19963,2,train
19964,2,train
19967,2,train
19968,2,train
19970,2,train
19971,2,train
19973,2,train
19974,2,train
19975,2,train
19976,2,train
19977,2,train
19979,2,train
19981,2,train
19982,2,train
19983,2,train
19985,2,train
19986,2,train
19987,2,train
19988,2,train
19989,2,train
19990,2,train
19991,2,train
19992,2,train
19993,2,train
19994,2,train
19995,2,train
19997,2,train
20000,2,train
20001,2,train
20002,2,train
20003,2,train
20004,2,train
20005,2,train
20006,2,train
20008,2,train
20012,2,train
20013,2,train
20014,2,train
20015,2,train
20016,2,train
20017,2,train
20018,2,train
20020,2,train
20021,2,train
20023,2,train
20025,2,train
20026,2,train
20028,2,train
20029,2,train
20031,2,train
20032,2,train
20033,2,train
20034,2,train
20035,2,train
20036,2,train
20037,2,train
20040,2,train
20042,2,train
20044,2,train
20045,2,train
20046,2,train
20049,2,train
20052,2,train
20055,2,train
20056,2,train
20058,2,train
20060,2,train
20061,2,train
20062,2,train
20063,2,train
20065,2,train
20067,2,train
20068,2,train
20069,2,train
20071,2,train
20072,2,train
20073,2,train
20074,2,train
20077,2,train
20078,2,train
20079,2,train
20082,2,train
20083,2,train
20084,2,train
20087,2,train
20088,2,train
20089,2,train
20090,2,train
20091,2,train
20092,2,train
20094,2,train
20096,2,train
20098,2,train
20102,2,train
20103,2,train
20104,2,train
20106,2,train
20107,2,train
20108,2,train
20109,2,train
20110,2,train
20111,2,train
20112,2,train
20113,2,train
20114,2,train
20116,2,train
20117,2,train
20118,2,train
20119,2,train
20126,2,train
20127,2,train
20128,2,train
20130,2,train
20132,2,train
20134,2,train
20136,2,train
20140,2,train
20141,2,train
20142,2,train
20145,2,train
20146,2,train
20147,2,train
20148,2,train
20149,2,train
20153,2,train
20154,2,train
20155,2,train
20156,2,train
20157,2,train
20158,2,train
20160,2,train
20161,2,train
20162,2,train
20163,2,train
20164,2,train
20167,2,train
20168,2,train
20169,2,train
20170,2,train
20171,2,train
20172,2,train
20173,2,train
20174,2,train
20175,2,train
20176,2,train
20177,2,train
20180,2,train
20181,2,train
20182,2,train
20183,2,train
20184,2,train
20185,2,train
20187,2,train
20188,2,train
20189,2,train
20190,2,train
20192,2,train
20194,2,train
20198,2,train
20201,2,train
20203,2,train
20204,2,train
20205,2,train
20208,2,train
20209,2,train
20211,2,train
20213,2,train
20214,2,train
20215,2,train
20216,2,train
20218,2,train
20219,2,train
20220,2,train
20221,2,train
20222,2,train
20223,2,train
20225,2,train
20227,2,train
20230,2,train
20232,2,train
20234,2,train
20237,2,train
20239,2,train
20240,2,train
20241,2,train
20242,2,train
20244,2,train
20246,2,train
20247,2,train
20255,2,train
20257,2,train
20258,2,train
20259,2,train
20260,2,train
20261,2,train
20264,2,train
20266,2,train
20267,2,train
20269,2,train
20271,2,train
20272,2,train
20273,2,train
20274,2,train
20276,2,train
20277,2,train
20278,2,train
20279,2,train
20280,2,train
20281,2,train
20282,2,train
20283,2,train
20285,2,train
20286,2,train
20288,2,train
20289,2,train
20290,2,train
20291,2,train
20292,2,train
20293,2,train
20294,2,train
20295,2,train
20296,2,train
20298,2,train
20300,2,train
20304,2,train
20305,2,train
20307,2,train
20309,2,train
20310,2,train
20311,2,train
20316,2,train
20318,2,train
20319,2,train
20320,2,train
20322,2,train
20323,2,train
20324,2,train
20326,2,train
20327,2,train
20328,2,train
20329,2,train
20330,2,train
20331,2,train
20332,2,train
20333,2,train
20334,2,train
20335,2,train
20336,2,train
20337,2,train
20338,2,train
20339,2,train
20341,2,train
20342,2,train
20343,2,train
20345,2,train
20346,2,train
20347,2,train
20348,2,train
20349,2,train
20350,2,train
20351,2,train
20354,2,train
20355,2,train
20356,2,train
20357,2,train
20359,2,train
20360,2,train
20361,2,train
20362,2,train
20363,2,train
20364,2,train
20365,2,train
20366,2,train
20367,2,train
20369,2,train
20370,2,train
20371,2,train
20372,2,train
20373,2,train
20375,2,train
20376,2,train
20377,2,train
20379,2,train
20380,2,train
20381,2,train
20382,2,train
20384,2,train
20385,2,train
20386,2,train
20389,2,train
20390,2,train
20391,2,train
20392,2,train
20394,2,train
20395,2,train
20397,2,train
20399,2,train
20403,2,train
20404,2,train
20406,2,train
20407,2,train
20410,2,train
20414,2,train
20416,2,train
20417,2,train
20419,2,train
20420,2,train
20421,2,train
20422,2,train
20423,2,train
20425,2,train
20426,2,train
20429,2,train
20432,2,train
20433,2,train
20434,2,train
20435,2,train
20437,2,train
20438,2,train
20440,2,train
20442,2,train
20443,2,train
20444,2,train
20446,2,train
20447,2,train
20450,2,train
20451,2,train
20453,2,train
20454,2,train
20456,2,train
20457,2,train
20458,2,train
20459,2,train
20461,2,train
20462,2,train
20463,2,train
20465,2,train
20467,2,train
20468,2,train
20469,2,train
20470,2,train
20473,2,train
20474,2,train
20476,2,train
20477,2,train
20479,2,train
20480,2,train
20481,2,train
20482,2,train
20484,2,train
20485,2,train
20487,2,train
20488,2,train
20489,2,train
20490,2,train
20491,2,train
20492,2,train
20493,2,train
20494,2,train
20498,2,train
20499,2,train
20500,2,train
20501,2,train
20502,2,train
20503,2,train
20504,2,train
20505,2,train
20508,2,train
20511,2,train
20512,2,train
20513,2,train
20514,2,train
20515,2,train
20516,2,train
20517,2,train
20518,2,train
20519,2,train
20520,2,train
20521,2,train
20523,2,train
20526,2,train
20527,2,train
20528,2,train
20529,2,train
20530,2,train
20533,2,train
20535,2,train
20537,2,train
20538,2,train
20539,2,train
20540,2,train
20541,2,train
20546,2,train
20547,2,train
20548,2,train
20550,2,train
20552,2,train
20554,2,train
20556,2,train
20557,2,train
20560,2,train
20561,2,train
20562,2,train
20564,2,train
20565,2,train
20568,2,train
20569,2,train
20570,2,train
20571,2,train
20572,2,train
20574,2,train
20575,2,train
20576,2,train
20577,2,train
20578,2,train
20580,2,train
20581,2,train
20584,2,train
20585,2,train
20586,2,train
20587,2,train
20588,2,train
20589,2,train
20591,2,train
20595,2,train
20596,2,train
20597,2,train
20598,2,train
20601,2,train
20602,2,train
20603,2,train
20604,2,train
20605,2,train
20606,2,train
20607,2,train
20609,2,train
20610,2,train
20611,2,train
20612,2,train
20613,2,train
20614,2,train
20615,2,train
20616,2,train
20617,2,train
20618,2,train
20619,2,train
20620,2,train
20621,2,train
20622,2,train
20623,2,train
20624,2,train
20625,2,train
20626,2,train
20627,2,train
20628,2,train
20629,2,train
20630,2,train
20631,2,train
20632,2,train
20633,2,train
20634,2,train
20635,2,train
20636,2,train
20637,2,train
20638,2,train
20639,2,train
20641,2,train
20643,2,train
20645,2,train
20646,2,train
20647,2,train
20648,2,train
20649,2,train
20651,2,train
20652,2,train
20653,2,train
20654,2,train
20655,2,train
20656,2,train
20657,2,train
20658,2,train
20659,2,train
20661,2,train
20662,2,train
20663,2,train
20664,2,train
20665,2,train
20666,2,train
20667,2,train
20668,2,train
20669,2,train
20670,2,train
20671,2,train
20673,2,train
20674,2,train
20675,2,train
20676,2,train
20677,2,train
20678,2,train
20679,2,train
20680,2,train
20681,2,train
20682,2,train
20683,2,train
20684,2,train
20685,2,train
20686,2,train
20687,2,train
20688,2,train
20689,2,train
20690,2,train
20691,2,train
20692,2,train
20693,2,train
20694,2,train
20695,2,train
20696,2,train
20697,2,train
20699,2,train
20700,2,train
20701,2,train
20702,2,train
20703,2,train
20705,2,train
20706,2,train
20707,2,train
20708,2,train
20709,2,train
20711,2,train
20712,2,train
20715,2,train
20716,2,train
20718,2,train
20720,2,train
20722,2,train
20724,2,train
20725,2,train
20726,2,train
20728,2,train
20729,2,train
20730,2,train
20731,2,train
20732,2,train
20733,2,train
20734,2,train
20736,2,train
20737,2,train
20738,2,train
20741,2,train
20742,2,train
20743,2,train
20744,2,train
20745,2,train
20746,2,train
20747,2,train
20748,2,train
20749,2,train
20750,2,train
20753,2,train
20754,2,train
20755,2,train
20758,2,train
20763,2,train
20764,2,train
20765,2,train
20766,2,train
20767,2,train
20769,2,train
20770,2,train
20772,2,train
20773,2,train
21658,2,train
21659,2,train
21660,2,train
21662,2,train
21663,2,train
21665,2,train
21669,2,train
21670,2,train
21671,2,train
21672,2,train
21674,2,train
21677,2,train
21678,2,train
21680,2,train
21681,2,train
21684,2,train
21685,2,train
21687,2,train
21689,2,train
21690,2,train
21691,2,train
21692,2,train
21693,2,train
21694,2,train
21695,2,train
21697,2,train
21699,2,train
21700,2,train
21702,2,train
21703,2,train
21705,2,train
21708,2,train
21710,2,train
21711,2,train
21713,2,train
21716,2,train
21717,2,train
21718,2,train
21719,2,train
21720,2,train
21721,2,train
21723,2,train
21724,2,train
21725,2,train
21726,2,train
21729,2,train
21730,2,train
21731,2,train
21732,2,train
21733,2,train
21734,2,train
21735,2,train
21736,2,train
21737,2,train
21738,2,train
21740,2,train
21742,2,train
21744,2,train
21745,2,train
21746,2,train
21747,2,train
21748,2,train
21749,2,train
21750,2,train
21751,2,train
21752,2,train
21753,2,train
21754,2,train
21756,2,train
21757,2,train
21758,2,train
21759,2,train
21760,2,train
21762,2,train
21763,2,train
21764,2,train
21765,2,train
21766,2,train
21767,2,train
21772,2,train
21774,2,train
21775,2,train
21778,2,train
21779,2,train
21781,2,train
21782,2,train
21783,2,train
21786,2,train
21790,2,train
21791,2,train
21793,2,train
21794,2,train
21795,2,train
21796,2,train
21797,2,train
21799,2,train
21802,2,train
21803,2,train
21804,2,train
21805,2,train
21806,2,train
21808,2,train
21809,2,train
21811,2,train
21812,2,train
21813,2,train
21815,2,train
21816,2,train
21819,2,train
21820,2,train
21821,2,train
21823,2,train
21827,2,train
21828,2,train
21829,2,train
21830,2,train
21831,2,train
21834,2,train
21836,2,train
21837,2,train
21838,2,train
21839,2,train
21843,2,train
21845,2,train
21846,2,train
21848,2,train
21849,2,train
21850,2,train
21851,2,train
21852,2,train
21853,2,train
21854,2,train
21855,2,train
21857,2,train
21858,2,train
21859,2,train
21860,2,train
21862,2,train
21863,2,train
21865,2,train
21866,2,train
21868,2,train
21871,2,train
21873,2,train
21875,2,train
21876,2,train
21878,2,train
21879,2,train
21880,2,train
21881,2,train
21883,2,train
21884,2,train
21886,2,train
21887,2,train
21889,2,train
21890,2,train
21891,2,train
21892,2,train
21893,2,train
21894,2,train
21895,2,train
21896,2,train
21897,2,train
21899,2,train
21900,2,train
21901,2,train
21902,2,train
21903,2,train
21904,2,train
21905,2,train
21907,2,train
21908,2,train
21910,2,train
21911,2,train
21913,2,train
21914,2,train
21915,2,train
21917,2,train
21918,2,train
21919,2,train
21920,2,train
21921,2,train
21922,2,train
21924,2,train
21926,2,train
21927,2,train
21928,2,train
21929,2,train
21931,2,train
21932,2,train
21933,2,train
21934,2,train
21935,2,train
21936,2,train
21937,2,train
21938,2,train
21939,2,train
21941,2,train
21943,2,train
21947,2,train
21948,2,train
21949,2,train
21950,2,train
21952,2,train
21954,2,train
21956,2,train
21960,2,train
21961,2,train
21962,2,train
21963,2,train
21964,2,train
21965,2,train
21966,2,train
21968,2,train
21969,2,train
21970,2,train
21971,2,train
21972,2,train
21973,2,train
21974,2,train
21975,2,train
21976,2,train
21977,2,train
21978,2,train
21979,2,train
21980,2,train
21981,2,train
21982,2,train
21983,2,train
21985,2,train
21986,2,train
21988,2,train
21990,2,train
21992,2,train
21993,2,train
21994,2,train
21995,2,train
21996,2,train
21998,2,train
21999,2,train
22001,2,train
22003,2,train
22004,2,train
22005,2,train
22006,2,train
22008,2,train
22011,2,train
22012,2,train
22013,2,train
22014,2,train
22016,2,train
22017,2,train
22019,2,train
22020,2,train
22022,2,train
22024,2,train
22025,2,train
22026,2,train
22027,2,train
22028,2,train
22030,2,train
22032,2,train
22033,2,train
22034,2,train
22035,2,train
22036,2,train
22037,2,train
22038,2,train
22041,2,train
22042,2,train
22043,2,train
22044,2,train
22045,2,train
22047,2,train
22049,2,train
22050,2,train
22051,2,train
22052,2,train
22053,2,train
22056,2,train
22058,2,train
22059,2,train
22060,2,train
22061,2,train
22062,2,train
22063,2,train
22064,2,train
22066,2,train
22068,2,train
22069,2,train
22070,2,train
22072,2,train
22074,2,train
22075,2,train
22076,2,train
22077,2,train
22079,2,train
22080,2,train
22081,2,train
22082,2,train
22083,2,train
22084,2,train
22085,2,train
22087,2,train
22089,2,train
22092,2,train
22093,2,train
22094,2,train
22095,2,train
22099,2,train
22984,2,train
22985,2,train
22986,2,train
22987,2,train
22989,2,train
22991,2,train
22992,2,train
22995,2,train
22996,2,train
22997,2,train
22998,2,train
22999,2,train
23000,2,train
23002,2,train
23008,2,train
23009,2,train
23010,2,train
23011,2,train
23013,2,train
23014,2,train
23015,2,train
23016,2,train
23017,2,train
23018,2,train
23020,2,train
23024,2,train
23025,2,train
23027,2,train
23029,2,train
23030,2,train
23031,2,train
23032,2,train
23033,2,train
23034,2,train
23035,2,train
23036,2,train
23037,2,train
23038,2,train
23039,2,train
23040,2,train
23041,2,train
23044,2,train
23045,2,train
23049,2,train
23050,2,train
23051,2,train
23052,2,train
23053,2,train
23054,2,train
23055,2,train
23056,2,train
23057,2,train
23058,2,train
23059,2,train
23062,2,train
23065,2,train
23066,2,train
23067,2,train
23069,2,train
23070,2,train
23072,2,train
23073,2,train
23074,2,train
23076,2,train
23082,2,train
23084,2,train
23085,2,train
23086,2,train
23087,2,train
23089,2,train
23090,2,train
23092,2,train
23093,2,train
23094,2,train
23095,2,train
23097,2,train
23100,2,train
23101,2,train
23102,2,train
23103,2,train
23104,2,train
23106,2,train
23107,2,train
23108,2,train
23109,2,train
23110,2,train
23111,2,train
23112,2,train
23113,2,train
23115,2,train
23116,2,train
23117,2,train
23118,2,train
23119,2,train
23120,2,train
23122,2,train
23123,2,train
23125,2,train
23126,2,train
23127,2,train
23128,2,train
23129,2,train
23130,2,train
23131,2,train
23132,2,train
23133,2,train
23134,2,train
23136,2,train
23138,2,train
23140,2,train
23141,2,train
23144,2,train
23145,2,train
23146,2,train
23148,2,train
23149,2,train
23150,2,train
23151,2,train
23152,2,train
23153,2,train
23154,2,train
23155,2,train
23156,2,train
23158,2,train
23160,2,train
23161,2,train
23162,2,train
23163,2,train
23164,2,train
23167,2,train
23169,2,train
23170,2,train
23172,2,train
23173,2,train
23174,2,train
23175,2,train
23178,2,train
23180,2,train
23181,2,train
23182,2,train
23183,2,train
23186,2,train
23187,2,train
23189,2,train
23191,2,train
23192,2,train
23193,2,train
23194,2,train
23196,2,train
23198,2,train
23199,2,train
23202,2,train
23205,2,train
23206,2,train
23208,2,train
23209,2,train
23210,2,train
23211,2,train
23213,2,train
23216,2,train
23217,2,train
23218,2,train
23219,2,train
23220,2,train
23222,2,train
23224,2,train
23226,2,train
23227,2,train
23228,2,train
23229,2,train
23230,2,train
23231,2,train
23232,2,train
23233,2,train
23235,2,train
23236,2,train
23237,2,train
23238,2,train
23239,2,train
23240,2,train
23241,2,train
23242,2,train
23243,2,train
23248,2,train
23249,2,train
23252,2,train
23253,2,train
23254,2,train
23256,2,train
23257,2,train
23259,2,train
23260,2,train
23262,2,train
23264,2,train
23268,2,train
23269,2,train
23270,2,train
23272,2,train
23273,2,train
23274,2,train
23276,2,train
23277,2,train
23279,2,train
23280,2,train
23281,2,train
23282,2,train
23283,2,train
23284,2,train
23285,2,train
23286,2,train
23287,2,train
23288,2,train
23289,2,train
23290,2,train
23291,2,train
23292,2,train
23294,2,train
23295,2,train
23296,2,train
23297,2,train
23298,2,train
23300,2,train
23301,2,train
23302,2,train
23303,2,train
23304,2,train
23305,2,train
23306,2,train
23307,2,train
23309,2,train
23310,2,train
23313,2,train
23314,2,train
23315,2,train
23316,2,train
23317,2,train
23318,2,train
23319,2,train
23322,2,train
23324,2,train
23325,2,train
23327,2,train
23329,2,train
23330,2,train
23332,2,train
23333,2,train
23334,2,train
23335,2,train
23336,2,train
23337,2,train
23338,2,train
23341,2,train
23342,2,train
23345,2,train
23346,2,train
23347,2,train
23348,2,train
23349,2,train
23350,2,train
23351,2,train
23352,2,train
23353,2,train
23354,2,train
23355,2,train
23356,2,train
23358,2,train
23359,2,train
23360,2,train
23361,2,train
23362,2,train
23363,2,train
23365,2,train
23366,2,train
23367,2,train
23368,2,train
23369,2,train
23371,2,train
23372,2,train
23375,2,train
23377,2,train
23378,2,train
23379,2,train
23381,2,train
23383,2,train
23384,2,train
23385,2,train
23388,2,train
23390,2,train
23391,2,train
23393,2,train
23397,2,train
23398,2,train
23399,2,train
23401,2,train
23402,2,train
23403,2,train
23404,2,train
23405,2,train
23406,2,train
23407,2,train
23412,2,train
23415,2,train
23416,2,train
23417,2,train
23418,2,train
23419,2,train
23422,2,train
23423,2,train
23424,2,train
23425,2,train
26963,2,train
26964,2,train
26965,2,train
26966,2,train
26967,2,train
26969,2,train
26970,2,train
26971,2,train
26972,2,train
26973,2,train
26974,2,train
26975,2,train
26976,2,train
26977,2,train
26978,2,train
26979,2,train
26980,2,train
26983,2,train
26985,2,train
26987,2,train
26993,2,train
26994,2,train
26995,2,train
26997,2,train
26998,2,train
26999,2,train
27001,2,train
27002,2,train
27003,2,train
27004,2,train
27006,2,train
27009,2,train
27010,2,train
27011,2,train
27012,2,train
27014,2,train
27015,2,train
27016,2,train
27017,2,train
27018,2,train
27019,2,train
27020,2,train
27021,2,train
27022,2,train
27024,2,train
27026,2,train
27027,2,train
27028,2,train
27029,2,train
27030,2,train
27031,2,train
27033,2,train
27034,2,train
27037,2,train
27040,2,train
27041,2,train
27043,2,train
27044,2,train
27045,2,train
27046,2,train
27047,2,train
27048,2,train
27050,2,train
27051,2,train
27052,2,train
27053,2,train
27054,2,train
27055,2,train
27056,2,train
27057,2,train
27058,2,train
27061,2,train
27062,2,train
27063,2,train
27064,2,train
27065,2,train
27066,2,train
27068,2,train
27069,2,train
27070,2,train
27071,2,train
27072,2,train
27073,2,train
27074,2,train
27075,2,train
27076,2,train
27079,2,train
27080,2,train
27084,2,train
27085,2,train
27086,2,train
27088,2,train
27089,2,train
27091,2,train
27092,2,train
27094,2,train
27096,2,train
27097,2,train
27098,2,train
27103,2,train
27104,2,train
27105,2,train
27107,2,train
27108,2,train
27109,2,train
27110,2,train
27113,2,train
27114,2,train
27115,2,train
27116,2,train
27118,2,train
27119,2,train
27120,2,train
27121,2,train
27122,2,train
27123,2,train
27125,2,train
27127,2,train
27128,2,train
27129,2,train
27131,2,train
27133,2,train
27134,2,train
27136,2,train
27139,2,train
27140,2,train
27143,2,train
27144,2,train
27145,2,train
27146,2,train
27147,2,train
27148,2,train
27150,2,train
27151,2,train
27152,2,train
27153,2,train
27154,2,train
27155,2,train
27158,2,train
27159,2,train
27161,2,train
27162,2,train
27164,2,train
27166,2,train
27167,2,train
27168,2,train
27170,2,train
27171,2,train
27173,2,train
27174,2,train
27175,2,train
27176,2,train
27177,2,train
27178,2,train
27180,2,train
27181,2,train
27182,2,train
27183,2,train
27184,2,train
27185,2,train
27186,2,train
27187,2,train
27188,2,train
27189,2,train
27190,2,train
27191,2,train
27193,2,train
27195,2,train
27196,2,train
27197,2,train
27200,2,train
27201,2,train
27202,2,train
27204,2,train
27205,2,train
27206,2,train
27207,2,train
27208,2,train
27209,2,train
27210,2,train
27212,2,train
27213,2,train
27215,2,train
27216,2,train
27217,2,train
27218,2,train
27220,2,train
27221,2,train
27222,2,train
27223,2,train
27224,2,train
27226,2,train
27227,2,train
27228,2,train
27230,2,train
27231,2,train
27232,2,train
27233,2,train
27234,2,train
27237,2,train
27239,2,train
27240,2,train
27241,2,train
27242,2,train
27243,2,train
27244,2,train
27245,2,train
27247,2,train
27248,2,train
27249,2,train
27250,2,train
27252,2,train
27253,2,train
27254,2,train
27255,2,train
27257,2,train
27258,2,train
27260,2,train
27261,2,train
27262,2,train
27265,2,train
27266,2,train
27267,2,train
27269,2,train
27270,2,train
27273,2,train
27274,2,train
27276,2,train
27277,2,train
27278,2,train
27279,2,train
27280,2,train
27281,2,train
27282,2,train
27285,2,train
27286,2,train
27288,2,train
27291,2,train
27292,2,train
27293,2,train
27294,2,train
27299,2,train
27300,2,train
27301,2,train
27303,2,train
27304,2,train
27305,2,train
27306,2,train
27307,2,train
27308,2,train
27309,2,train
27310,2,train
27311,2,train
27312,2,train
27313,2,train
27315,2,train
27316,2,train
27318,2,train
27319,2,train
27320,2,train
27321,2,train
27323,2,train
27325,2,train
27326,2,train
27327,2,train
27328,2,train
27329,2,train
27330,2,train
27331,2,train
27333,2,train
27335,2,train
27337,2,train
27339,2,train
27341,2,train
27342,2,train
27343,2,train
27344,2,train
27345,2,train
27347,2,train
27349,2,train
27350,2,train
27352,2,train
27353,2,train
27355,2,train
27360,2,train
27362,2,train
27364,2,train
27365,2,train
27366,2,train
27367,2,train
27368,2,train
27370,2,train
27373,2,train
27374,2,train
27375,2,train
27376,2,train
27377,2,train
27378,2,train
27379,2,train
27383,2,train
27384,2,train
27385,2,train
27386,2,train
27387,2,train
27389,2,train
27390,2,train
27391,2,train
27392,2,train
27393,2,train
27394,2,train
27395,2,train
27397,2,train
27398,2,train
27399,2,train
27400,2,train
27401,2,train
27402,2,train
27403,2,train
1329,2,val
1334,2,val
1341,2,val
1345,2,val
1348,2,val
1349,2,val
1357,2,val
1361,2,val
1371,2,val
1389,2,val
1391,2,val
1397,2,val
1399,2,val
1402,2,val
1405,2,val
1429,2,val
1434,2,val
1442,2,val
1443,2,val
1453,2,val
1462,2,val
1469,2,val
1483,2,val
1486,2,val
1498,2,val
1501,2,val
1522,2,val
1548,2,val
1564,2,val
1592,2,val
1594,2,val
1602,2,val
1608,2,val
1626,2,val
1636,2,val
1646,2,val
1649,2,val
1668,2,val
1677,2,val
1678,2,val
1679,2,val
1713,2,val
1719,2,val
1732,2,val
1733,2,val
1747,2,val
1750,2,val
1751,2,val
1756,2,val
3102,2,val
3119,2,val
3128,2,val
3132,2,val
3143,2,val
3154,2,val
3160,2,val
3170,2,val
3189,2,val
3196,2,val
3202,2,val
3227,2,val
3235,2,val
3238,2,val
3272,2,val
3298,2,val
3302,2,val
3311,2,val
3314,2,val
3333,2,val
3342,2,val
3343,2,val
3346,2,val
3367,2,val
3370,2,val
3410,2,val
3411,2,val
3413,2,val
3419,2,val
3433,2,val
3443,2,val
3447,2,val
3450,2,val
3475,2,val
3484,2,val
3486,2,val
3511,2,val
3568,2,val
3589,2,val
3594,2,val
3601,2,val
3603,2,val
3611,2,val
3632,2,val
3634,2,val
3648,2,val
3662,2,val
3664,2,val
3666,2,val
3672,2,val
3680,2,val
3697,2,val
3698,2,val
3699,2,val
3701,2,val
3712,2,val
3722,2,val
3723,2,val
3728,2,val
3730,2,val
3743,2,val
3752,2,val
3759,2,val
3764,2,val
3768,2,val
3773,2,val
3788,2,val
3799,2,val
3808,2,val
3812,2,val
3820,2,val
3823,2,val
3840,2,val
3843,2,val
3847,2,val
3865,2,val
3875,2,val
3877,2,val
3890,2,val
3920,2,val
3925,2,val
3944,2,val
3968,2,val
7074,2,val
7084,2,val
7087,2,val
7102,2,val
7124,2,val
7142,2,val
7145,2,val
7147,2,val
7157,2,val
7180,2,val
7189,2,val
7204,2,val
7220,2,val
7234,2,val
7255,2,val
7268,2,val
7286,2,val
7294,2,val
7302,2,val
7314,2,val
7315,2,val
7337,2,val
7346,2,val
7359,2,val
7364,2,val
7377,2,val
7391,2,val
7395,2,val
7412,2,val
7437,2,val
7457,2,val
7460,2,val
7466,2,val
7471,2,val
7478,2,val
7495,2,val
7510,2,val
10609,2,val
10621,2,val
10649,2,val
10669,2,val
10679,2,val
10685,2,val
10693,2,val
10697,2,val
10702,2,val
10703,2,val
10708,2,val
10713,2,val
10715,2,val
10720,2,val
10736,2,val
10750,2,val
10751,2,val
10770,2,val
10775,2,val
10789,2,val
10793,2,val
10794,2,val
10798,2,val
10801,2,val
10816,2,val
10828,2,val
10831,2,val
10836,2,val
10850,2,val
10852,2,val
10866,2,val
10871,2,val
10883,2,val
10896,2,val
10908,2,val
10916,2,val
10936,2,val
10943,2,val
10948,2,val
10949,2,val
10973,2,val
10978,2,val
10992,2,val
10995,2,val
11014,2,val
11015,2,val
11026,2,val
11028,2,val
11031,2,val
11033,2,val
11049,2,val
11055,2,val
11063,2,val
11068,2,val
11072,2,val
11080,2,val
11084,2,val
11089,2,val
11095,2,val
11097,2,val
11116,2,val
11121,2,val
11126,2,val
11137,2,val
11156,2,val
11158,2,val
11167,2,val
11180,2,val
11185,2,val
11207,2,val
11212,2,val
11221,2,val
11227,2,val
11230,2,val
11232,2,val
11240,2,val
11247,2,val
11281,2,val
11284,2,val
11292,2,val
11301,2,val
11302,2,val
11342,2,val
11389,2,val
11410,2,val
11436,2,val
11440,2,val
11441,2,val
11467,2,val
11487,2,val
12379,2,val
12385,2,val
12393,2,val
12395,2,val
12399,2,val
12403,2,val
12417,2,val
12430,2,val
12432,2,val
12435,2,val
12437,2,val
12442,2,val
12450,2,val
12455,2,val
12467,2,val
12479,2,val
12491,2,val
12494,2,val
12495,2,val
12504,2,val
12505,2,val
12564,2,val
12585,2,val
12586,2,val
12591,2,val
12596,2,val
12600,2,val
12622,2,val
12645,2,val
12649,2,val
12660,2,val
12666,2,val
12710,2,val
12728,2,val
12732,2,val
12757,2,val
12769,2,val
12772,2,val
12775,2,val
12802,2,val
12805,2,val
12816,2,val
15034,2,val
15035,2,val
15039,2,val
15043,2,val
15054,2,val
15059,2,val
15075,2,val
15083,2,val
15095,2,val
15096,2,val
15110,2,val
15113,2,val
15114,2,val
15140,2,val
15144,2,val
15145,2,val
15151,2,val
15199,2,val
15200,2,val
15201,2,val
15204,2,val
15224,2,val
15239,2,val
15242,2,val
15244,2,val
15251,2,val
15258,2,val
15261,2,val
15262,2,val
15279,2,val
15286,2,val
15289,2,val
15294,2,val
15299,2,val
15307,2,val
15314,2,val
15316,2,val
15319,2,val
15335,2,val
15343,2,val
15362,2,val
15373,2,val
15392,2,val
15403,2,val
15416,2,val
15434,2,val
15437,2,val
15448,2,val
15462,2,val
19890,2,val
19894,2,val
19895,2,val
19899,2,val
19909,2,val
19912,2,val
19918,2,val
19923,2,val
19947,2,val
19948,2,val
19954,2,val
19965,2,val
19980,2,val
19999,2,val
20009,2,val
20024,2,val
20039,2,val
20043,2,val
20050,2,val
20059,2,val
20070,2,val
20075,2,val
20080,2,val
20097,2,val
20101,2,val
20125,2,val
20133,2,val
20135,2,val
20139,2,val
20144,2,val
20150,2,val
20152,2,val
20159,2,val
20179,2,val
20186,2,val
20191,2,val
20195,2,val
20196,2,val
20200,2,val
20217,2,val
20224,2,val
20226,2,val
20228,2,val
20229,2,val
20235,2,val
20245,2,val
20251,2,val
20252,2,val
20254,2,val
20262,2,val
20284,2,val
20299,2,val
20301,2,val
20303,2,val
20315,2,val
20317,2,val
20321,2,val
20368,2,val
20388,2,val
20393,2,val
20398,2,val
20401,2,val
20402,2,val
20408,2,val
20411,2,val
20412,2,val
20430,2,val
20439,2,val
20449,2,val
20452,2,val
20464,2,val
20483,2,val
20486,2,val
20497,2,val
20507,2,val
20510,2,val
20522,2,val
20524,2,val
20531,2,val
20543,2,val
20544,2,val
20551,2,val
20555,2,val
20559,2,val
20566,2,val
20567,2,val
20582,2,val
20590,2,val
20593,2,val
20594,2,val
20599,2,val
20608,2,val
20704,2,val
20717,2,val
20727,2,val
20735,2,val
20760,2,val
21664,2,val
21666,2,val
21673,2,val
21675,2,val
21686,2,val
21698,2,val
21704,2,val
21707,2,val
21768,2,val
21784,2,val
21785,2,val
21787,2,val
21807,2,val
21810,2,val
21817,2,val
21825,2,val
21833,2,val
21840,2,val
21842,2,val
21844,2,val
21870,2,val
21872,2,val
21882,2,val
21885,2,val
21923,2,val
21930,2,val
21942,2,val
21951,2,val
21953,2,val
21955,2,val
21957,2,val
21959,2,val
21967,2,val
21984,2,val
21989,2,val
21997,2,val
22010,2,val
22023,2,val
22055,2,val
22067,2,val
22071,2,val
22086,2,val
22098,2,val
23006,2,val
23012,2,val
23019,2,val
23021,2,val
23042,2,val
23046,2,val
23061,2,val
23064,2,val
23068,2,val
23071,2,val
23078,2,val
23079,2,val
23080,2,val
23081,2,val
23096,2,val
23098,2,val
23099,2,val
23139,2,val
23142,2,val
23157,2,val
23159,2,val
23165,2,val
23177,2,val
23179,2,val
23184,2,val
23212,2,val
23245,2,val
23263,2,val
23266,2,val
23267,2,val
23278,2,val
23308,2,val
23326,2,val
23374,2,val
23376,2,val
23386,2,val
23392,2,val
23395,2,val
23408,2,val
23410,2,val
23414,2,val
26968,2,val
26982,2,val
26984,2,val
26990,2,val
27000,2,val
27005,2,val
27007,2,val
27008,2,val
27013,2,val
27023,2,val
27036,2,val
27038,2,val
27039,2,val
27042,2,val
27049,2,val
27059,2,val
27060,2,val
27067,2,val
27077,2,val
27100,2,val
27117,2,val
27149,2,val
27156,2,val
27165,2,val
27179,2,val
27192,2,val
27194,2,val
27198,2,val
27203,2,val
27214,2,val
27236,2,val
27238,2,val
27263,2,val
27295,2,val
27297,2,val
27334,2,val
27336,2,val
27346,2,val
27351,2,val
27357,2,val
27358,2,val
27359,2,val
27371,2,val
27382,2,val
1326,2,test
1327,2,test
1332,2,test
1337,2,test
1338,2,test
1342,2,test
1343,2,test
1344,2,test
1352,2,test
1353,2,test
1356,2,test
1360,2,test
1362,2,test
1363,2,test
1365,2,test
1368,2,test
1376,2,test
1377,2,test
1382,2,test
1385,2,test
1386,2,test
1403,2,test
1410,2,test
1415,2,test
1421,2,test
1422,2,test
1427,2,test
1430,2,test
1437,2,test
1440,2,test
1446,2,test
1447,2,test
1448,2,test
1454,2,test
1461,2,test
1464,2,test
1466,2,test
1468,2,test
1470,2,test
1473,2,test
1488,2,test
1489,2,test
1490,2,test
1502,2,test
1504,2,test
1507,2,test
1520,2,test
1524,2,test
1529,2,test
1533,2,test
1535,2,test
1540,2,test
1545,2,test
1561,2,test
1562,2,test
1567,2,test
1575,2,test
1576,2,test
1583,2,test
1584,2,test
1587,2,test
1590,2,test
1599,2,test
1604,2,test
1612,2,test
1614,2,test
1621,2,test
1622,2,test
1624,2,test
1630,2,test
1638,2,test
1642,2,test
1648,2,test
1651,2,test
1655,2,test
1656,2,test
1657,2,test
1660,2,test
1666,2,test
1675,2,test
1685,2,test
1687,2,test
1689,2,test
1691,2,test
1693,2,test
1694,2,test
1695,2,test
1697,2,test
1698,2,test
1699,2,test
1700,2,test
1701,2,test
1706,2,test
1711,2,test
1728,2,test
1731,2,test
1734,2,test
1739,2,test
1752,2,test
1767,2,test
3094,2,test
3099,2,test
3105,2,test
3113,2,test
3114,2,test
3120,2,test
3123,2,test
3124,2,test
3129,2,test
3134,2,test
3136,2,test
3139,2,test
3140,2,test
3142,2,test
3156,2,test
3158,2,test
3166,2,test
3172,2,test
3176,2,test
3177,2,test
3181,2,test
3185,2,test
3191,2,test
3193,2,test
3194,2,test
3198,2,test
3203,2,test
3206,2,test
3207,2,test
3212,2,test
3216,2,test
3218,2,test
3221,2,test
3223,2,test
3224,2,test
3226,2,test
3231,2,test
3234,2,test
3239,2,test
3244,2,test
3251,2,test
3253,2,test
3258,2,test
3259,2,test
3262,2,test
3273,2,test
3276,2,test
3277,2,test
3279,2,test
3280,2,test
3291,2,test
3300,2,test
3312,2,test
3313,2,test
3318,2,test
3323,2,test
3335,2,test
3337,2,test
3348,2,test
3352,2,test
3356,2,test
3359,2,test
3361,2,test
3365,2,test
3376,2,test
3377,2,test
3391,2,test
3392,2,test
3393,2,test
3397,2,test
3401,2,test
3407,2,test
3409,2,test
3420,2,test
3422,2,test
3423,2,test
3426,2,test
3429,2,test
3431,2,test
3435,2,test
3440,2,test
3444,2,test
3446,2,test
3451,2,test
3452,2,test
3455,2,test
3460,2,test
3466,2,test
3467,2,test
3469,2,test
3472,2,test
3476,2,test
3478,2,test
3482,2,test
3483,2,test
3485,2,test
3487,2,test
3509,2,test
3513,2,test
3515,2,test
3521,2,test
3523,2,test
3525,2,test
3526,2,test
3528,2,test
3531,2,test
3532,2,test
3534,2,test
3535,2,test
3552,2,test
3555,2,test
3561,2,test
3563,2,test
3575,2,test
3577,2,test
3582,2,test
3583,2,test
3584,2,test
3591,2,test
3599,2,test
3604,2,test
3605,2,test
3609,2,test
3615,2,test
3621,2,test
3623,2,test
3633,2,test
3637,2,test
3650,2,test
3654,2,test
3657,2,test
3663,2,test
3669,2,test
3673,2,test
3685,2,test
3687,2,test
3690,2,test
3693,2,test
3707,2,test
3727,2,test
3737,2,test
3739,2,test
3742,2,test
3748,2,test
3750,2,test
3753,2,test
3757,2,test
3771,2,test
3775,2,test
3778,2,test
3779,2,test
3780,2,test
3786,2,test
3791,2,test
3796,2,test
3800,2,test
3804,2,test
3813,2,test
3828,2,test
3831,2,test
3833,2,test
3836,2,test
3838,2,test
3841,2,test
3845,2,test
3846,2,test
3849,2,test
3853,2,test
3859,2,test
3860,2,test
3862,2,test
3871,2,test
3873,2,test
3886,2,test
3888,2,test
3896,2,test
3898,2,test
3899,2,test
3910,2,test
3919,2,test
3923,2,test
3932,2,test
3933,2,test
3934,2,test
3937,2,test
3938,2,test
3951,2,test
3969,2,test
3971,2,test
3973,2,test
7080,2,test
7090,2,test
7091,2,test
7092,2,test
7093,2,test
7097,2,test
7098,2,test
7113,2,test
7120,2,test
7126,2,test
7133,2,test
7134,2,test
7135,2,test
7143,2,test
7144,2,test
7152,2,test
7155,2,test
7158,2,test
7168,2,test
7170,2,test
7195,2,test
7206,2,test
7207,2,test
7209,2,test
7210,2,test
7213,2,test
7216,2,test
7217,2,test
7219,2,test
7239,2,test
7242,2,test
7244,2,test
7246,2,test
7247,2,test
7249,2,test
7250,2,test
7258,2,test
7267,2,test
7272,2,test
7279,2,test
7282,2,test
7285,2,test
7299,2,test
7306,2,test
7307,2,test
7309,2,test
7319,2,test
7323,2,test
7330,2,test
7334,2,test
7342,2,test
7345,2,test
7358,2,test
7361,2,test
7365,2,test
7375,2,test
7385,2,test
7393,2,test
7396,2,test
7400,2,test
7401,2,test
7405,2,test
7406,2,test
7407,2,test
7413,2,test
7414,2,test
7420,2,test
7434,2,test
7445,2,test
7446,2,test
7450,2,test
7459,2,test
7461,2,test
7462,2,test
7469,2,test
7470,2,test
7477,2,test
7479,2,test
7497,2,test
7503,2,test
10610,2,test
10613,2,test
10626,2,test
10627,2,test
10631,2,test
10641,2,test
10643,2,test
10644,2,test
10654,2,test
10656,2,test
10660,2,test
10673,2,test
10675,2,test
10676,2,test
10678,2,test
10683,2,test
10695,2,test
10698,2,test
10699,2,test
10705,2,test
10706,2,test
10707,2,test
10714,2,test
10730,2,test
10731,2,test
10732,2,test
10733,2,test
10737,2,test
10739,2,test
10744,2,test
10752,2,test
10753,2,test
10759,2,test
10760,2,test
10769,2,test
10772,2,test
10773,2,test
10776,2,test
10778,2,test
10782,2,test
10784,2,test
10785,2,test
10795,2,test
10803,2,test
10804,2,test
10809,2,test
10814,2,test
10815,2,test
10825,2,test
10842,2,test
10846,2,test
10851,2,test
10853,2,test
10862,2,test
10864,2,test
10867,2,test
10876,2,test
10886,2,test
10905,2,test
10906,2,test
10918,2,test
10919,2,test
10941,2,test
10942,2,test
10945,2,test
10947,2,test
10952,2,test
10959,2,test
10960,2,test
10963,2,test
10968,2,test
10971,2,test
10974,2,test
10977,2,test
10984,2,test
10990,2,test
10994,2,test
10998,2,test
11011,2,test
11012,2,test
11024,2,test
11036,2,test
11037,2,test
11041,2,test
11043,2,test
11045,2,test
11046,2,test
11048,2,test
11054,2,test
11069,2,test
11071,2,test
11073,2,test
11077,2,test
11078,2,test
11079,2,test
11083,2,test
11088,2,test
11099,2,test
11105,2,test
11106,2,test
11108,2,test
11115,2,test
11130,2,test
11132,2,test
11135,2,test
11141,2,test
11149,2,test
11151,2,test
11155,2,test
11178,2,test
11181,2,test
11182,2,test
11189,2,test
11192,2,test
11193,2,test
11196,2,test
11213,2,test
11214,2,test
11225,2,test
11236,2,test
11237,2,test
11239,2,test
11252,2,test
11254,2,test
11267,2,test
11269,2,test
11270,2,test
11277,2,test
11286,2,test
11304,2,test
11308,2,test
11318,2,test
11321,2,test
11324,2,test
11329,2,test
11333,2,test
11334,2,test
11336,2,test
11338,2,test
11339,2,test
11350,2,test
11351,2,test
11352,2,test
11357,2,test
11358,2,test
11360,2,test
11365,2,test
11372,2,test
11375,2,test
11377,2,test
11385,2,test
11388,2,test
11390,2,test
11392,2,test
11397,2,test
11398,2,test
11404,2,test
11407,2,test
11417,2,test
11420,2,test
11427,2,test
11431,2,test
11432,2,test
11448,2,test
11449,2,test
11455,2,test
11458,2,test
11461,2,test
11472,2,test
11477,2,test
11482,2,test
11485,2,test
11489,2,test
12380,2,test
12384,2,test
12387,2,test
12389,2,test
12390,2,test
12397,2,test
12404,2,test
12405,2,test
12408,2,test
12409,2,test
12416,2,test
12420,2,test
12422,2,test
12426,2,test
12429,2,test
12438,2,test
12439,2,test
12440,2,test
12444,2,test
12446,2,test
12451,2,test
12453,2,test
12470,2,test
12475,2,test
12476,2,test
12480,2,test
12482,2,test
12523,2,test
12525,2,test
12526,2,test
12531,2,test
12538,2,test
12539,2,test
12542,2,test
12545,2,test
12550,2,test
12552,2,test
12556,2,test
12562,2,test
12566,2,test
12569,2,test
12575,2,test
12576,2,test
12599,2,test
12604,2,test
12608,2,test
12617,2,test
12634,2,test
12637,2,test
12655,2,test
12658,2,test
12663,2,test
12671,2,test
12674,2,test
12677,2,test
12689,2,test
12697,2,test
12706,2,test
12707,2,test
12708,2,test
12722,2,test
12727,2,test
12729,2,test
12734,2,test
12736,2,test
12738,2,test
12741,2,test
12744,2,test
12746,2,test
12747,2,test
12749,2,test
12750,2,test
12752,2,test
12756,2,test
12763,2,test
12764,2,test
12770,2,test
12774,2,test
12786,2,test
12790,2,test
12793,2,test
12794,2,test
12798,2,test
12804,2,test
12806,2,test
12807,2,test
12809,2,test
15030,2,test
15031,2,test
15032,2,test
15040,2,test
15050,2,test
15064,2,test
15078,2,test
15097,2,test
15099,2,test
15106,2,test
15108,2,test
15109,2,test
15112,2,test
15129,2,test
15130,2,test
15132,2,test
15135,2,test
15150,2,test
15152,2,test
15155,2,test
15156,2,test
15169,2,test
15176,2,test
15177,2,test
15179,2,test
15182,2,test
15197,2,test
15202,2,test
15205,2,test
15209,2,test
15211,2,test
15215,2,test
15221,2,test
15229,2,test
15230,2,test
15233,2,test
15236,2,test
15237,2,test
15238,2,test
15240,2,test
15241,2,test
15243,2,test
15247,2,test
15250,2,test
15254,2,test
15257,2,test
15264,2,test
15269,2,test
15270,2,test
15284,2,test
15297,2,test
15298,2,test
15308,2,test
15310,2,test
15313,2,test
15315,2,test
15317,2,test
15318,2,test
15325,2,test
15326,2,test
15327,2,test
15338,2,test
15341,2,test
15342,2,test
15345,2,test
15352,2,test
15363,2,test
15364,2,test
15366,2,test
15367,2,test
15368,2,test
15377,2,test
15378,2,test
15379,2,test
15384,2,test
15389,2,test
15393,2,test
15397,2,test
15402,2,test
15405,2,test
15425,2,test
15429,2,test
15440,2,test
15441,2,test
15446,2,test
15447,2,test
15453,2,test
15454,2,test
15458,2,test
15460,2,test
15461,2,test
15466,2,test
19898,2,test
19900,2,test
19908,2,test
19931,2,test
19933,2,test
19934,2,test
19939,2,test
19944,2,test
19946,2,test
19950,2,test
19953,2,test
19955,2,test
19957,2,test
19966,2,test
19969,2,test
19972,2,test
19978,2,test
19984,2,test
19996,2,test
19998,2,test
20007,2,test
20010,2,test
20011,2,test
20019,2,test
20022,2,test
20027,2,test
20030,2,test
20038,2,test
20041,2,test
20047,2,test
20048,2,test
20051,2,test
20053,2,test
20054,2,test
20057,2,test
20064,2,test
20066,2,test
20076,2,test
20081,2,test
20085,2,test
20086,2,test
20093,2,test
20095,2,test
20099,2,test
20100,2,test
20105,2,test
20115,2,test
20120,2,test
20121,2,test
20122,2,test
20123,2,test
20124,2,test
20129,2,test
20131,2,test
20137,2,test
20138,2,test
20143,2,test
20151,2,test
20165,2,test
20166,2,test
20178,2,test
20193,2,test
20197,2,test
20199,2,test
20202,2,test
20206,2,test
20207,2,test
20210,2,test
20212,2,test
20231,2,test
20233,2,test
20236,2,test
20238,2,test
20243,2,test
20248,2,test
20249,2,test
20250,2,test
20253,2,test
20256,2,test
20263,2,test
20265,2,test
20268,2,test
20270,2,test
20275,2,test
20287,2,test
20297,2,test
20302,2,test
20306,2,test
20308,2,test
20312,2,test
20313,2,test
20314,2,test
20325,2,test
20340,2,test
20344,2,test
20352,2,test
20353,2,test
20358,2,test
20374,2,test
20378,2,test
20383,2,test
20387,2,test
20396,2,test
20400,2,test
20405,2,test
20409,2,test
20413,2,test
20415,2,test
20418,2,test
20424,2,test
20427,2,test
20428,2,test
20431,2,test
20436,2,test
20441,2,test
20445,2,test
20448,2,test
20455,2,test
20460,2,test
20466,2,test
20471,2,test
20472,2,test
20475,2,test
20478,2,test
20495,2,test
20496,2,test
20506,2,test
20509,2,test
20525,2,test
20532,2,test
20534,2,test
20536,2,test
20542,2,test
20545,2,test
20549,2,test
20553,2,test
20558,2,test
20563,2,test
20573,2,test
20579,2,test
20583,2,test
20592,2,test
20600,2,test
20640,2,test
20642,2,test
20644,2,test
20650,2,test
20660,2,test
20672,2,test
20698,2,test
20710,2,test
20713,2,test
20714,2,test
20719,2,test
20721,2,test
20723,2,test
20739,2,test
20740,2,test
20751,2,test
20752,2,test
20756,2,test
20757,2,test
20759,2,test
20761,2,test
20762,2,test
20768,2,test
20771,2,test
21661,2,test
21667,2,test
21668,2,test
21676,2,test
21679,2,test
21682,2,test
21683,2,test
21688,2,test
21696,2,test
21701,2,test
21706,2,test
21709,2,test
21712,2,test
21714,2,test
21715,2,test
21722,2,test
21727,2,test
21728,2,test
21739,2,test
21741,2,test
21743,2,test
21755,2,test
21761,2,test
21769,2,test
21770,2,test
21771,2,test
21773,2,test
21776,2,test
21777,2,test
21780,2,test
21788,2,test
21789,2,test
21792,2,test
21798,2,test
21800,2,test
21801,2,test
21814,2,test
21818,2,test
21822,2,test
21824,2,test
21826,2,test
21832,2,test
21835,2,test
21841,2,test
21847,2,test
21856,2,test
21861,2,test
21864,2,test
21867,2,test
21869,2,test
21874,2,test
21877,2,test
21888,2,test
21898,2,test
21906,2,test
21909,2,test
21912,2,test
21916,2,test
21925,2,test
21940,2,test
21944,2,test
21945,2,test
21946,2,test
21958,2,test
21987,2,test
21991,2,test
22000,2,test
22002,2,test
22007,2,test
22009,2,test
22015,2,test
22018,2,test
22021,2,test
22029,2,test
22031,2,test
22039,2,test
22040,2,test
22046,2,test
22048,2,test
22054,2,test
22057,2,test
22065,2,test
22073,2,test
22078,2,test
22088,2,test
22090,2,test
22091,2,test
22096,2,test
22097,2,test
22988,2,test
22990,2,test
22993,2,test
22994,2,test
23001,2,test
23003,2,test
23004,2,test
23005,2,test
23007,2,test
23022,2,test
23023,2,test
23026,2,test
23028,2,test
23043,2,test
23047,2,test
23048,2,test
23060,2,test
23063,2,test
23075,2,test
23077,2,test
23083,2,test
23088,2,test
23091,2,test
23105,2,test
23114,2,test
23121,2,test
23124,2,test
23135,2,test
23137,2,test
23143,2,test
23147,2,test
23166,2,test
23168,2,test
23171,2,test
23176,2,test
23185,2,test
23188,2,test
23190,2,test
23195,2,test
23197,2,test
23200,2,test
23201,2,test
23203,2,test
23204,2,test
23207,2,test
23214,2,test
23215,2,test
23221,2,test
23223,2,test
23225,2,test
23234,2,test
23244,2,test
23246,2,test
23247,2,test
23250,2,test
23251,2,test
23255,2,test
23258,2,test
23261,2,test
23265,2,test
23271,2,test
23275,2,test
23293,2,test
23299,2,test
23311,2,test
23312,2,test
23320,2,test
23321,2,test
23323,2,test
23328,2,test
23331,2,test
23339,2,test
23340,2,test
23343,2,test
23344,2,test
23357,2,test
23364,2,test
23370,2,test
23373,2,test
23380,2,test
23382,2,test
23387,2,test
23389,2,test
23394,2,test
23396,2,test
23400,2,test
23409,2,test
23411,2,test
23413,2,test
23420,2,test
23421,2,test
26962,2,test
26981,2,test
26986,2,test
26988,2,test
26989,2,test
26991,2,test
26992,2,test
26996,2,test
27025,2,test
27032,2,test
27035,2,test
27078,2,test
27081,2,test
27082,2,test
27083,2,test
27087,2,test
27090,2,test
27093,2,test
27095,2,test
27099,2,test
27101,2,test
27102,2,test
27106,2,test
27111,2,test
27112,2,test
27124,2,test
27126,2,test
27130,2,test
27132,2,test
27135,2,test
27137,2,test
27138,2,test
27141,2,test
27142,2,test
27157,2,test
27160,2,test
27163,2,test
27169,2,test
27172,2,test
27199,2,test
27211,2,test
27219,2,test
27225,2,test
27229,2,test
27235,2,test
27246,2,test
27251,2,test
27256,2,test
27259,2,test
27264,2,test
27268,2,test
27271,2,test
27272,2,test
27275,2,test
27283,2,test
27284,2,test
27287,2,test
27289,2,test
27290,2,test
27296,2,test
27298,2,test
27302,2,test
27314,2,test
27317,2,test
27322,2,test
27324,2,test
27332,2,test
27338,2,test
27340,2,test
27348,2,test
27354,2,test
27356,2,test
27361,2,test
27363,2,test
27369,2,test
27372,2,test
27380,2,test
27381,2,test
27388,2,test
27396,2,test
3978,3,train
3979,3,train
3980,3,train
3981,3,train
3982,3,train
3983,3,train
3984,3,train
3985,3,train
3987,3,train
3988,3,train
3989,3,train
3990,3,train
3991,3,train
3992,3,train
3993,3,train
3994,3,train
3995,3,train
3996,3,train
3999,3,train
4000,3,train
4001,3,train
4002,3,train
4004,3,train
4005,3,train
4006,3,train
4007,3,train
4008,3,train
4009,3,train
4010,3,train
4011,3,train
4012,3,train
4013,3,train
4015,3,train
4016,3,train
4017,3,train
4018,3,train
4019,3,train
4020,3,train
4021,3,train
4022,3,train
4023,3,train
4024,3,train
4026,3,train
4027,3,train
4028,3,train
4029,3,train
4030,3,train
4031,3,train
4036,3,train
4037,3,train
4038,3,train
4039,3,train
4040,3,train
4041,3,train
4042,3,train
4043,3,train
4044,3,train
4045,3,train
4049,3,train
4051,3,train
4052,3,train
4053,3,train
4054,3,train
4055,3,train
4056,3,train
4057,3,train
4058,3,train
4059,3,train
4060,3,train
4061,3,train
4062,3,train
4063,3,train
4065,3,train
4066,3,train
4067,3,train
4071,3,train
4072,3,train
4073,3,train
4074,3,train
4075,3,train
4076,3,train
4077,3,train
4079,3,train
4080,3,train
4081,3,train
4082,3,train
4083,3,train
4084,3,train
4086,3,train
4087,3,train
4091,3,train
4093,3,train
4094,3,train
4096,3,train
4098,3,train
4102,3,train
4103,3,train
4104,3,train
4105,3,train
4106,3,train
4108,3,train
4109,3,train
4110,3,train
4111,3,train
4112,3,train
4115,3,train
4116,3,train
4119,3,train
4120,3,train
4121,3,train
4122,3,train
4123,3,train
4125,3,train
4129,3,train
4130,3,train
4132,3,train
4133,3,train
4134,3,train
4135,3,train
4136,3,train
4138,3,train
4140,3,train
4144,3,train
4145,3,train
4146,3,train
4147,3,train
4148,3,train
4149,3,train
4152,3,train
4153,3,train
4154,3,train
4158,3,train
4159,3,train
4160,3,train
4162,3,train
4163,3,train
4164,3,train
4166,3,train
4168,3,train
4169,3,train
4170,3,train
4171,3,train
4172,3,train
4173,3,train
4177,3,train
4178,3,train
4179,3,train
4184,3,train
4185,3,train
4186,3,train
4187,3,train
4188,3,train
4192,3,train
4193,3,train
4195,3,train
4196,3,train
4197,3,train
4199,3,train
4200,3,train
4204,3,train
4206,3,train
4207,3,train
4208,3,train
4209,3,train
4211,3,train
4212,3,train
4213,3,train
4215,3,train
4216,3,train
4218,3,train
4219,3,train
4221,3,train
4222,3,train
4224,3,train
4226,3,train
4227,3,train
4228,3,train
4231,3,train
4232,3,train
4234,3,train
4235,3,train
4236,3,train
4237,3,train
4238,3,train
4239,3,train
4241,3,train
4242,3,train
4243,3,train
4245,3,train
4247,3,train
4249,3,train
4251,3,train
4253,3,train
4254,3,train
4255,3,train
4259,3,train
4260,3,train
4261,3,train
4262,3,train
4263,3,train
4265,3,train
4266,3,train
4267,3,train
4269,3,train
4271,3,train
4272,3,train
4273,3,train
4274,3,train
4275,3,train
4277,3,train
4278,3,train
4279,3,train
4281,3,train
4282,3,train
4283,3,train
4284,3,train
4286,3,train
4287,3,train
4288,3,train
4291,3,train
4294,3,train
4295,3,train
4296,3,train
4297,3,train
4298,3,train
4300,3,train
4301,3,train
4303,3,train
4305,3,train
4306,3,train
4307,3,train
4308,3,train
4309,3,train
4312,3,train
4313,3,train
4314,3,train
4315,3,train
4317,3,train
4318,3,train
4319,3,train
4320,3,train
4321,3,train
4322,3,train
4323,3,train
4324,3,train
4325,3,train
4326,3,train
4327,3,train
4328,3,train
4329,3,train
4330,3,train
4331,3,train
4333,3,train
4334,3,train
4336,3,train
4337,3,train
4338,3,train
4339,3,train
4341,3,train
4343,3,train
4345,3,train
4346,3,train
4347,3,train
4348,3,train
4351,3,train
4356,3,train
4358,3,train
4359,3,train
4360,3,train
4362,3,train
4365,3,train
4366,3,train
4368,3,train
4369,3,train
4371,3,train
4372,3,train
4374,3,train
4377,3,train
4378,3,train
4379,3,train
4380,3,train
4381,3,train
4382,3,train
4383,3,train
4386,3,train
4387,3,train
4388,3,train
4389,3,train
4390,3,train
4392,3,train
4394,3,train
4395,3,train
4396,3,train
4398,3,train
4399,3,train
4401,3,train
4402,3,train
4403,3,train
4404,3,train
4405,3,train
4408,3,train
4409,3,train
4410,3,train
4411,3,train
4412,3,train
4413,3,train
4414,3,train
4417,3,train
4418,3,train
7957,3,train
7958,3,train
7959,3,train
7960,3,train
7961,3,train
7962,3,train
7963,3,train
7964,3,train
7966,3,train
7967,3,train
7972,3,train
7973,3,train
7974,3,train
7976,3,train
7978,3,train
7980,3,train
7981,3,train
7982,3,train
7984,3,train
7985,3,train
7986,3,train
7988,3,train
7989,3,train
7992,3,train
7994,3,train
7996,3,train
7997,3,train
7998,3,train
8000,3,train
8001,3,train
8003,3,train
8007,3,train
8009,3,train
8012,3,train
8015,3,train
8016,3,train
8017,3,train
8019,3,train
8020,3,train
8021,3,train
8022,3,train
8024,3,train
8025,3,train
8026,3,train
8027,3,train
8029,3,train
8030,3,train
8031,3,train
8033,3,train
8035,3,train
8036,3,train
8038,3,train
8040,3,train
8042,3,train
8043,3,train
8044,3,train
8045,3,train
8046,3,train
8048,3,train
8051,3,train
8052,3,train
8053,3,train
8054,3,train
8055,3,train
8056,3,train
8057,3,train
8058,3,train
8061,3,train
8063,3,train
8064,3,train
8066,3,train
8067,3,train
8068,3,train
8069,3,train
8070,3,train
8071,3,train
8072,3,train
8073,3,train
8074,3,train
8075,3,train
8076,3,train
8077,3,train
8080,3,train
8082,3,train
8083,3,train
8084,3,train
8085,3,train
8086,3,train
8087,3,train
8089,3,train
8090,3,train
8095,3,train
8096,3,train
8099,3,train
8100,3,train
8101,3,train
8102,3,train
8103,3,train
8104,3,train
8105,3,train
8106,3,train
8108,3,train
8110,3,train
8111,3,train
8112,3,train
8114,3,train
8119,3,train
8121,3,train
8122,3,train
8125,3,train
8128,3,train
8130,3,train
8131,3,train
8132,3,train
8133,3,train
8134,3,train
8135,3,train
8137,3,train
8138,3,train
8139,3,train
8140,3,train
8141,3,train
8142,3,train
8143,3,train
8144,3,train
8146,3,train
8147,3,train
8148,3,train
8151,3,train
8152,3,train
8155,3,train
8156,3,train
8157,3,train
8159,3,train
8160,3,train
8161,3,train
8163,3,train
8164,3,train
8165,3,train
8166,3,train
8167,3,train
8168,3,train
8169,3,train
8170,3,train
8172,3,train
8173,3,train
8174,3,train
8175,3,train
8176,3,train
8177,3,train
8180,3,train
8181,3,train
8182,3,train
8183,3,train
8185,3,train
8186,3,train
8188,3,train
8189,3,train
8190,3,train
8191,3,train
8192,3,train
8194,3,train
8195,3,train
8196,3,train
8197,3,train
8198,3,train
8199,3,train
8200,3,train
8201,3,train
8203,3,train
8204,3,train
8205,3,train
8206,3,train
8207,3,train
8208,3,train
8209,3,train
8210,3,train
8211,3,train
8213,3,train
8215,3,train
8216,3,train
8218,3,train
8219,3,train
8220,3,train
8221,3,train
8223,3,train
8224,3,train
8225,3,train
8226,3,train
8229,3,train
8230,3,train
8231,3,train
8232,3,train
8233,3,train
8234,3,train
8236,3,train
8238,3,train
8239,3,train
8240,3,train
8241,3,train
8242,3,train
8243,3,train
8244,3,train
8245,3,train
8246,3,train
8247,3,train
8249,3,train
8250,3,train
8251,3,train
8252,3,train
8254,3,train
8255,3,train
8256,3,train
8257,3,train
8259,3,train
8260,3,train
8261,3,train
8262,3,train
8264,3,train
8265,3,train
8266,3,train
8268,3,train
8269,3,train
8271,3,train
8272,3,train
8273,3,train
8275,3,train
8276,3,train
8280,3,train
8282,3,train
8283,3,train
8284,3,train
8285,3,train
8286,3,train
8287,3,train
8288,3,train
8289,3,train
8290,3,train
8293,3,train
8294,3,train
8295,3,train
8296,3,train
8299,3,train
8300,3,train
8301,3,train
8303,3,train
8304,3,train
8307,3,train
8308,3,train
8309,3,train
8310,3,train
8311,3,train
8312,3,train
8313,3,train
8314,3,train
8316,3,train
8317,3,train
8318,3,train
8319,3,train
8320,3,train
8321,3,train
8323,3,train
8324,3,train
8325,3,train
8326,3,train
8327,3,train
8328,3,train
8329,3,train
8330,3,train
8331,3,train
8332,3,train
8333,3,train
8334,3,train
8335,3,train
8336,3,train
8337,3,train
8339,3,train
8342,3,train
8343,3,train
8344,3,train
8346,3,train
8347,3,train
8348,3,train
8349,3,train
8350,3,train
8351,3,train
8352,3,train
8353,3,train
8355,3,train
8356,3,train
8357,3,train
8358,3,train
8359,3,train
8361,3,train
8362,3,train
8363,3,train
8364,3,train
8365,3,train
8366,3,train
8368,3,train
8370,3,train
8372,3,train
8373,3,train
8374,3,train
8375,3,train
8376,3,train
8378,3,train
8380,3,train
8381,3,train
8382,3,train
8383,3,train
8384,3,train
8388,3,train
8389,3,train
8390,3,train
8391,3,train
8392,3,train
8393,3,train
8395,3,train
8396,3,train
8398,3,train
8399,3,train
8400,3,train
8401,3,train
8403,3,train
8407,3,train
8409,3,train
8413,3,train
8414,3,train
8415,3,train
8416,3,train
8418,3,train
8419,3,train
8420,3,train
8422,3,train
8423,3,train
8424,3,train
8425,3,train
8426,3,train
8430,3,train
8431,3,train
8435,3,train
8437,3,train
8438,3,train
8439,3,train
8440,3,train
8441,3,train
8442,3,train
8444,3,train
8445,3,train
8446,3,train
8447,3,train
8448,3,train
8449,3,train
8450,3,train
8451,3,train
8452,3,train
8453,3,train
8454,3,train
8456,3,train
8458,3,train
8459,3,train
8460,3,train
8461,3,train
8462,3,train
8464,3,train
8465,3,train
8467,3,train
8468,3,train
8469,3,train
8470,3,train
8471,3,train
8473,3,train
8474,3,train
8476,3,train
8477,3,train
8479,3,train
8480,3,train
8482,3,train
8483,3,train
8485,3,train
8486,3,train
8489,3,train
8490,3,train
8491,3,train
8492,3,train
8494,3,train
8495,3,train
8496,3,train
8498,3,train
8499,3,train
8501,3,train
8502,3,train
8503,3,train
8504,3,train
8506,3,train
8507,3,train
8508,3,train
8509,3,train
8511,3,train
8513,3,train
8514,3,train
8516,3,train
8519,3,train
8520,3,train
8523,3,train
8526,3,train
8527,3,train
8528,3,train
8529,3,train
8531,3,train
8532,3,train
8534,3,train
8537,3,train
8538,3,train
8540,3,train
8542,3,train
8544,3,train
8545,3,train
8546,3,train
8547,3,train
8548,3,train
8549,3,train
8551,3,train
8552,3,train
8553,3,train
8554,3,train
8555,3,train
8556,3,train
8558,3,train
8559,3,train
8560,3,train
8561,3,train
8563,3,train
8568,3,train
8569,3,train
8570,3,train
8571,3,train
8572,3,train
8573,3,train
8574,3,train
8575,3,train
8576,3,train
8577,3,train
8578,3,train
8580,3,train
8581,3,train
8582,3,train
8583,3,train
8584,3,train
8586,3,train
8590,3,train
8592,3,train
8593,3,train
8594,3,train
8596,3,train
8597,3,train
8598,3,train
8599,3,train
8600,3,train
8601,3,train
8602,3,train
8604,3,train
8605,3,train
8606,3,train
8607,3,train
8609,3,train
8610,3,train
8612,3,train
8613,3,train
8614,3,train
8615,3,train
8616,3,train
8617,3,train
8622,3,train
8625,3,train
8626,3,train
8627,3,train
8628,3,train
8629,3,train
8631,3,train
8633,3,train
8634,3,train
8636,3,train
8638,3,train
8640,3,train
8641,3,train
8642,3,train
8643,3,train
8644,3,train
8645,3,train
8646,3,train
8648,3,train
8649,3,train
8650,3,train
8651,3,train
8656,3,train
8657,3,train
8658,3,train
8660,3,train
8662,3,train
8663,3,train
8664,3,train
8666,3,train
8667,3,train
8668,3,train
8669,3,train
8672,3,train
8673,3,train
8674,3,train
8675,3,train
8677,3,train
8679,3,train
8680,3,train
8681,3,train
8682,3,train
8683,3,train
8684,3,train
8688,3,train
8689,3,train
8691,3,train
8692,3,train
8693,3,train
8694,3,train
8695,3,train
8696,3,train
8698,3,train
8699,3,train
8700,3,train
8701,3,train
8702,3,train
8703,3,train
8704,3,train
8705,3,train
8707,3,train
8708,3,train
8709,3,train
8710,3,train
8711,3,train
8713,3,train
8714,3,train
8715,3,train
8716,3,train
8718,3,train
8719,3,train
8721,3,train
8722,3,train
8723,3,train
8724,3,train
8727,3,train
8728,3,train
8731,3,train
8732,3,train
8735,3,train
8736,3,train
8738,3,train
8739,3,train
8740,3,train
8741,3,train
8742,3,train
8744,3,train
8745,3,train
8746,3,train
8747,3,train
8748,3,train
8749,3,train
8750,3,train
8753,3,train
8754,3,train
8757,3,train
8758,3,train
8759,3,train
8760,3,train
8762,3,train
8763,3,train
8765,3,train
8766,3,train
8769,3,train
8772,3,train
8773,3,train
8775,3,train
8778,3,train
8779,3,train
8780,3,train
8781,3,train
8782,3,train
8787,3,train
8788,3,train
8791,3,train
8793,3,train
8794,3,train
8795,3,train
8796,3,train
8797,3,train
8798,3,train
8799,3,train
8800,3,train
8802,3,train
8803,3,train
8804,3,train
8806,3,train
8807,3,train
8809,3,train
8810,3,train
8814,3,train
8815,3,train
8817,3,train
8818,3,train
8819,3,train
8821,3,train
8822,3,train
8823,3,train
8824,3,train
8826,3,train
8830,3,train
8831,3,train
8832,3,train
8834,3,train
8835,3,train
8836,3,train
8837,3,train
8839,3,train
9284,3,train
9286,3,train
9289,3,train
9291,3,train
9292,3,train
9293,3,train
9294,3,train
9297,3,train
9299,3,train
9301,3,train
9302,3,train
9303,3,train
9304,3,train
9305,3,train
9308,3,train
9309,3,train
9310,3,train
9311,3,train
9312,3,train
9313,3,train
9314,3,train
9315,3,train
9316,3,train
9317,3,train
9318,3,train
9319,3,train
9323,3,train
9324,3,train
9325,3,train
9326,3,train
9330,3,train
9331,3,train
9332,3,train
9334,3,train
9336,3,train
9337,3,train
9339,3,train
9340,3,train
9341,3,train
9342,3,train
9343,3,train
9344,3,train
9345,3,train
9346,3,train
9348,3,train
9349,3,train
9350,3,train
9352,3,train
9354,3,train
9355,3,train
9356,3,train
9357,3,train
9360,3,train
9362,3,train
9363,3,train
9364,3,train
9365,3,train
9366,3,train
9368,3,train
9369,3,train
9370,3,train
9371,3,train
9372,3,train
9373,3,train
9374,3,train
9376,3,train
9377,3,train
9379,3,train
9380,3,train
9381,3,train
9382,3,train
9383,3,train
9384,3,train
9385,3,train
9386,3,train
9387,3,train
9388,3,train
9389,3,train
9391,3,train
9392,3,train
9393,3,train
9395,3,train
9397,3,train
9398,3,train
9399,3,train
9400,3,train
9402,3,train
9404,3,train
9405,3,train
9408,3,train
9409,3,train
9410,3,train
9412,3,train
9415,3,train
9416,3,train
9417,3,train
9422,3,train
9423,3,train
9424,3,train
9425,3,train
9426,3,train
9427,3,train
9428,3,train
9429,3,train
9430,3,train
9432,3,train
9433,3,train
9434,3,train
9436,3,train
9438,3,train
9440,3,train
9441,3,train
9443,3,train
9444,3,train
9445,3,train
9446,3,train
9450,3,train
9451,3,train
9452,3,train
9453,3,train
9456,3,train
9457,3,train
9458,3,train
9459,3,train
9460,3,train
9461,3,train
9462,3,train
9464,3,train
9465,3,train
9466,3,train
9467,3,train
9468,3,train
9469,3,train
9471,3,train
9472,3,train
9473,3,train
9474,3,train
9475,3,train
9477,3,train
9480,3,train
9482,3,train
9483,3,train
9484,3,train
9485,3,train
9486,3,train
9488,3,train
9490,3,train
9492,3,train
9493,3,train
9494,3,train
9495,3,train
9497,3,train
9498,3,train
9499,3,train
9502,3,train
9504,3,train
9505,3,train
9506,3,train
9507,3,train
9509,3,train
9511,3,train
9513,3,train
9514,3,train
9516,3,train
9519,3,train
9520,3,train
9522,3,train
9523,3,train
9525,3,train
9526,3,train
9527,3,train
9528,3,train
9529,3,train
9532,3,train
9533,3,train
9534,3,train
9535,3,train
9537,3,train
9539,3,train
9541,3,train
9547,3,train
9548,3,train
9550,3,train
9551,3,train
9552,3,train
9553,3,train
9554,3,train
9555,3,train
9556,3,train
9557,3,train
9558,3,train
9559,3,train
9560,3,train
9561,3,train
9562,3,train
9564,3,train
9566,3,train
9568,3,train
9569,3,train
9572,3,train
9573,3,train
9574,3,train
9575,3,train
9576,3,train
9577,3,train
9578,3,train
9580,3,train
9581,3,train
9582,3,train
9583,3,train
9584,3,train
9585,3,train
9586,3,train
9587,3,train
9588,3,train
9589,3,train
9590,3,train
9591,3,train
9592,3,train
9594,3,train
9596,3,train
9598,3,train
9600,3,train
9601,3,train
9602,3,train
9603,3,train
9604,3,train
9606,3,train
9607,3,train
9608,3,train
9609,3,train
9610,3,train
9611,3,train
9613,3,train
9614,3,train
9615,3,train
9616,3,train
9617,3,train
9620,3,train
9621,3,train
9623,3,train
9625,3,train
9626,3,train
9628,3,train
9631,3,train
9632,3,train
9633,3,train
9634,3,train
9635,3,train
9637,3,train
9641,3,train
9642,3,train
9645,3,train
9646,3,train
9647,3,train
9648,3,train
9649,3,train
9650,3,train
9651,3,train
9652,3,train
9653,3,train
9654,3,train
9655,3,train
9656,3,train
9657,3,train
9658,3,train
9659,3,train
9660,3,train
9661,3,train
9662,3,train
9663,3,train
9664,3,train
9665,3,train
9666,3,train
9668,3,train
9670,3,train
9671,3,train
9673,3,train
9674,3,train
9675,3,train
9676,3,train
9678,3,train
9679,3,train
9681,3,train
9682,3,train
9686,3,train
9687,3,train
9688,3,train
9689,3,train
9690,3,train
9694,3,train
9695,3,train
9696,3,train
9697,3,train
9698,3,train
9699,3,train
9700,3,train
9701,3,train
9703,3,train
9704,3,train
9705,3,train
9706,3,train
9708,3,train
9710,3,train
9712,3,train
9713,3,train
9714,3,train
9715,3,train
9717,3,train
9718,3,train
9719,3,train
9720,3,train
9721,3,train
9722,3,train
11934,3,train
11936,3,train
11937,3,train
11938,3,train
11939,3,train
11940,3,train
11943,3,train
11945,3,train
11946,3,train
11947,3,train
11949,3,train
11950,3,train
11951,3,train
11952,3,train
11953,3,train
11955,3,train
11956,3,train
11958,3,train
11959,3,train
11960,3,train
11961,3,train
11962,3,train
11964,3,train
11965,3,train
11967,3,train
11968,3,train
11969,3,train
11970,3,train
11973,3,train
11975,3,train
11976,3,train
11977,3,train
11978,3,train
11979,3,train
11980,3,train
11981,3,train
11984,3,train
11985,3,train
11986,3,train
11987,3,train
11988,3,train
11989,3,train
11990,3,train
11991,3,train
11992,3,train
11993,3,train
11994,3,train
11995,3,train
11996,3,train
11997,3,train
11998,3,train
11999,3,train
12000,3,train
12004,3,train
12005,3,train
12006,3,train
12007,3,train
12008,3,train
12012,3,train
12013,3,train
12015,3,train
12016,3,train
12017,3,train
12018,3,train
12019,3,train
12020,3,train
12022,3,train
12023,3,train
12024,3,train
12026,3,train
12027,3,train
12029,3,train
12032,3,train
12033,3,train
12034,3,train
12035,3,train
12036,3,train
12037,3,train
12042,3,train
12044,3,train
12045,3,train
12046,3,train
12047,3,train
12049,3,train
12050,3,train
12051,3,train
12054,3,train
12055,3,train
12056,3,train
12057,3,train
12058,3,train
12060,3,train
12061,3,train
12062,3,train
12063,3,train
12064,3,train
12065,3,train
12068,3,train
12069,3,train
12070,3,train
12071,3,train
12072,3,train
12073,3,train
12075,3,train
12076,3,train
12079,3,train
12080,3,train
12081,3,train
12082,3,train
12083,3,train
12084,3,train
12085,3,train
12086,3,train
12089,3,train
12090,3,train
12092,3,train
12094,3,train
12095,3,train
12096,3,train
12099,3,train
12101,3,train
12103,3,train
12104,3,train
12105,3,train
12106,3,train
12107,3,train
12110,3,train
12112,3,train
12113,3,train
12114,3,train
12115,3,train
12118,3,train
12119,3,train
12121,3,train
12122,3,train
12124,3,train
12126,3,train
12127,3,train
12128,3,train
12129,3,train
12130,3,train
12132,3,train
12133,3,train
12134,3,train
12135,3,train
12136,3,train
12137,3,train
12138,3,train
12139,3,train
12140,3,train
12142,3,train
12143,3,train
12144,3,train
12146,3,train
12148,3,train
12149,3,train
12150,3,train
12151,3,train
12154,3,train
12155,3,train
12157,3,train
12159,3,train
12160,3,train
12163,3,train
12164,3,train
12166,3,train
12167,3,train
12168,3,train
12170,3,train
12174,3,train
12175,3,train
12177,3,train
12178,3,train
12179,3,train
12180,3,train
12181,3,train
12182,3,train
12183,3,train
12184,3,train
12186,3,train
12188,3,train
12190,3,train
12191,3,train
12192,3,train
12193,3,train
12197,3,train
12199,3,train
12201,3,train
12203,3,train
12205,3,train
12207,3,train
12209,3,train
12211,3,train
12212,3,train
12213,3,train
12214,3,train
12216,3,train
12218,3,train
12219,3,train
12220,3,train
12221,3,train
12222,3,train
12223,3,train
12224,3,train
12226,3,train
12227,3,train
12228,3,train
12229,3,train
12230,3,train
12231,3,train
12235,3,train
12236,3,train
12239,3,train
12240,3,train
12241,3,train
12242,3,train
12244,3,train
12245,3,train
12247,3,train
12248,3,train
12250,3,train
12252,3,train
12253,3,train
12254,3,train
12256,3,train
12257,3,train
12258,3,train
12259,3,train
12260,3,train
12261,3,train
12262,3,train
12263,3,train
12264,3,train
12265,3,train
12266,3,train
12268,3,train
12273,3,train
12275,3,train
12276,3,train
12277,3,train
12279,3,train
12280,3,train
12281,3,train
12283,3,train
12284,3,train
12285,3,train
12287,3,train
12288,3,train
12289,3,train
12291,3,train
12292,3,train
12293,3,train
12294,3,train
12295,3,train
12296,3,train
12298,3,train
12299,3,train
12301,3,train
12303,3,train
12304,3,train
12306,3,train
12307,3,train
12308,3,train
12309,3,train
12310,3,train
12311,3,train
12312,3,train
12314,3,train
12315,3,train
12317,3,train
12318,3,train
12320,3,train
12321,3,train
12322,3,train
12323,3,train
12324,3,train
12329,3,train
12330,3,train
12332,3,train
12333,3,train
12336,3,train
12337,3,train
12338,3,train
12339,3,train
12340,3,train
12341,3,train
12342,3,train
12344,3,train
12345,3,train
12346,3,train
12347,3,train
12348,3,train
12350,3,train
12352,3,train
12353,3,train
12354,3,train
12355,3,train
12356,3,train
12357,3,train
12358,3,train
12359,3,train
12360,3,train
12361,3,train
12362,3,train
12363,3,train
12365,3,train
12367,3,train
12368,3,train
12371,3,train
12373,3,train
12374,3,train
14146,3,train
14147,3,train
14148,3,train
14150,3,train
14151,3,train
14152,3,train
14153,3,train
14154,3,train
14155,3,train
14156,3,train
14157,3,train
14159,3,train
14160,3,train
14161,3,train
14164,3,train
14165,3,train
14167,3,train
14168,3,train
14170,3,train
14171,3,train
14172,3,train
14173,3,train
14175,3,train
14176,3,train
14177,3,train
14178,3,train
14179,3,train
14180,3,train
14181,3,train
14182,3,train
14183,3,train
14186,3,train
14187,3,train
14191,3,train
14192,3,train
14194,3,train
14195,3,train
14196,3,train
14198,3,train
14199,3,train
14200,3,train
14201,3,train
14202,3,train
14204,3,train
14205,3,train
14206,3,train
14207,3,train
14208,3,train
14210,3,train
14211,3,train
14212,3,train
14213,3,train
14214,3,train
14216,3,train
14218,3,train
14220,3,train
14221,3,train
14222,3,train
14223,3,train
14224,3,train
14225,3,train
14226,3,train
14228,3,train
14229,3,train
14231,3,train
14232,3,train
14233,3,train
14234,3,train
14235,3,train
14236,3,train
14237,3,train
14238,3,train
14239,3,train
14240,3,train
14242,3,train
14244,3,train
14245,3,train
14246,3,train
14247,3,train
14248,3,train
14249,3,train
14250,3,train
14251,3,train
14253,3,train
14254,3,train
14255,3,train
14257,3,train
14258,3,train
14261,3,train
14262,3,train
14263,3,train
14266,3,train
14268,3,train
14270,3,train
14271,3,train
14272,3,train
14273,3,train
14274,3,train
14276,3,train
14277,3,train
14278,3,train
14279,3,train
14280,3,train
14282,3,train
14283,3,train
14284,3,train
14285,3,train
14290,3,train
14292,3,train
14293,3,train
14295,3,train
14296,3,train
14297,3,train
14299,3,train
14301,3,train
14302,3,train
14303,3,train
14304,3,train
14307,3,train
14308,3,train
14310,3,train
14311,3,train
14312,3,train
14313,3,train
14314,3,train
14315,3,train
14316,3,train
14317,3,train
14318,3,train
14319,3,train
14320,3,train
14321,3,train
14322,3,train
14323,3,train
14324,3,train
14325,3,train
14326,3,train
14327,3,train
14328,3,train
14329,3,train
14331,3,train
14332,3,train
14333,3,train
14334,3,train
14337,3,train
14338,3,train
14339,3,train
14341,3,train
14342,3,train
14343,3,train
14345,3,train
14350,3,train
14351,3,train
14352,3,train
14353,3,train
14354,3,train
14356,3,train
14357,3,train
14358,3,train
14360,3,train
14361,3,train
14362,3,train
14363,3,train
14364,3,train
14366,3,train
14367,3,train
14369,3,train
14370,3,train
14371,3,train
14372,3,train
14373,3,train
14374,3,train
14375,3,train
14377,3,train
14378,3,train
14379,3,train
14380,3,train
14385,3,train
14387,3,train
14388,3,train
14389,3,train
14391,3,train
14394,3,train
14395,3,train
14396,3,train
14397,3,train
14399,3,train
14400,3,train
14401,3,train
14403,3,train
14404,3,train
14405,3,train
14408,3,train
14410,3,train
14411,3,train
14412,3,train
14413,3,train
14415,3,train
14418,3,train
14419,3,train
14422,3,train
14426,3,train
14427,3,train
14428,3,train
14429,3,train
14430,3,train
14432,3,train
14433,3,train
14434,3,train
14436,3,train
14439,3,train
14440,3,train
14441,3,train
14443,3,train
14444,3,train
14445,3,train
14446,3,train
14447,3,train
14448,3,train
14449,3,train
14450,3,train
14452,3,train
14453,3,train
14454,3,train
14455,3,train
14456,3,train
14457,3,train
14458,3,train
14459,3,train
14460,3,train
14461,3,train
14462,3,train
14464,3,train
14465,3,train
14466,3,train
14472,3,train
14473,3,train
14475,3,train
14476,3,train
14477,3,train
14478,3,train
14479,3,train
14481,3,train
14482,3,train
14483,3,train
14484,3,train
14487,3,train
14488,3,train
14489,3,train
14490,3,train
14491,3,train
14493,3,train
14494,3,train
14495,3,train
14496,3,train
14497,3,train
14498,3,train
14499,3,train
14500,3,train
14501,3,train
14503,3,train
14504,3,train
14505,3,train
14507,3,train
14509,3,train
14510,3,train
14511,3,train
14512,3,train
14513,3,train
14516,3,train
14517,3,train
14518,3,train
14519,3,train
14521,3,train
14523,3,train
14525,3,train
14527,3,train
14528,3,train
14529,3,train
14530,3,train
14531,3,train
14532,3,train
14535,3,train
14538,3,train
14539,3,train
14540,3,train
14541,3,train
14542,3,train
14543,3,train
14544,3,train
14546,3,train
14547,3,train
14549,3,train
14550,3,train
14551,3,train
14552,3,train
14553,3,train
14554,3,train
14556,3,train
14557,3,train
14559,3,train
14561,3,train
14562,3,train
14563,3,train
14564,3,train
14566,3,train
14567,3,train
14568,3,train
14571,3,train
14574,3,train
14575,3,train
14576,3,train
14577,3,train
14578,3,train
14579,3,train
14580,3,train
14581,3,train
14583,3,train
14584,3,train
17239,3,train
17241,3,train
17242,3,train
17243,3,train
17244,3,train
17246,3,train
17247,3,train
17249,3,train
17252,3,train
17253,3,train
17254,3,train
17257,3,train
17258,3,train
17260,3,train
17261,3,train
17262,3,train
17263,3,train
17265,3,train
17266,3,train
17267,3,train
17268,3,train
17270,3,train
17271,3,train
17272,3,train
17273,3,train
17274,3,train
17275,3,train
17276,3,train
17277,3,train
17278,3,train
17281,3,train
17285,3,train
17288,3,train
17290,3,train
17291,3,train
17292,3,train
17294,3,train
17295,3,train
17297,3,train
17298,3,train
17299,3,train
17300,3,train
17301,3,train
17303,3,train
17304,3,train
17305,3,train
17306,3,train
17309,3,train
17310,3,train
17314,3,train
17316,3,train
17317,3,train
17318,3,train
17320,3,train
17321,3,train
17324,3,train
17325,3,train
17327,3,train
17328,3,train
17329,3,train
17330,3,train
17331,3,train
17332,3,train
17333,3,train
17336,3,train
17337,3,train
17339,3,train
17341,3,train
17342,3,train
17343,3,train
17344,3,train
17346,3,train
17348,3,train
17349,3,train
17350,3,train
17351,3,train
17353,3,train
17354,3,train
17356,3,train
17357,3,train
17358,3,train
17360,3,train
17361,3,train
17362,3,train
17364,3,train
17365,3,train
17366,3,train
17367,3,train
17369,3,train
17370,3,train
17371,3,train
17372,3,train
17373,3,train
17374,3,train
17376,3,train
17377,3,train
17378,3,train
17379,3,train
17381,3,train
17382,3,train
17383,3,train
17384,3,train
17385,3,train
17387,3,train
17389,3,train
17390,3,train
17391,3,train
17392,3,train
17395,3,train
17396,3,train
17397,3,train
17398,3,train
17399,3,train
17400,3,train
17401,3,train
17402,3,train
17404,3,train
17405,3,train
17406,3,train
17407,3,train
17408,3,train
17410,3,train
17412,3,train
17413,3,train
17414,3,train
17415,3,train
17418,3,train
17419,3,train
17422,3,train
17423,3,train
17424,3,train
17425,3,train
17426,3,train
17427,3,train
17428,3,train
17430,3,train
17431,3,train
17432,3,train
17433,3,train
17435,3,train
17436,3,train
17437,3,train
17438,3,train
17440,3,train
17441,3,train
17442,3,train
17443,3,train
17444,3,train
17445,3,train
17446,3,train
17448,3,train
17450,3,train
17451,3,train
17453,3,train
17454,3,train
17455,3,train
17456,3,train
17459,3,train
17461,3,train
17463,3,train
17464,3,train
17465,3,train
17466,3,train
17467,3,train
17469,3,train
17470,3,train
17471,3,train
17474,3,train
17475,3,train
17477,3,train
17480,3,train
17481,3,train
17483,3,train
17484,3,train
17485,3,train
17486,3,train
17487,3,train
17488,3,train
17489,3,train
17490,3,train
17493,3,train
17495,3,train
17498,3,train
17499,3,train
17500,3,train
17502,3,train
17503,3,train
17504,3,train
17505,3,train
17507,3,train
17508,3,train
17510,3,train
17512,3,train
17513,3,train
17514,3,train
17515,3,train
17516,3,train
17517,3,train
17519,3,train
17520,3,train
17521,3,train
17522,3,train
17523,3,train
17524,3,train
17526,3,train
17527,3,train
17528,3,train
17530,3,train
17531,3,train
17532,3,train
17533,3,train
17534,3,train
17535,3,train
17537,3,train
17538,3,train
17540,3,train
17542,3,train
17544,3,train
17545,3,train
17546,3,train
17547,3,train
17549,3,train
17550,3,train
17551,3,train
17552,3,train
17553,3,train
17554,3,train
17555,3,train
17556,3,train
17557,3,train
17559,3,train
17560,3,train
17561,3,train
17562,3,train
17564,3,train
17566,3,train
17567,3,train
17568,3,train
17570,3,train
17571,3,train
17572,3,train
17573,3,train
17574,3,train
17575,3,train
17577,3,train
17579,3,train
17580,3,train
17581,3,train
17584,3,train
17585,3,train
17587,3,train
17588,3,train
17591,3,train
17592,3,train
17594,3,train
17595,3,train
17596,3,train
17597,3,train
17598,3,train
17600,3,train
17602,3,train
17603,3,train
17604,3,train
17605,3,train
17606,3,train
17607,3,train
17608,3,train
17610,3,train
17611,3,train
17612,3,train
17613,3,train
17614,3,train
17615,3,train
17616,3,train
17618,3,train
17619,3,train
17620,3,train
17621,3,train
17623,3,train
17624,3,train
17627,3,train
17632,3,train
17633,3,train
17634,3,train
17636,3,train
17637,3,train
17638,3,train
17640,3,train
17642,3,train
17643,3,train
17645,3,train
17646,3,train
17647,3,train
17648,3,train
17649,3,train
17653,3,train
17654,3,train
17655,3,train
17656,3,train
17657,3,train
17658,3,train
17661,3,train
17663,3,train
17664,3,train
17665,3,train
17666,3,train
17667,3,train
17668,3,train
17669,3,train
17670,3,train
17671,3,train
17672,3,train
17676,3,train
17677,3,train
17678,3,train
17680,3,train
17681,3,train
17682,3,train
17683,3,train
17685,3,train
17688,3,train
17690,3,train
17691,3,train
17692,3,train
17693,3,train
17694,3,train
17695,3,train
17696,3,train
17697,3,train
17698,3,train
17700,3,train
17701,3,train
17702,3,train
17703,3,train
17704,3,train
17705,3,train
17706,3,train
17707,3,train
17708,3,train
17709,3,train
17710,3,train
17711,3,train
17712,3,train
17714,3,train
17718,3,train
17719,3,train
17720,3,train
17722,3,train
17723,3,train
17724,3,train
17726,3,train
17727,3,train
17729,3,train
17730,3,train
17732,3,train
17734,3,train
17738,3,train
17739,3,train
17742,3,train
17744,3,train
17747,3,train
17748,3,train
17749,3,train
17750,3,train
17752,3,train
17755,3,train
17756,3,train
17757,3,train
17758,3,train
17760,3,train
17761,3,train
17762,3,train
17763,3,train
17764,3,train
17765,3,train
17766,3,train
17768,3,train
17770,3,train
17771,3,train
17775,3,train
17776,3,train
17777,3,train
17778,3,train
17780,3,train
17781,3,train
17782,3,train
17783,3,train
17784,3,train
17785,3,train
17786,3,train
17787,3,train
17788,3,train
17789,3,train
17790,3,train
17791,3,train
17792,3,train
17794,3,train
17795,3,train
17796,3,train
17797,3,train
17799,3,train
17800,3,train
17801,3,train
17803,3,train
17805,3,train
17806,3,train
17807,3,train
17809,3,train
17810,3,train
17811,3,train
17813,3,train
17814,3,train
17815,3,train
17817,3,train
17819,3,train
17820,3,train
17822,3,train
17823,3,train
17824,3,train
17825,3,train
17829,3,train
17830,3,train
17831,3,train
17832,3,train
17833,3,train
17835,3,train
17836,3,train
17837,3,train
17839,3,train
17840,3,train
17842,3,train
17843,3,train
17844,3,train
17846,3,train
17847,3,train
17850,3,train
17851,3,train
17852,3,train
17858,3,train
17859,3,train
17860,3,train
17861,3,train
17862,3,train
17864,3,train
17865,3,train
17866,3,train
17867,3,train
17868,3,train
17869,3,train
17870,3,train
17872,3,train
17875,3,train
17876,3,train
17878,3,train
17879,3,train
17880,3,train
17881,3,train
17882,3,train
17883,3,train
17886,3,train
17887,3,train
17888,3,train
17889,3,train
17891,3,train
17895,3,train
17896,3,train
17901,3,train
17902,3,train
17903,3,train
17904,3,train
17905,3,train
17906,3,train
17907,3,train
17909,3,train
17911,3,train
17912,3,train
17913,3,train
17914,3,train
17915,3,train
17916,3,train
17917,3,train
17918,3,train
17922,3,train
17924,3,train
17925,3,train
17930,3,train
17931,3,train
17932,3,train
17933,3,train
17934,3,train
17936,3,train
17938,3,train
17941,3,train
17943,3,train
17944,3,train
17945,3,train
17949,3,train
17950,3,train
17952,3,train
17953,3,train
17955,3,train
17956,3,train
17958,3,train
17959,3,train
17963,3,train
17964,3,train
17966,3,train
17967,3,train
17968,3,train
17969,3,train
17970,3,train
17971,3,train
17972,3,train
17973,3,train
17974,3,train
17976,3,train
17977,3,train
17978,3,train
17979,3,train
17980,3,train
17981,3,train
17982,3,train
17984,3,train
17985,3,train
17986,3,train
17987,3,train
17989,3,train
17991,3,train
17992,3,train
17993,3,train
17994,3,train
17996,3,train
17997,3,train
17998,3,train
17999,3,train
18000,3,train
18001,3,train
18002,3,train
18004,3,train
18005,3,train
18006,3,train
18007,3,train
18008,3,train
18009,3,train
18011,3,train
18013,3,train
18014,3,train
18015,3,train
18016,3,train
18017,3,train
18018,3,train
18019,3,train
18020,3,train
18021,3,train
18022,3,train
18023,3,train
18024,3,train
18026,3,train
18027,3,train
18028,3,train
18029,3,train
18030,3,train
18031,3,train
18032,3,train
18033,3,train
18035,3,train
18037,3,train
18039,3,train
18040,3,train
18041,3,train
18042,3,train
18043,3,train
18044,3,train
18046,3,train
18047,3,train
18048,3,train
18049,3,train
18050,3,train
18051,3,train
18052,3,train
18055,3,train
18056,3,train
18061,3,train
18064,3,train
18065,3,train
18066,3,train
18067,3,train
18068,3,train
18069,3,train
18071,3,train
18074,3,train
18075,3,train
18076,3,train
18079,3,train
18082,3,train
18083,3,train
18085,3,train
18087,3,train
18088,3,train
18090,3,train
18092,3,train
18093,3,train
18094,3,train
18095,3,train
18097,3,train
18098,3,train
18101,3,train
18102,3,train
18104,3,train
18105,3,train
18106,3,train
18109,3,train
18110,3,train
18111,3,train
18114,3,train
18115,3,train
18116,3,train
18118,3,train
18119,3,train
18120,3,train
18121,3,train
18122,3,train
18123,3,train
18124,3,train
18125,3,train
18126,3,train
18127,3,train
18128,3,train
18129,3,train
18130,3,train
18133,3,train
18134,3,train
18135,3,train
18136,3,train
18137,3,train
18138,3,train
18139,3,train
18140,3,train
18141,3,train
18142,3,train
18143,3,train
18147,3,train
18148,3,train
18150,3,train
18153,3,train
18155,3,train
18156,3,train
18157,3,train
18159,3,train
18160,3,train
18162,3,train
18163,3,train
18164,3,train
18165,3,train
18168,3,train
18169,3,train
18172,3,train
18173,3,train
18174,3,train
18175,3,train
18178,3,train
18179,3,train
18180,3,train
18181,3,train
18183,3,train
18184,3,train
18185,3,train
18186,3,train
18187,3,train
18188,3,train
18189,3,train
18190,3,train
18194,3,train
18196,3,train
18198,3,train
18199,3,train
18200,3,train
18201,3,train
18204,3,train
18205,3,train
18207,3,train
18208,3,train
18209,3,train
18210,3,train
18211,3,train
18212,3,train
18213,3,train
18214,3,train
18215,3,train
18217,3,train
18221,3,train
18222,3,train
18224,3,train
18226,3,train
18227,3,train
18230,3,train
18231,3,train
18232,3,train
18233,3,train
18234,3,train
18235,3,train
18236,3,train
18237,3,train
18238,3,train
18239,3,train
18240,3,train
18241,3,train
18242,3,train
18244,3,train
18248,3,train
18249,3,train
18250,3,train
18253,3,train
18254,3,train
18255,3,train
18256,3,train
18259,3,train
18260,3,train
18261,3,train
18262,3,train
18263,3,train
18266,3,train
18267,3,train
18268,3,train
18269,3,train
18270,3,train
18271,3,train
18272,3,train
18273,3,train
18275,3,train
18276,3,train
18278,3,train
18279,3,train
18280,3,train
18282,3,train
18283,3,train
18285,3,train
18287,3,train
18288,3,train
18289,3,train
18291,3,train
18292,3,train
18293,3,train
18294,3,train
18295,3,train
18296,3,train
18297,3,train
18301,3,train
18302,3,train
18303,3,train
18305,3,train
18306,3,train
18307,3,train
18311,3,train
18312,3,train
18315,3,train
18317,3,train
18318,3,train
18320,3,train
18321,3,train
18322,3,train
18325,3,train
18326,3,train
18329,3,train
18330,3,train
18332,3,train
18333,3,train
18335,3,train
18336,3,train
18338,3,train
18339,3,train
18340,3,train
18342,3,train
18343,3,train
18345,3,train
18346,3,train
18347,3,train
18348,3,train
18349,3,train
18350,3,train
18351,3,train
18352,3,train
18353,3,train
18356,3,train
18357,3,train
18358,3,train
18359,3,train
18362,3,train
18363,3,train
18364,3,train
18365,3,train
18366,3,train
18367,3,train
18368,3,train
18370,3,train
18371,3,train
18373,3,train
18374,3,train
18376,3,train
18378,3,train
18380,3,train
18381,3,train
18382,3,train
18383,3,train
18384,3,train
18385,3,train
18386,3,train
18387,3,train
18389,3,train
18390,3,train
18391,3,train
18393,3,train
18394,3,train
18395,3,train
18396,3,train
18399,3,train
18402,3,train
18404,3,train
18408,3,train
18411,3,train
18413,3,train
18415,3,train
18416,3,train
18417,3,train
18418,3,train
18421,3,train
18423,3,train
18424,3,train
18425,3,train
18429,3,train
18430,3,train
18431,3,train
18432,3,train
18433,3,train
18435,3,train
18436,3,train
18437,3,train
18438,3,train
18439,3,train
18440,3,train
18441,3,train
18442,3,train
18444,3,train
18445,3,train
18447,3,train
18448,3,train
18449,3,train
18450,3,train
18451,3,train
18452,3,train
18453,3,train
18454,3,train
18455,3,train
18457,3,train
18458,3,train
18459,3,train
18460,3,train
18461,3,train
18463,3,train
18464,3,train
18465,3,train
18466,3,train
18467,3,train
18468,3,train
18470,3,train
18471,3,train
18472,3,train
18475,3,train
18476,3,train
18478,3,train
18479,3,train
18481,3,train
18485,3,train
18487,3,train
18489,3,train
18490,3,train
18491,3,train
18492,3,train
18493,3,train
18495,3,train
18497,3,train
18498,3,train
18499,3,train
18500,3,train
18501,3,train
18502,3,train
18503,3,train
18504,3,train
18505,3,train
18508,3,train
18509,3,train
18512,3,train
18513,3,train
18514,3,train
18516,3,train
18517,3,train
18518,3,train
18519,3,train
18520,3,train
18521,3,train
18523,3,train
18524,3,train
18525,3,train
18526,3,train
18527,3,train
18528,3,train
18529,3,train
18530,3,train
18531,3,train
18532,3,train
18534,3,train
18536,3,train
18538,3,train
18540,3,train
18541,3,train
18542,3,train
18543,3,train
18544,3,train
18545,3,train
18546,3,train
18547,3,train
18548,3,train
18550,3,train
18551,3,train
18552,3,train
18553,3,train
18554,3,train
18555,3,train
18557,3,train
18560,3,train
18562,3,train
22101,3,train
22102,3,train
22104,3,train
22105,3,train
22107,3,train
22108,3,train
22110,3,train
22111,3,train
22113,3,train
22114,3,train
22115,3,train
22116,3,train
22117,3,train
22118,3,train
22120,3,train
22121,3,train
22122,3,train
22123,3,train
22126,3,train
22128,3,train
22130,3,train
22131,3,train
22132,3,train
22133,3,train
22134,3,train
22136,3,train
22137,3,train
22138,3,train
22139,3,train
22141,3,train
22142,3,train
22143,3,train
22145,3,train
22146,3,train
22147,3,train
22148,3,train
22150,3,train
22151,3,train
22152,3,train
22153,3,train
22155,3,train
22158,3,train
22159,3,train
22160,3,train
22161,3,train
22162,3,train
22163,3,train
22165,3,train
22167,3,train
22168,3,train
22170,3,train
22173,3,train
22174,3,train
22175,3,train
22176,3,train
22177,3,train
22178,3,train
22179,3,train
22180,3,train
22182,3,train
22183,3,train
22184,3,train
22185,3,train
22186,3,train
22187,3,train
22189,3,train
22190,3,train
22191,3,train
22192,3,train
22193,3,train
22194,3,train
22195,3,train
22196,3,train
22198,3,train
22200,3,train
22201,3,train
22202,3,train
22205,3,train
22207,3,train
22208,3,train
22209,3,train
22210,3,train
22211,3,train
22214,3,train
22215,3,train
22216,3,train
22217,3,train
22218,3,train
22220,3,train
22221,3,train
22222,3,train
22223,3,train
22224,3,train
22225,3,train
22226,3,train
22227,3,train
22228,3,train
22230,3,train
22231,3,train
22232,3,train
22234,3,train
22237,3,train
22241,3,train
22243,3,train
22244,3,train
22245,3,train
22247,3,train
22248,3,train
22250,3,train
22251,3,train
22252,3,train
22253,3,train
22254,3,train
22255,3,train
22256,3,train
22257,3,train
22258,3,train
22259,3,train
22262,3,train
22264,3,train
22265,3,train
22266,3,train
22267,3,train
22268,3,train
22269,3,train
22270,3,train
22272,3,train
22273,3,train
22274,3,train
22275,3,train
22276,3,train
22278,3,train
22280,3,train
22281,3,train
22284,3,train
22285,3,train
22286,3,train
22287,3,train
22288,3,train
22290,3,train
22291,3,train
22292,3,train
22293,3,train
22297,3,train
22298,3,train
22299,3,train
22300,3,train
22302,3,train
22304,3,train
22306,3,train
22309,3,train
22316,3,train
22317,3,train
22318,3,train
22319,3,train
22321,3,train
22322,3,train
22324,3,train
22325,3,train
22326,3,train
22328,3,train
22329,3,train
22330,3,train
22331,3,train
22333,3,train
22334,3,train
22335,3,train
22336,3,train
22338,3,train
22339,3,train
22340,3,train
22341,3,train
22343,3,train
22345,3,train
22346,3,train
22347,3,train
22348,3,train
22351,3,train
22352,3,train
22353,3,train
22354,3,train
22355,3,train
22356,3,train
22357,3,train
22359,3,train
22360,3,train
22362,3,train
22365,3,train
22366,3,train
22369,3,train
22370,3,train
22372,3,train
22374,3,train
22376,3,train
22377,3,train
22378,3,train
22380,3,train
22381,3,train
22382,3,train
22383,3,train
22384,3,train
22385,3,train
22386,3,train
22388,3,train
22389,3,train
22390,3,train
22391,3,train
22392,3,train
22394,3,train
22396,3,train
22398,3,train
22399,3,train
22400,3,train
22401,3,train
22405,3,train
22407,3,train
22408,3,train
22410,3,train
22411,3,train
22412,3,train
22413,3,train
22415,3,train
22418,3,train
22420,3,train
22421,3,train
22422,3,train
22424,3,train
22425,3,train
22428,3,train
22429,3,train
22430,3,train
22431,3,train
22432,3,train
22434,3,train
22436,3,train
22439,3,train
22440,3,train
22442,3,train
22443,3,train
22444,3,train
22446,3,train
22447,3,train
22448,3,train
22450,3,train
22451,3,train
22452,3,train
22453,3,train
22455,3,train
22456,3,train
22457,3,train
22459,3,train
22460,3,train
22461,3,train
22462,3,train
22464,3,train
22466,3,train
22467,3,train
22468,3,train
22470,3,train
22473,3,train
22474,3,train
22475,3,train
22476,3,train
22477,3,train
22478,3,train
22479,3,train
22480,3,train
22481,3,train
22482,3,train
22483,3,train
22485,3,train
22486,3,train
22489,3,train
22490,3,train
22491,3,train
22492,3,train
22494,3,train
22495,3,train
22497,3,train
22499,3,train
22500,3,train
22501,3,train
22502,3,train
22504,3,train
22505,3,train
22507,3,train
22508,3,train
22511,3,train
22512,3,train
22514,3,train
22515,3,train
22516,3,train
22518,3,train
22519,3,train
22521,3,train
22523,3,train
22524,3,train
22525,3,train
22526,3,train
22527,3,train
22529,3,train
22530,3,train
22531,3,train
22533,3,train
22534,3,train
22537,3,train
22539,3,train
22541,3,train
23868,3,train
23869,3,train
23874,3,train
23876,3,train
23881,3,train
23883,3,train
23885,3,train
23886,3,train
23887,3,train
23891,3,train
23892,3,train
23894,3,train
23895,3,train
23896,3,train
23897,3,train
23898,3,train
23899,3,train
23901,3,train
23902,3,train
23905,3,train
23906,3,train
23907,3,train
23908,3,train
23910,3,train
23911,3,train
23912,3,train
23913,3,train
23914,3,train
23918,3,train
23919,3,train
23922,3,train
23924,3,train
23925,3,train
23927,3,train
23928,3,train
23929,3,train
23932,3,train
23933,3,train
23936,3,train
23937,3,train
23938,3,train
23939,3,train
23940,3,train
23944,3,train
23945,3,train
23946,3,train
23947,3,train
23949,3,train
23951,3,train
23953,3,train
23954,3,train
23956,3,train
23957,3,train
23958,3,train
23959,3,train
23960,3,train
23961,3,train
23963,3,train
23965,3,train
23966,3,train
23967,3,train
23968,3,train
23971,3,train
23972,3,train
23974,3,train
23975,3,train
23977,3,train
23978,3,train
23979,3,train
23980,3,train
23981,3,train
23982,3,train
23984,3,train
23985,3,train
23986,3,train
23987,3,train
23989,3,train
23990,3,train
23991,3,train
23992,3,train
23994,3,train
23995,3,train
23996,3,train
23997,3,train
23999,3,train
24000,3,train
24001,3,train
24002,3,train
24003,3,train
24004,3,train
24005,3,train
24006,3,train
24007,3,train
24008,3,train
24009,3,train
24011,3,train
24013,3,train
24015,3,train
24016,3,train
24017,3,train
24018,3,train
24019,3,train
24021,3,train
24022,3,train
24024,3,train
24025,3,train
24027,3,train
24028,3,train
24030,3,train
24031,3,train
24032,3,train
24033,3,train
24034,3,train
24037,3,train
24038,3,train
24039,3,train
24040,3,train
24041,3,train
24042,3,train
24043,3,train
24044,3,train
24046,3,train
24047,3,train
24049,3,train
24050,3,train
24051,3,train
24052,3,train
24054,3,train
24056,3,train
24057,3,train
24058,3,train
24059,3,train
24061,3,train
24064,3,train
24066,3,train
24067,3,train
24068,3,train
24069,3,train
24071,3,train
24072,3,train
24073,3,train
24074,3,train
24075,3,train
24076,3,train
24077,3,train
24078,3,train
24079,3,train
24081,3,train
24082,3,train
24084,3,train
24085,3,train
24086,3,train
24089,3,train
24090,3,train
24091,3,train
24093,3,train
24094,3,train
24095,3,train
24096,3,train
24097,3,train
24098,3,train
24099,3,train
24100,3,train
24105,3,train
24106,3,train
24107,3,train
24108,3,train
24109,3,train
24111,3,train
24112,3,train
24114,3,train
24115,3,train
24116,3,train
24117,3,train
24118,3,train
24119,3,train
24120,3,train
24122,3,train
24123,3,train
24125,3,train
24127,3,train
24131,3,train
24132,3,train
24133,3,train
24135,3,train
24136,3,train
24137,3,train
24138,3,train
24140,3,train
24143,3,train
24145,3,train
24146,3,train
24147,3,train
24148,3,train
24149,3,train
24152,3,train
24153,3,train
24155,3,train
24156,3,train
24157,3,train
24158,3,train
24161,3,train
24162,3,train
24163,3,train
24165,3,train
24167,3,train
24168,3,train
24169,3,train
24170,3,train
24171,3,train
24173,3,train
24174,3,train
24176,3,train
24178,3,train
24180,3,train
24181,3,train
24182,3,train
24184,3,train
24185,3,train
24186,3,train
24187,3,train
24189,3,train
24190,3,train
24193,3,train
24194,3,train
24196,3,train
24197,3,train
24198,3,train
24199,3,train
24200,3,train
24201,3,train
24203,3,train
24204,3,train
24205,3,train
24206,3,train
24207,3,train
24208,3,train
24210,3,train
24211,3,train
24213,3,train
24214,3,train
24215,3,train
24217,3,train
24218,3,train
24220,3,train
24221,3,train
24223,3,train
24224,3,train
24225,3,train
24227,3,train
24229,3,train
24230,3,train
24231,3,train
24232,3,train
24233,3,train
24234,3,train
24235,3,train
24236,3,train
24238,3,train
24240,3,train
24243,3,train
24245,3,train
24247,3,train
24248,3,train
24249,3,train
24250,3,train
24251,3,train
24253,3,train
24254,3,train
24255,3,train
24256,3,train
24257,3,train
24258,3,train
24261,3,train
24262,3,train
24264,3,train
24265,3,train
24266,3,train
24267,3,train
24268,3,train
24269,3,train
24270,3,train
24272,3,train
24273,3,train
24275,3,train
24276,3,train
24277,3,train
24280,3,train
24281,3,train
24284,3,train
24289,3,train
24290,3,train
24292,3,train
24293,3,train
24295,3,train
24297,3,train
24299,3,train
24300,3,train
24301,3,train
24302,3,train
24303,3,train
24305,3,train
24308,3,train
24309,3,train
24752,3,train
24755,3,train
24756,3,train
24758,3,train
24759,3,train
24760,3,train
24761,3,train
24762,3,train
24763,3,train
24764,3,train
24765,3,train
24767,3,train
24768,3,train
24769,3,train
24773,3,train
24775,3,train
24776,3,train
24777,3,train
24778,3,train
24782,3,train
24783,3,train
24784,3,train
24786,3,train
24787,3,train
24788,3,train
24789,3,train
24790,3,train
24791,3,train
24792,3,train
24793,3,train
24794,3,train
24796,3,train
24797,3,train
24799,3,train
24801,3,train
24802,3,train
24803,3,train
24804,3,train
24805,3,train
24806,3,train
24809,3,train
24810,3,train
24813,3,train
24814,3,train
24815,3,train
24816,3,train
24817,3,train
24818,3,train
24819,3,train
24821,3,train
24822,3,train
24823,3,train
24825,3,train
24827,3,train
24828,3,train
24829,3,train
24830,3,train
24831,3,train
24832,3,train
24833,3,train
24836,3,train
24837,3,train
24838,3,train
24840,3,train
24844,3,train
24845,3,train
24846,3,train
24847,3,train
24848,3,train
24849,3,train
24850,3,train
24851,3,train
24852,3,train
24853,3,train
24854,3,train
24855,3,train
24856,3,train
24857,3,train
24858,3,train
24860,3,train
24861,3,train
24863,3,train
24866,3,train
24867,3,train
24868,3,train
24870,3,train
24871,3,train
24872,3,train
24875,3,train
24876,3,train
24878,3,train
24879,3,train
24880,3,train
24884,3,train
24885,3,train
24886,3,train
24887,3,train
24888,3,train
24890,3,train
24891,3,train
24894,3,train
24895,3,train
24896,3,train
24897,3,train
24900,3,train
24901,3,train
24904,3,train
24905,3,train
24907,3,train
24908,3,train
24909,3,train
24910,3,train
24912,3,train
24913,3,train
24914,3,train
24915,3,train
24917,3,train
24918,3,train
24921,3,train
24922,3,train
24924,3,train
24925,3,train
24926,3,train
24927,3,train
24928,3,train
24929,3,train
24930,3,train
24931,3,train
24934,3,train
24935,3,train
24936,3,train
24937,3,train
24939,3,train
24940,3,train
24942,3,train
24943,3,train
24944,3,train
24945,3,train
24948,3,train
24950,3,train
24951,3,train
24952,3,train
24953,3,train
24955,3,train
24959,3,train
24960,3,train
24961,3,train
24962,3,train
24963,3,train
24964,3,train
24965,3,train
24966,3,train
24968,3,train
24969,3,train
24971,3,train
24973,3,train
24975,3,train
24976,3,train
24977,3,train
24978,3,train
24979,3,train
24982,3,train
24983,3,train
24985,3,train
24986,3,train
24987,3,train
24988,3,train
24989,3,train
24990,3,train
24995,3,train
24996,3,train
24997,3,train
24998,3,train
24999,3,train
25003,3,train
25004,3,train
25006,3,train
25007,3,train
25008,3,train
25009,3,train
25010,3,train
25011,3,train
25012,3,train
25013,3,train
25014,3,train
25017,3,train
25018,3,train
25019,3,train
25021,3,train
25022,3,train
25023,3,train
25024,3,train
25026,3,train
25027,3,train
25028,3,train
25031,3,train
25032,3,train
25033,3,train
25035,3,train
25037,3,train
25038,3,train
25039,3,train
25040,3,train
25041,3,train
25042,3,train
25045,3,train
25046,3,train
25047,3,train
25048,3,train
25049,3,train
25050,3,train
25054,3,train
25055,3,train
25056,3,train
25058,3,train
25059,3,train
25061,3,train
25062,3,train
25063,3,train
25064,3,train
25065,3,train
25068,3,train
25069,3,train
25070,3,train
25072,3,train
25073,3,train
25075,3,train
25076,3,train
25079,3,train
25080,3,train
25086,3,train
25087,3,train
25090,3,train
25091,3,train
25092,3,train
25093,3,train
25094,3,train
25095,3,train
25096,3,train
25097,3,train
25098,3,train
25100,3,train
25109,3,train
25110,3,train
25111,3,train
25112,3,train
25113,3,train
25115,3,train
25116,3,train
25118,3,train
25121,3,train
25122,3,train
25124,3,train
25126,3,train
25127,3,train
25128,3,train
25129,3,train
25130,3,train
25131,3,train
25132,3,train
25133,3,train
25134,3,train
25135,3,train
25137,3,train
25138,3,train
25139,3,train
25141,3,train
25142,3,train
25143,3,train
25147,3,train
25149,3,train
25151,3,train
25153,3,train
25155,3,train
25156,3,train
25157,3,train
25159,3,train
25160,3,train
25163,3,train
25167,3,train
25168,3,train
25170,3,train
25171,3,train
25172,3,train
25173,3,train
25176,3,train
25177,3,train
25178,3,train
25179,3,train
25180,3,train
25181,3,train
25182,3,train
25184,3,train
25185,3,train
25186,3,train
25187,3,train
25191,3,train
25192,3,train
26078,3,train
26082,3,train
26085,3,train
26086,3,train
26087,3,train
26090,3,train
26091,3,train
26092,3,train
26093,3,train
26096,3,train
26097,3,train
26099,3,train
26100,3,train
26102,3,train
26104,3,train
26106,3,train
26107,3,train
26108,3,train
26109,3,train
26110,3,train
26111,3,train
26112,3,train
26115,3,train
26117,3,train
26118,3,train
26120,3,train
26121,3,train
26123,3,train
26124,3,train
26127,3,train
26128,3,train
26131,3,train
26132,3,train
26133,3,train
26134,3,train
26135,3,train
26136,3,train
26139,3,train
26141,3,train
26142,3,train
26144,3,train
26145,3,train
26146,3,train
26147,3,train
26150,3,train
26152,3,train
26153,3,train
26154,3,train
26156,3,train
26157,3,train
26158,3,train
26160,3,train
26161,3,train
26162,3,train
26164,3,train
26165,3,train
26166,3,train
26167,3,train
26169,3,train
26170,3,train
26171,3,train
26172,3,train
26175,3,train
26176,3,train
26178,3,train
26179,3,train
26180,3,train
26182,3,train
26183,3,train
26184,3,train
26186,3,train
26187,3,train
26188,3,train
26191,3,train
26193,3,train
26194,3,train
26195,3,train
26196,3,train
26197,3,train
26198,3,train
26199,3,train
26201,3,train
26202,3,train
26205,3,train
26206,3,train
26208,3,train
26209,3,train
26210,3,train
26211,3,train
26213,3,train
26214,3,train
26215,3,train
26216,3,train
26217,3,train
26218,3,train
26219,3,train
26220,3,train
26222,3,train
26223,3,train
26225,3,train
26226,3,train
26227,3,train
26228,3,train
26229,3,train
26230,3,train
26231,3,train
26232,3,train
26233,3,train
26234,3,train
26235,3,train
26236,3,train
26238,3,train
26239,3,train
26241,3,train
26243,3,train
26244,3,train
26246,3,train
26249,3,train
26251,3,train
26252,3,train
26255,3,train
26256,3,train
26257,3,train
26260,3,train
26262,3,train
26263,3,train
26264,3,train
26265,3,train
26266,3,train
26267,3,train
26270,3,train
26274,3,train
26277,3,train
26278,3,train
26279,3,train
26282,3,train
26283,3,train
26285,3,train
26287,3,train
26288,3,train
26290,3,train
26291,3,train
26292,3,train
26293,3,train
26297,3,train
26298,3,train
26299,3,train
26300,3,train
26301,3,train
26302,3,train
26304,3,train
26305,3,train
26306,3,train
26307,3,train
26308,3,train
26309,3,train
26310,3,train
26311,3,train
26312,3,train
26313,3,train
26315,3,train
26316,3,train
26317,3,train
26318,3,train
26320,3,train
26321,3,train
26325,3,train
26326,3,train
26329,3,train
26330,3,train
26331,3,train
26333,3,train
26334,3,train
26335,3,train
26336,3,train
26337,3,train
26338,3,train
26340,3,train
26341,3,train
26342,3,train
26344,3,train
26346,3,train
26347,3,train
26348,3,train
26349,3,train
26350,3,train
26353,3,train
26355,3,train
26356,3,train
26357,3,train
26358,3,train
26359,3,train
26360,3,train
26361,3,train
26362,3,train
26364,3,train
26365,3,train
26367,3,train
26368,3,train
26369,3,train
26371,3,train
26373,3,train
26374,3,train
26376,3,train
26377,3,train
26378,3,train
26379,3,train
26380,3,train
26381,3,train
26382,3,train
26383,3,train
26386,3,train
26389,3,train
26390,3,train
26391,3,train
26393,3,train
26395,3,train
26397,3,train
26400,3,train
26402,3,train
26403,3,train
26404,3,train
26407,3,train
26408,3,train
26410,3,train
26411,3,train
26412,3,train
26413,3,train
26415,3,train
26416,3,train
26417,3,train
26418,3,train
26419,3,train
26421,3,train
26422,3,train
26423,3,train
26424,3,train
26426,3,train
26428,3,train
26430,3,train
26432,3,train
26433,3,train
26434,3,train
26435,3,train
26437,3,train
26438,3,train
26439,3,train
26440,3,train
26441,3,train
26442,3,train
26443,3,train
26444,3,train
26445,3,train
26446,3,train
26447,3,train
26453,3,train
26454,3,train
26456,3,train
26458,3,train
26460,3,train
26461,3,train
26463,3,train
26464,3,train
26465,3,train
26467,3,train
26468,3,train
26469,3,train
26470,3,train
26471,3,train
26472,3,train
26473,3,train
26474,3,train
26475,3,train
26476,3,train
26477,3,train
26478,3,train
26479,3,train
26481,3,train
26482,3,train
26483,3,train
26484,3,train
26485,3,train
26486,3,train
26487,3,train
26490,3,train
26491,3,train
26492,3,train
26495,3,train
26496,3,train
26497,3,train
26498,3,train
26499,3,train
26500,3,train
26502,3,train
26503,3,train
26504,3,train
26505,3,train
26506,3,train
26507,3,train
26508,3,train
26509,3,train
26513,3,train
26514,3,train
26515,3,train
26516,3,train
26517,3,train
3986,3,val
3998,3,val
4003,3,val
4014,3,val
4047,3,val
4050,3,val
4068,3,val
4069,3,val
4085,3,val
4088,3,val
4090,3,val
4092,3,val
4107,3,val
4113,3,val
4131,3,val
4139,3,val
4157,3,val
4167,3,val
4175,3,val
4189,3,val
4190,3,val
4201,3,val
4205,3,val
4229,3,val
4264,3,val
4270,3,val
4290,3,val
4293,3,val
4304,3,val
4310,3,val
4352,3,val
4354,3,val
4363,3,val
4367,3,val
4393,3,val
4406,3,val
4415,3,val
4416,3,val
7975,3,val
7977,3,val
7993,3,val
8002,3,val
8028,3,val
8041,3,val
8050,3,val
8059,3,val
8065,3,val
8092,3,val
8098,3,val
8118,3,val
8120,3,val
8136,3,val
8145,3,val
8162,3,val
8184,3,val
8214,3,val
8217,3,val
8274,3,val
8277,3,val
8281,3,val
8291,3,val
8292,3,val
8305,3,val
8306,3,val
8315,3,val
8338,3,val
8341,3,val
8354,3,val
8360,3,val
8371,3,val
8377,3,val
8385,3,val
8417,3,val
8428,3,val
8432,3,val
8481,3,val
8484,3,val
8487,3,val
8493,3,val
8512,3,val
8515,3,val
8525,3,val
8530,3,val
8539,3,val
8543,3,val
8557,3,val
8562,3,val
8579,3,val
8587,3,val
8589,3,val
8595,3,val
8624,3,val
8637,3,val
8639,3,val
8654,3,val
8659,3,val
8665,3,val
8670,3,val
8671,3,val
8687,3,val
8706,3,val
8720,3,val
8725,3,val
8726,3,val
8729,3,val
8730,3,val
8733,3,val
8734,3,val
8752,3,val
8756,3,val
8761,3,val
8767,3,val
8770,3,val
8774,3,val
8776,3,val
8777,3,val
8785,3,val
8790,3,val
8792,3,val
8811,3,val
8813,3,val
9282,3,val
9283,3,val
9287,3,val
9295,3,val
9296,3,val
9307,3,val
9320,3,val
9327,3,val
9335,3,val
9338,3,val
9351,3,val
9353,3,val
9358,3,val
9361,3,val
9375,3,val
9403,3,val
9413,3,val
9414,3,val
9419,3,val
9421,3,val
9431,3,val
9435,3,val
9447,3,val
9454,3,val
9455,3,val
9476,3,val
9478,3,val
9489,3,val
9491,3,val
9508,3,val
9515,3,val
9521,3,val
9524,3,val
9531,3,val
9540,3,val
9542,3,val
9544,3,val
9546,3,val
9549,3,val
9565,3,val
9571,3,val
9612,3,val
9624,3,val
9638,3,val
9639,3,val
9640,3,val
9644,3,val
9677,3,val
9680,3,val
9683,3,val
9707,3,val
9711,3,val
9723,3,val
11944,3,val
11948,3,val
11954,3,val
11972,3,val
11982,3,val
12028,3,val
12031,3,val
12038,3,val
12041,3,val
12043,3,val
12052,3,val
12059,3,val
12067,3,val
12087,3,val
12088,3,val
12091,3,val
12093,3,val
12097,3,val
12111,3,val
12116,3,val
12120,3,val
12152,3,val
12153,3,val
12156,3,val
12161,3,val
12165,3,val
12172,3,val
12176,3,val
12194,3,val
12196,3,val
12200,3,val
12202,3,val
12204,3,val
12217,3,val
12225,3,val
12233,3,val
12246,3,val
12271,3,val
12272,3,val
12274,3,val
12297,3,val
12305,3,val
12313,3,val
12316,3,val
12325,3,val
12326,3,val
12328,3,val
12343,3,val
12349,3,val
14149,3,val
14162,3,val
14166,3,val
14169,3,val
14184,3,val
14190,3,val
14197,3,val
14203,3,val
14209,3,val
14217,3,val
14227,3,val
14267,3,val
14275,3,val
14281,3,val
14291,3,val
14300,3,val
14306,3,val
14309,3,val
14344,3,val
14348,3,val
14368,3,val
14376,3,val
14381,3,val
14390,3,val
14402,3,val
14407,3,val
14424,3,val
14467,3,val
14469,3,val
14470,3,val
14486,3,val
14492,3,val
14515,3,val
14520,3,val
14524,3,val
14533,3,val
14534,3,val
14565,3,val
14582,3,val
17238,3,val
17245,3,val
17251,3,val
17282,3,val
17287,3,val
17296,3,val
17302,3,val
17307,3,val
17311,3,val
17312,3,val
17313,3,val
17335,3,val
17340,3,val
17347,3,val
17380,3,val
17403,3,val
17416,3,val
17417,3,val
17429,3,val
17457,3,val
17472,3,val
17473,3,val
17476,3,val
17479,3,val
17482,3,val
17492,3,val
17496,3,val
17529,3,val
17543,3,val
17558,3,val
17565,3,val
17583,3,val
17586,3,val
17593,3,val
17601,3,val
17617,3,val
17625,3,val
17652,3,val
17673,3,val
17699,3,val
17715,3,val
17728,3,val
17735,3,val
17736,3,val
17740,3,val
17767,3,val
17769,3,val
17773,3,val
17774,3,val
17808,3,val
17812,3,val
17818,3,val
17821,3,val
17834,3,val
17845,3,val
17848,3,val
17849,3,val
17853,3,val
17871,3,val
17874,3,val
17884,3,val
17885,3,val
17890,3,val
17897,3,val
17910,3,val
17919,3,val
17920,3,val
17923,3,val
17926,3,val
17935,3,val
17939,3,val
17940,3,val
17942,3,val
17946,3,val
17948,3,val
17960,3,val
17975,3,val
17983,3,val
17995,3,val
18010,3,val
18036,3,val
18045,3,val
18072,3,val
18077,3,val
18086,3,val
18099,3,val
18100,3,val
18107,3,val
18112,3,val
18117,3,val
18132,3,val
18144,3,val
18145,3,val
18149,3,val
18152,3,val
18170,3,val
18171,3,val
18203,3,val
18216,3,val
18220,3,val
18243,3,val
18245,3,val
18246,3,val
18257,3,val
18277,3,val
18299,3,val
18308,3,val
18309,3,val
18316,3,val
18319,3,val
18324,3,val
18344,3,val
18354,3,val
18361,3,val
18369,3,val
18377,3,val
18388,3,val
18401,3,val
18405,3,val
18406,3,val
18428,3,val
18443,3,val
18462,3,val
18486,3,val
18494,3,val
18515,3,val
18535,3,val
18539,3,val
18556,3,val
18558,3,val
22103,3,val
22112,3,val
22125,3,val
22156,3,val
22164,3,val
22169,3,val
22213,3,val
22219,3,val
22229,3,val
22236,3,val
22238,3,val
22240,3,val
22246,3,val
22261,3,val
22263,3,val
22277,3,val
22279,3,val
22282,3,val
22305,3,val
22310,3,val
22315,3,val
22320,3,val
22327,3,val
22342,3,val
22349,3,val
22358,3,val
22363,3,val
22364,3,val
22367,3,val
22387,3,val
22397,3,val
22404,3,val
22414,3,val
22416,3,val
22427,3,val
22438,3,val
22454,3,val
22458,3,val
22465,3,val
22471,3,val
22493,3,val
22498,3,val
22503,3,val
22509,3,val
22538,3,val
22540,3,val
23872,3,val
23873,3,val
23878,3,val
23880,3,val
23915,3,val
23926,3,val
23931,3,val
23934,3,val
23941,3,val
23969,3,val
23988,3,val
23998,3,val
24014,3,val
24026,3,val
24036,3,val
24053,3,val
24060,3,val
24062,3,val
24063,3,val
24080,3,val
24092,3,val
24103,3,val
24126,3,val
24134,3,val
24139,3,val
24144,3,val
24150,3,val
24164,3,val
24172,3,val
24183,3,val
24191,3,val
24216,3,val
24222,3,val
24226,3,val
24237,3,val
24259,3,val
24279,3,val
24298,3,val
24304,3,val
24306,3,val
24757,3,val
24766,3,val
24771,3,val
24774,3,val
24779,3,val
24807,3,val
24808,3,val
24811,3,val
24812,3,val
24839,3,val
24841,3,val
24843,3,val
24865,3,val
24882,3,val
24883,3,val
24902,3,val
24906,3,val
24920,3,val
24932,3,val
24933,3,val
24938,3,val
24947,3,val
24956,3,val
24970,3,val
24972,3,val
24974,3,val
24991,3,val
24992,3,val
25001,3,val
25016,3,val
25020,3,val
25036,3,val
25052,3,val
25066,3,val
25077,3,val
25078,3,val
25081,3,val
25085,3,val
25088,3,val
25103,3,val
25114,3,val
25144,3,val
25154,3,val
25164,3,val
25165,3,val
25174,3,val
25183,3,val
25189,3,val
25190,3,val
25193,3,val
26079,3,val
26080,3,val
26084,3,val
26095,3,val
26098,3,val
26103,3,val
26114,3,val
26119,3,val
26122,3,val
26143,3,val
26151,3,val
26159,3,val
26168,3,val
26174,3,val
26185,3,val
26189,3,val
26192,3,val
26207,3,val
26240,3,val
26250,3,val
26258,3,val
26259,3,val
26271,3,val
26273,3,val
26275,3,val
26276,3,val
26280,3,val
26281,3,val
26286,3,val
26289,3,val
26319,3,val
26328,3,val
26343,3,val
26345,3,val
26363,3,val
26372,3,val
26392,3,val
26394,3,val
26414,3,val
26452,3,val
26466,3,val
26480,3,val
26501,3,val
26510,3,val
26512,3,val
26518,3,val
26519,3,val
3997,3,test
4025,3,test
4032,3,test
4033,3,test
4034,3,test
4035,3,test
4046,3,test
4048,3,test
4064,3,test
4070,3,test
4078,3,test
4089,3,test
4095,3,test
4097,3,test
4099,3,test
4100,3,test
4101,3,test
4114,3,test
4117,3,test
4118,3,test
4124,3,test
4126,3,test
4127,3,test
4128,3,test
4137,3,test
4141,3,test
4142,3,test
4143,3,test
4150,3,test
4151,3,test
4155,3,test
4156,3,test
4161,3,test
4165,3,test
4174,3,test
4176,3,test
4180,3,test
4181,3,test
4182,3,test
4183,3,test
4191,3,test
4194,3,test
4198,3,test
4202,3,test
4203,3,test
4210,3,test
4214,3,test
4217,3,test
4220,3,test
4223,3,test
4225,3,test
4230,3,test
4233,3,test
4240,3,test
4244,3,test
4246,3,test
4248,3,test
4250,3,test
4252,3,test
4256,3,test
4257,3,test
4258,3,test
4268,3,test
4276,3,test
4280,3,test
4285,3,test
4289,3,test
4292,3,test
4299,3,test
4302,3,test
4311,3,test
4316,3,test
4332,3,test
4335,3,test
4340,3,test
4342,3,test
4344,3,test
4349,3,test
4350,3,test
4353,3,test
4355,3,test
4357,3,test
4361,3,test
4364,3,test
4370,3,test
4373,3,test
4375,3,test
4376,3,test
4384,3,test
4385,3,test
4391,3,test
4397,3,test
4400,3,test
4407,3,test
4419,3,test
7956,3,test
7965,3,test
7968,3,test
7969,3,test
7970,3,test
7971,3,test
7979,3,test
7983,3,test
7987,3,test
7990,3,test
7991,3,test
7995,3,test
7999,3,test
8004,3,test
8005,3,test
8006,3,test
8008,3,test
8010,3,test
8011,3,test
8013,3,test
8014,3,test
8018,3,test
8023,3,test
8032,3,test
8034,3,test
8037,3,test
8039,3,test
8047,3,test
8049,3,test
8060,3,test
8062,3,test
8078,3,test
8079,3,test
8081,3,test
8088,3,test
8091,3,test
8093,3,test
8094,3,test
8097,3,test
8107,3,test
8109,3,test
8113,3,test
8115,3,test
8116,3,test
8117,3,test
8123,3,test
8124,3,test
8126,3,test
8127,3,test
8129,3,test
8149,3,test
8150,3,test
8153,3,test
8154,3,test
8158,3,test
8171,3,test
8178,3,test
8179,3,test
8187,3,test
8193,3,test
8202,3,test
8212,3,test
8222,3,test
8227,3,test
8228,3,test
8235,3,test
8237,3,test
8248,3,test
8253,3,test
8258,3,test
8263,3,test
8267,3,test
8270,3,test
8278,3,test
8279,3,test
8297,3,test
8298,3,test
8302,3,test
8322,3,test
8340,3,test
8345,3,test
8367,3,test
8369,3,test
8379,3,test
8386,3,test
8387,3,test
8394,3,test
8397,3,test
8402,3,test
8404,3,test
8405,3,test
8406,3,test
8408,3,test
8410,3,test
8411,3,test
8412,3,test
8421,3,test
8427,3,test
8429,3,test
8433,3,test
8434,3,test
8436,3,test
8443,3,test
8455,3,test
8457,3,test
8463,3,test
8466,3,test
8472,3,test
8475,3,test
8478,3,test
8488,3,test
8497,3,test
8500,3,test
8505,3,test
8510,3,test
8517,3,test
8518,3,test
8521,3,test
8522,3,test
8524,3,test
8533,3,test
8535,3,test
8536,3,test
8541,3,test
8550,3,test
8564,3,test
8565,3,test
8566,3,test
8567,3,test
8585,3,test
8588,3,test
8591,3,test
8603,3,test
8608,3,test
8611,3,test
8618,3,test
8619,3,test
8620,3,test
8621,3,test
8623,3,test
8630,3,test
8632,3,test
8635,3,test
8647,3,test
8652,3,test
8653,3,test
8655,3,test
8661,3,test
8676,3,test
8678,3,test
8685,3,test
8686,3,test
8690,3,test
8697,3,test
8712,3,test
8717,3,test
8737,3,test
8743,3,test
8751,3,test
8755,3,test
8764,3,test
8768,3,test
8771,3,test
8783,3,test
8784,3,test
8786,3,test
8789,3,test
8801,3,test
8805,3,test
8808,3,test
8812,3,test
8816,3,test
8820,3,test
8825,3,test
8827,3,test
8828,3,test
8829,3,test
8833,3,test
8838,3,test
9285,3,test
9288,3,test
9290,3,test
9298,3,test
9300,3,test
9306,3,test
9321,3,test
9322,3,test
9328,3,test
9329,3,test
9333,3,test
9347,3,test
9359,3,test
9367,3,test
9378,3,test
9390,3,test
9394,3,test
9396,3,test
9401,3,test
9406,3,test
9407,3,test
9411,3,test
9418,3,test
9420,3,test
9437,3,test
9439,3,test
9442,3,test
9448,3,test
9449,3,test
9463,3,test
9470,3,test
9479,3,test
9481,3,test
9487,3,test
9496,3,test
9500,3,test
9501,3,test
9503,3,test
9510,3,test
9512,3,test
9517,3,test
9518,3,test
9530,3,test
9536,3,test
9538,3,test
9543,3,test
9545,3,test
9563,3,test
9567,3,test
9570,3,test
9579,3,test
9593,3,test
9595,3,test
9597,3,test
9599,3,test
9605,3,test
9618,3,test
9619,3,test
9622,3,test
9627,3,test
9629,3,test
9630,3,test
9636,3,test
9643,3,test
9667,3,test
9669,3,test
9672,3,test
9684,3,test
9685,3,test
9691,3,test
9692,3,test
9693,3,test
9702,3,test
9709,3,test
9716,3,test
11935,3,test
11941,3,test
11942,3,test
11957,3,test
11963,3,test
11966,3,test
11971,3,test
11974,3,test
11983,3,test
12001,3,test
12002,3,test
12003,3,test
12009,3,test
12010,3,test
12011,3,test
12014,3,test
12021,3,test
12025,3,test
12030,3,test
12039,3,test
12040,3,test
12048,3,test
12053,3,test
12066,3,test
12074,3,test
12077,3,test
12078,3,test
12098,3,test
12100,3,test
12102,3,test
12108,3,test
12109,3,test
12117,3,test
12123,3,test
12125,3,test
12131,3,test
12141,3,test
12145,3,test
12147,3,test
12158,3,test
12162,3,test
12169,3,test
12171,3,test
12173,3,test
12185,3,test
12187,3,test
12189,3,test
12195,3,test
12198,3,test
12206,3,test
12208,3,test
12210,3,test
12215,3,test
12232,3,test
12234,3,test
12237,3,test
12238,3,test
12243,3,test
12249,3,test
12251,3,test
12255,3,test
12267,3,test
12269,3,test
12270,3,test
12278,3,test
12282,3,test
12286,3,test
12290,3,test
12300,3,test
12302,3,test
12319,3,test
12327,3,test
12331,3,test
12334,3,test
12335,3,test
12351,3,test
12364,3,test
12366,3,test
12369,3,test
12370,3,test
12372,3,test
12375,3,test
14144,3,test
14145,3,test
14158,3,test
14163,3,test
14174,3,test
14185,3,test
14188,3,test
14189,3,test
14193,3,test
14215,3,test
14219,3,test
14230,3,test
14241,3,test
14243,3,test
14252,3,test
14256,3,test
14259,3,test
14260,3,test
14264,3,test
14265,3,test
14269,3,test
14286,3,test
14287,3,test
14288,3,test
14289,3,test
14294,3,test
14298,3,test
14305,3,test
14330,3,test
14335,3,test
14336,3,test
14340,3,test
14346,3,test
14347,3,test
14349,3,test
14355,3,test
14359,3,test
14365,3,test
14382,3,test
14383,3,test
14384,3,test
14386,3,test
14392,3,test
14393,3,test
14398,3,test
14406,3,test
14409,3,test
14414,3,test
14416,3,test
14417,3,test
14420,3,test
14421,3,test
14423,3,test
14425,3,test
14431,3,test
14435,3,test
14437,3,test
14438,3,test
14442,3,test
14451,3,test
14463,3,test
14468,3,test
14471,3,test
14474,3,test
14480,3,test
14485,3,test
14502,3,test
14506,3,test
14508,3,test
14514,3,test
14522,3,test
14526,3,test
14536,3,test
14537,3,test
14545,3,test
14548,3,test
14555,3,test
14558,3,test
14560,3,test
14569,3,test
14570,3,test
14572,3,test
14573,3,test
14585,3,test
17240,3,test
17248,3,test
17250,3,test
17255,3,test
17256,3,test
17259,3,test
17264,3,test
17269,3,test
17279,3,test
17280,3,test
17283,3,test
17284,3,test
17286,3,test
17289,3,test
17293,3,test
17308,3,test
17315,3,test
17319,3,test
17322,3,test
17323,3,test
17326,3,test
17334,3,test
17338,3,test
17345,3,test
17352,3,test
17355,3,test
17359,3,test
17363,3,test
17368,3,test
17375,3,test
17386,3,test
17388,3,test
17393,3,test
17394,3,test
17409,3,test
17411,3,test
17420,3,test
17421,3,test
17434,3,test
17439,3,test
17447,3,test
17449,3,test
17452,3,test
17458,3,test
17460,3,test
17462,3,test
17468,3,test
17478,3,test
17491,3,test
17494,3,test
17497,3,test
17501,3,test
17506,3,test
17509,3,test
17511,3,test
17518,3,test
17525,3,test
17536,3,test
17539,3,test
17541,3,test
17548,3,test
17563,3,test
17569,3,test
17576,3,test
17578,3,test
17582,3,test
17589,3,test
17590,3,test
17599,3,test
17609,3,test
17622,3,test
17626,3,test
17628,3,test
17629,3,test
17630,3,test
17631,3,test
17635,3,test
17639,3,test
17641,3,test
17644,3,test
17650,3,test
17651,3,test
17659,3,test
17660,3,test
17662,3,test
17674,3,test
17675,3,test
17679,3,test
17684,3,test
17686,3,test
17687,3,test
17689,3,test
17713,3,test
17716,3,test
17717,3,test
17721,3,test
17725,3,test
17731,3,test
17733,3,test
17737,3,test
17741,3,test
17743,3,test
17745,3,test
17746,3,test
17751,3,test
17753,3,test
17754,3,test
17759,3,test
17772,3,test
17779,3,test
17793,3,test
17798,3,test
17802,3,test
17804,3,test
17816,3,test
17826,3,test
17827,3,test
17828,3,test
17838,3,test
17841,3,test
17854,3,test
17855,3,test
17856,3,test
17857,3,test
17863,3,test
17873,3,test
17877,3,test
17892,3,test
17893,3,test
17894,3,test
17898,3,test
17899,3,test
17900,3,test
17908,3,test
17921,3,test
17927,3,test
17928,3,test
17929,3,test
17937,3,test
17947,3,test
17951,3,test
17954,3,test
17957,3,test
17961,3,test
17962,3,test
17965,3,test
17988,3,test
17990,3,test
18003,3,test
18012,3,test
18025,3,test
18034,3,test
18038,3,test
18053,3,test
18054,3,test
18057,3,test
18058,3,test
18059,3,test
18060,3,test
18062,3,test
18063,3,test
18070,3,test
18073,3,test
18078,3,test
18080,3,test
18081,3,test
18084,3,test
18089,3,test
18091,3,test
18096,3,test
18103,3,test
18108,3,test
18113,3,test
18131,3,test
18146,3,test
18151,3,test
18154,3,test
18158,3,test
18161,3,test
18166,3,test
18167,3,test
18176,3,test
18177,3,test
18182,3,test
18191,3,test
18192,3,test
18193,3,test
18195,3,test
18197,3,test
18202,3,test
18206,3,test
18218,3,test
18219,3,test
18223,3,test
18225,3,test
18228,3,test
18229,3,test
18247,3,test
18251,3,test
18252,3,test
18258,3,test
18264,3,test
18265,3,test
18274,3,test
18281,3,test
18284,3,test
18286,3,test
18290,3,test
18298,3,test
18300,3,test
18304,3,test
18310,3,test
18313,3,test
18314,3,test
18323,3,test
18327,3,test
18328,3,test
18331,3,test
18334,3,test
18337,3,test
18341,3,test
18355,3,test
18360,3,test
18372,3,test
18375,3,test
18379,3,test
18392,3,test
18397,3,test
18398,3,test
18400,3,test
18403,3,test
18407,3,test
18409,3,test
18410,3,test
18412,3,test
18414,3,test
18419,3,test
18420,3,test
18422,3,test
18426,3,test
18427,3,test
18434,3,test
18446,3,test
18456,3,test
18469,3,test
18473,3,test
18474,3,test
18477,3,test
18480,3,test
18482,3,test
18483,3,test
18484,3,test
18488,3,test
18496,3,test
18506,3,test
18507,3,test
18510,3,test
18511,3,test
18522,3,test
18533,3,test
18537,3,test
18549,3,test
18559,3,test
18561,3,test
18563,3,test
22100,3,test
22106,3,test
22109,3,test
22119,3,test
22124,3,test
22127,3,test
22129,3,test
22135,3,test
22140,3,test
22144,3,test
22149,3,test
22154,3,test
22157,3,test
22166,3,test
22171,3,test
22172,3,test
22181,3,test
22188,3,test
22197,3,test
22199,3,test
22203,3,test
22204,3,test
22206,3,test
22212,3,test
22233,3,test
22235,3,test
22239,3,test
22242,3,test
22249,3,test
22260,3,test
22271,3,test
22283,3,test
22289,3,test
22294,3,test
22295,3,test
22296,3,test
22301,3,test
22303,3,test
22307,3,test
22308,3,test
22311,3,test
22312,3,test
22313,3,test
22314,3,test
22323,3,test
22332,3,test
22337,3,test
22344,3,test
22350,3,test
22361,3,test
22368,3,test
22371,3,test
22373,3,test
22375,3,test
22379,3,test
22393,3,test
22395,3,test
22402,3,test
22403,3,test
22406,3,test
22409,3,test
22417,3,test
22419,3,test
22423,3,test
22426,3,test
22433,3,test
22435,3,test
22437,3,test
22441,3,test
22445,3,test
22449,3,test
22463,3,test
22469,3,test
22472,3,test
22484,3,test
22487,3,test
22488,3,test
22496,3,test
22506,3,test
22510,3,test
22513,3,test
22517,3,test
22520,3,test
22522,3,test
22528,3,test
22532,3,test
22535,3,test
22536,3,test
23870,3,test
23871,3,test
23875,3,test
23877,3,test
23879,3,test
23882,3,test
23884,3,test
23888,3,test
23889,3,test
23890,3,test
23893,3,test
23900,3,test
23903,3,test
23904,3,test
23909,3,test
23916,3,test
23917,3,test
23920,3,test
23921,3,test
23923,3,test
23930,3,test
23935,3,test
23942,3,test
23943,3,test
23948,3,test
23950,3,test
23952,3,test
23955,3,test
23962,3,test
23964,3,test
23970,3,test
23973,3,test
23976,3,test
23983,3,test
23993,3,test
24010,3,test
24012,3,test
24020,3,test
24023,3,test
24029,3,test
24035,3,test
24045,3,test
24048,3,test
24055,3,test
24065,3,test
24070,3,test
24083,3,test
24087,3,test
24088,3,test
24101,3,test
24102,3,test
24104,3,test
24110,3,test
24113,3,test
24121,3,test
24124,3,test
24128,3,test
24129,3,test
24130,3,test
24141,3,test
24142,3,test
24151,3,test
24154,3,test
24159,3,test
24160,3,test
24166,3,test
24175,3,test
24177,3,test
24179,3,test
24188,3,test
24192,3,test
24195,3,test
24202,3,test
24209,3,test
24212,3,test
24219,3,test
24228,3,test
24239,3,test
24241,3,test
24242,3,test
24244,3,test
24246,3,test
24252,3,test
24260,3,test
24263,3,test
24271,3,test
24274,3,test
24278,3,test
24282,3,test
24283,3,test
24285,3,test
24286,3,test
24287,3,test
24288,3,test
24291,3,test
24294,3,test
24296,3,test
24307,3,test
24753,3,test
24754,3,test
24770,3,test
24772,3,test
24780,3,test
24781,3,test
24785,3,test
24795,3,test
24798,3,test
24800,3,test
24820,3,test
24824,3,test
24826,3,test
24834,3,test
24835,3,test
24842,3,test
24859,3,test
24862,3,test
24864,3,test
24869,3,test
24873,3,test
24874,3,test
24877,3,test
24881,3,test
24889,3,test
24892,3,test
24893,3,test
24898,3,test
24899,3,test
24903,3,test
24911,3,test
24916,3,test
24919,3,test
24923,3,test
24941,3,test
24946,3,test
24949,3,test
24954,3,test
24957,3,test
24958,3,test
24967,3,test
24980,3,test
24981,3,test
24984,3,test
24993,3,test
24994,3,test
25000,3,test
25002,3,test
25005,3,test
25015,3,test
25025,3,test
25029,3,test
25030,3,test
25034,3,test
25043,3,test
25044,3,test
25051,3,test
25053,3,test
25057,3,test
25060,3,test
25067,3,test
25071,3,test
25074,3,test
25082,3,test
25083,3,test
25084,3,test
25089,3,test
25099,3,test
25101,3,test
25102,3,test
25104,3,test
25105,3,test
25106,3,test
25107,3,test
25108,3,test
25117,3,test
25119,3,test
25120,3,test
25123,3,test
25125,3,test
25136,3,test
25140,3,test
25145,3,test
25146,3,test
25148,3,test
25150,3,test
25152,3,test
25158,3,test
25161,3,test
25162,3,test
25166,3,test
25169,3,test
25175,3,test
25188,3,test
26081,3,test
26083,3,test
26088,3,test
26089,3,test
26094,3,test
26101,3,test
26105,3,test
26113,3,test
26116,3,test
26125,3,test
26126,3,test
26129,3,test
26130,3,test
26137,3,test
26138,3,test
26140,3,test
26148,3,test
26149,3,test
26155,3,test
26163,3,test
26173,3,test
26177,3,test
26181,3,test
26190,3,test
26200,3,test
26203,3,test
26204,3,test
26212,3,test
26221,3,test
26224,3,test
26237,3,test
26242,3,test
26245,3,test
26247,3,test
26248,3,test
26253,3,test
26254,3,test
26261,3,test
26268,3,test
26269,3,test
26272,3,test
26284,3,test
26294,3,test
26295,3,test
26296,3,test
26303,3,test
26314,3,test
26322,3,test
26323,3,test
26324,3,test
26327,3,test
26332,3,test
26339,3,test
26351,3,test
26352,3,test
26354,3,test
26366,3,test
26370,3,test
26375,3,test
26384,3,test
26385,3,test
26387,3,test
26388,3,test
26396,3,test
26398,3,test
26399,3,test
26401,3,test
26405,3,test
26406,3,test
26409,3,test
26420,3,test
26425,3,test
26427,3,test
26429,3,test
26431,3,test
26436,3,test
26448,3,test
26449,3,test
26450,3,test
26451,3,test
26455,3,test
26457,3,test
26459,3,test
26462,3,test
26488,3,test
26489,3,test
26493,3,test
26494,3,test
26511,3,test
2652,4,train
2653,4,train
2655,4,train
2657,4,train
2658,4,train
2661,4,train
2662,4,train
2663,4,train
2665,4,train
2667,4,train
2669,4,train
2672,4,train
2673,4,train
2674,4,train
2677,4,train
2678,4,train
2682,4,train
2683,4,train
2685,4,train
2686,4,train
2687,4,train
2688,4,train
2690,4,train
2691,4,train
2694,4,train
2695,4,train
2696,4,train
2697,4,train
2698,4,train
2699,4,train
2700,4,train
2701,4,train
2702,4,train
2703,4,train
2705,4,train
2706,4,train
2707,4,train
2708,4,train
2709,4,train
2710,4,train
2711,4,train
2712,4,train
2714,4,train
2719,4,train
2720,4,train
2721,4,train
2722,4,train
2723,4,train
2725,4,train
2726,4,train
2728,4,train
2729,4,train
2730,4,train
2731,4,train
2733,4,train
2735,4,train
2737,4,train
2738,4,train
2740,4,train
2741,4,train
2743,4,train
2744,4,train
2745,4,train
2746,4,train
2747,4,train
2748,4,train
2750,4,train
2751,4,train
2752,4,train
2754,4,train
2755,4,train
2757,4,train
2758,4,train
2759,4,train
2760,4,train
2763,4,train
2764,4,train
2765,4,train
2766,4,train
2767,4,train
2768,4,train
2769,4,train
2770,4,train
2772,4,train
2773,4,train
2774,4,train
2775,4,train
2776,4,train
2778,4,train
2780,4,train
2782,4,train
2783,4,train
2784,4,train
2785,4,train
2786,4,train
2787,4,train
2788,4,train
2789,4,train
2790,4,train
2791,4,train
2792,4,train
2793,4,train
2794,4,train
2795,4,train
2796,4,train
2797,4,train
2798,4,train
2800,4,train
2802,4,train
2804,4,train
2805,4,train
2806,4,train
2807,4,train
2810,4,train
2811,4,train
2812,4,train
2813,4,train
2815,4,train
2816,4,train
2817,4,train
2818,4,train
2819,4,train
2820,4,train
2821,4,train
2822,4,train
2823,4,train
2824,4,train
2825,4,train
2827,4,train
2828,4,train
2831,4,train
2832,4,train
2833,4,train
2834,4,train
2835,4,train
2836,4,train
2837,4,train
2838,4,train
2839,4,train
2840,4,train
2847,4,train
2849,4,train
2850,4,train
2851,4,train
2852,4,train
2854,4,train
2855,4,train
2856,4,train
2857,4,train
2858,4,train
2860,4,train
2861,4,train
2862,4,train
2863,4,train
2864,4,train
2866,4,train
2867,4,train
2868,4,train
2869,4,train
2870,4,train
2871,4,train
2873,4,train
2875,4,train
2876,4,train
2877,4,train
2878,4,train
2879,4,train
2880,4,train
2882,4,train
2883,4,train
2884,4,train
2885,4,train
2886,4,train
2887,4,train
2888,4,train
2890,4,train
2891,4,train
2892,4,train
2895,4,train
2896,4,train
2897,4,train
2899,4,train
2900,4,train
2901,4,train
2902,4,train
2904,4,train
2905,4,train
2906,4,train
2907,4,train
2908,4,train
2909,4,train
2910,4,train
2912,4,train
2914,4,train
2915,4,train
2916,4,train
2917,4,train
2918,4,train
2920,4,train
2921,4,train
2923,4,train
2926,4,train
2927,4,train
2928,4,train
2929,4,train
2930,4,train
2931,4,train
2932,4,train
2933,4,train
2934,4,train
2935,4,train
2937,4,train
2938,4,train
2939,4,train
2940,4,train
2945,4,train
2946,4,train
2950,4,train
2951,4,train
2953,4,train
2954,4,train
2957,4,train
2958,4,train
2959,4,train
2961,4,train
2962,4,train
2963,4,train
2964,4,train
2965,4,train
2966,4,train
2967,4,train
2969,4,train
2971,4,train
2973,4,train
2974,4,train
2975,4,train
2977,4,train
2978,4,train
2979,4,train
2982,4,train
2983,4,train
2984,4,train
2985,4,train
2986,4,train
2988,4,train
2989,4,train
2990,4,train
2991,4,train
2992,4,train
2994,4,train
2999,4,train
3000,4,train
3001,4,train
3004,4,train
3005,4,train
3006,4,train
3009,4,train
3010,4,train
3011,4,train
3012,4,train
3013,4,train
3016,4,train
3018,4,train
3021,4,train
3023,4,train
3024,4,train
3025,4,train
3026,4,train
3027,4,train
3029,4,train
3032,4,train
3033,4,train
3035,4,train
3036,4,train
3037,4,train
3038,4,train
3039,4,train
3040,4,train
3043,4,train
3044,4,train
3045,4,train
3046,4,train
3047,4,train
3048,4,train
3049,4,train
3051,4,train
3052,4,train
3056,4,train
3059,4,train
3060,4,train
3061,4,train
3062,4,train
3063,4,train
3066,4,train
3067,4,train
3069,4,train
3070,4,train
3072,4,train
3073,4,train
3074,4,train
3076,4,train
3077,4,train
3078,4,train
3079,4,train
3080,4,train
3081,4,train
3083,4,train
3085,4,train
3087,4,train
3088,4,train
3090,4,train
3091,4,train
3092,4,train
6188,4,train
6190,4,train
6191,4,train
6192,4,train
6193,4,train
6195,4,train
6196,4,train
6199,4,train
6200,4,train
6201,4,train
6202,4,train
6203,4,train
6205,4,train
6207,4,train
6208,4,train
6209,4,train
6210,4,train
6211,4,train
6213,4,train
6215,4,train
6216,4,train
6219,4,train
6220,4,train
6223,4,train
6225,4,train
6226,4,train
6228,4,train
6229,4,train
6230,4,train
6231,4,train
6233,4,train
6234,4,train
6235,4,train
6236,4,train
6237,4,train
6240,4,train
6241,4,train
6243,4,train
6244,4,train
6247,4,train
6249,4,train
6250,4,train
6252,4,train
6253,4,train
6254,4,train
6255,4,train
6256,4,train
6257,4,train
6258,4,train
6259,4,train
6260,4,train
6261,4,train
6263,4,train
6264,4,train
6265,4,train
6267,4,train
6270,4,train
6274,4,train
6276,4,train
6277,4,train
6278,4,train
6279,4,train
6281,4,train
6282,4,train
6283,4,train
6287,4,train
6288,4,train
6289,4,train
6291,4,train
6292,4,train
6294,4,train
6296,4,train
6298,4,train
6299,4,train
6300,4,train
6301,4,train
6302,4,train
6303,4,train
6304,4,train
6306,4,train
6307,4,train
6309,4,train
6310,4,train
6312,4,train
6314,4,train
6316,4,train
6317,4,train
6318,4,train
6319,4,train
6320,4,train
6321,4,train
6322,4,train
6323,4,train
6324,4,train
6327,4,train
6328,4,train
6329,4,train
6330,4,train
6331,4,train
6332,4,train
6333,4,train
6334,4,train
6337,4,train
6338,4,train
6341,4,train
6343,4,train
6344,4,train
6347,4,train
6348,4,train
6349,4,train
6351,4,train
6353,4,train
6354,4,train
6355,4,train
6358,4,train
6359,4,train
6360,4,train
6361,4,train
6362,4,train
6363,4,train
6364,4,train
6365,4,train
6368,4,train
6369,4,train
6370,4,train
6371,4,train
6372,4,train
6373,4,train
6374,4,train
6377,4,train
6378,4,train
6379,4,train
6380,4,train
6382,4,train
6383,4,train
6384,4,train
6385,4,train
6386,4,train
6389,4,train
6390,4,train
6391,4,train
6392,4,train
6393,4,train
6394,4,train
6395,4,train
6397,4,train
6399,4,train
6400,4,train
6401,4,train
6402,4,train
6403,4,train
6405,4,train
6406,4,train
6409,4,train
6410,4,train
6411,4,train
6412,4,train
6414,4,train
6415,4,train
6416,4,train
6420,4,train
6421,4,train
6422,4,train
6423,4,train
6424,4,train
6425,4,train
6426,4,train
6427,4,train
6429,4,train
6430,4,train
6431,4,train
6432,4,train
6434,4,train
6435,4,train
6436,4,train
6437,4,train
6438,4,train
6439,4,train
6441,4,train
6443,4,train
6445,4,train
6446,4,train
6448,4,train
6449,4,train
6450,4,train
6452,4,train
6454,4,train
6455,4,train
6457,4,train
6458,4,train
6459,4,train
6460,4,train
6461,4,train
6462,4,train
6463,4,train
6464,4,train
6466,4,train
6467,4,train
6468,4,train
6469,4,train
6470,4,train
6471,4,train
6472,4,train
6474,4,train
6475,4,train
6480,4,train
6481,4,train
6482,4,train
6483,4,train
6485,4,train
6488,4,train
6490,4,train
6491,4,train
6492,4,train
6493,4,train
6494,4,train
6496,4,train
6497,4,train
6501,4,train
6502,4,train
6504,4,train
6507,4,train
6508,4,train
6510,4,train
6512,4,train
6514,4,train
6515,4,train
6516,4,train
6519,4,train
6520,4,train
6521,4,train
6522,4,train
6523,4,train
6526,4,train
6528,4,train
6530,4,train
6532,4,train
6539,4,train
6540,4,train
6541,4,train
6542,4,train
6543,4,train
6545,4,train
6547,4,train
6549,4,train
6552,4,train
6553,4,train
6554,4,train
6557,4,train
6558,4,train
6559,4,train
6561,4,train
6562,4,train
6563,4,train
6564,4,train
6565,4,train
6566,4,train
6568,4,train
6569,4,train
6570,4,train
6571,4,train
6572,4,train
6573,4,train
6574,4,train
6575,4,train
6576,4,train
6577,4,train
6579,4,train
6581,4,train
6582,4,train
6583,4,train
6584,4,train
6585,4,train
6586,4,train
6587,4,train
6588,4,train
6590,4,train
6592,4,train
6593,4,train
6594,4,train
6595,4,train
6597,4,train
6600,4,train
6601,4,train
6602,4,train
6603,4,train
6604,4,train
6605,4,train
6607,4,train
6608,4,train
6609,4,train
6610,4,train
6611,4,train
6612,4,train
6613,4,train
6614,4,train
6615,4,train
6616,4,train
6617,4,train
6618,4,train
6619,4,train
6620,4,train
6621,4,train
6622,4,train
6623,4,train
6629,4,train
6630,4,train
6631,4,train
6633,4,train
6634,4,train
6635,4,train
6636,4,train
6637,4,train
6638,4,train
6639,4,train
6640,4,train
6642,4,train
6643,4,train
6644,4,train
6645,4,train
6646,4,train
6647,4,train
6649,4,train
6652,4,train
6654,4,train
6655,4,train
6657,4,train
6658,4,train
6659,4,train
6660,4,train
6661,4,train
6662,4,train
6664,4,train
6666,4,train
6667,4,train
6668,4,train
6669,4,train
6670,4,train
6671,4,train
6672,4,train
6673,4,train
6674,4,train
6675,4,train
6676,4,train
6678,4,train
6679,4,train
6681,4,train
6683,4,train
6686,4,train
6687,4,train
6689,4,train
6690,4,train
6691,4,train
6692,4,train
6695,4,train
6696,4,train
6697,4,train
6699,4,train
6700,4,train
6702,4,train
6703,4,train
6704,4,train
6705,4,train
6706,4,train
6708,4,train
6710,4,train
6712,4,train
6714,4,train
6716,4,train
6717,4,train
6718,4,train
6720,4,train
6721,4,train
6722,4,train
6723,4,train
6724,4,train
6725,4,train
6726,4,train
6728,4,train
6729,4,train
6730,4,train
6732,4,train
6733,4,train
6734,4,train
6736,4,train
6737,4,train
6739,4,train
6741,4,train
6742,4,train
6743,4,train
6745,4,train
6746,4,train
6747,4,train
6748,4,train
6749,4,train
6750,4,train
6751,4,train
6753,4,train
6757,4,train
6760,4,train
6761,4,train
6762,4,train
6764,4,train
6767,4,train
6770,4,train
6772,4,train
6773,4,train
6774,4,train
6777,4,train
6778,4,train
6779,4,train
6780,4,train
6781,4,train
6782,4,train
6783,4,train
6784,4,train
6785,4,train
6787,4,train
6788,4,train
6789,4,train
6791,4,train
6792,4,train
6793,4,train
6795,4,train
6798,4,train
6799,4,train
6801,4,train
6802,4,train
6803,4,train
6804,4,train
6805,4,train
6806,4,train
6807,4,train
6808,4,train
6810,4,train
6812,4,train
6813,4,train
6814,4,train
6815,4,train
6817,4,train
6818,4,train
6820,4,train
6821,4,train
6824,4,train
6825,4,train
6826,4,train
6827,4,train
6828,4,train
6830,4,train
6832,4,train
6833,4,train
6835,4,train
6837,4,train
6839,4,train
6840,4,train
6841,4,train
6842,4,train
6844,4,train
6846,4,train
6848,4,train
6853,4,train
6854,4,train
6855,4,train
6856,4,train
6857,4,train
6858,4,train
6859,4,train
6860,4,train
6861,4,train
6862,4,train
6864,4,train
6865,4,train
6867,4,train
6868,4,train
6869,4,train
6870,4,train
6871,4,train
6873,4,train
6874,4,train
6876,4,train
6877,4,train
6879,4,train
6882,4,train
6883,4,train
6884,4,train
6885,4,train
6886,4,train
6888,4,train
6890,4,train
6891,4,train
6896,4,train
6897,4,train
6899,4,train
6900,4,train
6901,4,train
6902,4,train
6903,4,train
6905,4,train
6907,4,train
6908,4,train
6910,4,train
6911,4,train
6915,4,train
6917,4,train
6918,4,train
6919,4,train
6920,4,train
6921,4,train
6923,4,train
6924,4,train
6926,4,train
6928,4,train
6929,4,train
6931,4,train
6932,4,train
6933,4,train
6934,4,train
6935,4,train
6936,4,train
6937,4,train
6940,4,train
6941,4,train
6942,4,train
6944,4,train
6946,4,train
6947,4,train
6948,4,train
6950,4,train
6952,4,train
6953,4,train
6954,4,train
6955,4,train
6957,4,train
6958,4,train
6960,4,train
6962,4,train
6963,4,train
6968,4,train
6970,4,train
6972,4,train
6973,4,train
6974,4,train
6975,4,train
6976,4,train
6977,4,train
6978,4,train
6979,4,train
6980,4,train
6981,4,train
6982,4,train
6984,4,train
6986,4,train
6987,4,train
6990,4,train
6993,4,train
6994,4,train
6995,4,train
6996,4,train
6997,4,train
6998,4,train
7000,4,train
7001,4,train
7002,4,train
7003,4,train
7004,4,train
7005,4,train
7006,4,train
7007,4,train
7008,4,train
7010,4,train
7011,4,train
7013,4,train
7016,4,train
7017,4,train
7018,4,train
7019,4,train
7020,4,train
7022,4,train
7024,4,train
7025,4,train
7026,4,train
7028,4,train
7031,4,train
7032,4,train
7034,4,train
7035,4,train
7036,4,train
7037,4,train
7039,4,train
7040,4,train
7041,4,train
7042,4,train
7043,4,train
7044,4,train
7045,4,train
7046,4,train
7047,4,train
7048,4,train
7049,4,train
7050,4,train
7051,4,train
7052,4,train
7053,4,train
7057,4,train
7058,4,train
7059,4,train
7060,4,train
7061,4,train
7062,4,train
7063,4,train
7064,4,train
7066,4,train
7067,4,train
7068,4,train
7069,4,train
7070,4,train
7071,4,train
7514,4,train
7515,4,train
7516,4,train
7518,4,train
7519,4,train
7520,4,train
7523,4,train
7525,4,train
7527,4,train
7528,4,train
7529,4,train
7533,4,train
7536,4,train
7537,4,train
7538,4,train
7539,4,train
7540,4,train
7543,4,train
7544,4,train
7546,4,train
7548,4,train
7549,4,train
7553,4,train
7554,4,train
7555,4,train
7556,4,train
7557,4,train
7558,4,train
7561,4,train
7562,4,train
7563,4,train
7564,4,train
7566,4,train
7567,4,train
7568,4,train
7569,4,train
7573,4,train
7574,4,train
7575,4,train
7576,4,train
7577,4,train
7581,4,train
7582,4,train
7583,4,train
7586,4,train
7588,4,train
7591,4,train
7592,4,train
7593,4,train
7596,4,train
7597,4,train
7598,4,train
7599,4,train
7600,4,train
7603,4,train
7604,4,train
7606,4,train
7608,4,train
7609,4,train
7610,4,train
7611,4,train
7612,4,train
7613,4,train
7615,4,train
7617,4,train
7618,4,train
7620,4,train
7622,4,train
7623,4,train
7625,4,train
7626,4,train
7628,4,train
7630,4,train
7632,4,train
7633,4,train
7634,4,train
7635,4,train
7636,4,train
7637,4,train
7639,4,train
7641,4,train
7642,4,train
7643,4,train
7644,4,train
7645,4,train
7646,4,train
7647,4,train
7648,4,train
7650,4,train
7651,4,train
7652,4,train
7653,4,train
7654,4,train
7655,4,train
7656,4,train
7661,4,train
7663,4,train
7664,4,train
7666,4,train
7668,4,train
7669,4,train
7670,4,train
7671,4,train
7672,4,train
7673,4,train
7674,4,train
7676,4,train
7678,4,train
7680,4,train
7681,4,train
7682,4,train
7683,4,train
7685,4,train
7686,4,train
7688,4,train
7690,4,train
7691,4,train
7692,4,train
7693,4,train
7694,4,train
7695,4,train
7696,4,train
7697,4,train
7698,4,train
7700,4,train
7702,4,train
7703,4,train
7704,4,train
7705,4,train
7706,4,train
7708,4,train
7709,4,train
7710,4,train
7712,4,train
7713,4,train
7715,4,train
7717,4,train
7718,4,train
7719,4,train
7720,4,train
7721,4,train
7723,4,train
7724,4,train
7725,4,train
7726,4,train
7727,4,train
7728,4,train
7729,4,train
7730,4,train
7731,4,train
7732,4,train
7734,4,train
7735,4,train
7736,4,train
7737,4,train
7738,4,train
7739,4,train
7741,4,train
7742,4,train
7745,4,train
7746,4,train
7748,4,train
7753,4,train
7757,4,train
7758,4,train
7759,4,train
7760,4,train
7761,4,train
7763,4,train
7764,4,train
7766,4,train
7767,4,train
7769,4,train
7770,4,train
7771,4,train
7772,4,train
7773,4,train
7775,4,train
7776,4,train
7777,4,train
7778,4,train
7779,4,train
7780,4,train
7781,4,train
7782,4,train
7783,4,train
7785,4,train
7787,4,train
7789,4,train
7790,4,train
7794,4,train
7795,4,train
7798,4,train
7799,4,train
7802,4,train
7804,4,train
7805,4,train
7807,4,train
7808,4,train
7809,4,train
7811,4,train
7812,4,train
7813,4,train
7814,4,train
7816,4,train
7817,4,train
7818,4,train
7819,4,train
7820,4,train
7821,4,train
7822,4,train
7824,4,train
7825,4,train
7826,4,train
7827,4,train
7828,4,train
7829,4,train
7832,4,train
7833,4,train
7834,4,train
7835,4,train
7836,4,train
7837,4,train
7840,4,train
7841,4,train
7842,4,train
7843,4,train
7845,4,train
7846,4,train
7848,4,train
7849,4,train
7850,4,train
7856,4,train
7857,4,train
7858,4,train
7859,4,train
7860,4,train
7861,4,train
7862,4,train
7863,4,train
7864,4,train
7865,4,train
7866,4,train
7867,4,train
7868,4,train
7869,4,train
7870,4,train
7871,4,train
7872,4,train
7874,4,train
7875,4,train
7876,4,train
7878,4,train
7879,4,train
7881,4,train
7884,4,train
7885,4,train
7886,4,train
7887,4,train
7888,4,train
7889,4,train
7890,4,train
7891,4,train
7893,4,train
7894,4,train
7895,4,train
7896,4,train
7897,4,train
7898,4,train
7899,4,train
7901,4,train
7902,4,train
7903,4,train
7904,4,train
7905,4,train
7906,4,train
7908,4,train
7909,4,train
7910,4,train
7912,4,train
7913,4,train
7914,4,train
7915,4,train
7916,4,train
7917,4,train
7919,4,train
7920,4,train
7921,4,train
7922,4,train
7924,4,train
7926,4,train
7928,4,train
7929,4,train
7930,4,train
7931,4,train
7933,4,train
7934,4,train
7935,4,train
7939,4,train
7940,4,train
7941,4,train
7942,4,train
7943,4,train
7944,4,train
7946,4,train
7947,4,train
7950,4,train
7951,4,train
7952,4,train
7954,4,train
7955,4,train
8840,4,train
8841,4,train
8842,4,train
8843,4,train
8844,4,train
8847,4,train
8848,4,train
8849,4,train
8851,4,train
8852,4,train
8853,4,train
8854,4,train
8855,4,train
8856,4,train
8858,4,train
8859,4,train
8860,4,train
8861,4,train
8862,4,train
8864,4,train
8865,4,train
8866,4,train
8867,4,train
8868,4,train
8870,4,train
8871,4,train
8872,4,train
8873,4,train
8875,4,train
8877,4,train
8879,4,train
8880,4,train
8883,4,train
8884,4,train
8885,4,train
8886,4,train
8887,4,train
8888,4,train
8889,4,train
8892,4,train
8893,4,train
8895,4,train
8896,4,train
8897,4,train
8898,4,train
8899,4,train
8900,4,train
8901,4,train
8902,4,train
8903,4,train
8904,4,train
8905,4,train
8906,4,train
8907,4,train
8909,4,train
8910,4,train
8912,4,train
8913,4,train
8914,4,train
8917,4,train
8919,4,train
8921,4,train
8922,4,train
8923,4,train
8924,4,train
8925,4,train
8926,4,train
8928,4,train
8929,4,train
8932,4,train
8933,4,train
8934,4,train
8935,4,train
8937,4,train
8939,4,train
8940,4,train
8944,4,train
8945,4,train
8946,4,train
8947,4,train
8949,4,train
8951,4,train
8953,4,train
8957,4,train
8961,4,train
8962,4,train
8963,4,train
8964,4,train
8965,4,train
8966,4,train
8967,4,train
8969,4,train
8972,4,train
8973,4,train
8974,4,train
8976,4,train
8977,4,train
8979,4,train
8980,4,train
8981,4,train
8982,4,train
8984,4,train
8985,4,train
8986,4,train
8988,4,train
8990,4,train
8991,4,train
8992,4,train
8994,4,train
8995,4,train
8996,4,train
8998,4,train
8999,4,train
9001,4,train
9002,4,train
9003,4,train
9006,4,train
9007,4,train
9008,4,train
9009,4,train
9010,4,train
9011,4,train
9012,4,train
9013,4,train
9014,4,train
9015,4,train
9016,4,train
9018,4,train
9019,4,train
9022,4,train
9023,4,train
9025,4,train
9026,4,train
9027,4,train
9030,4,train
9032,4,train
9033,4,train
9034,4,train
9035,4,train
9036,4,train
9037,4,train
9038,4,train
9039,4,train
9040,4,train
9041,4,train
9043,4,train
9044,4,train
9045,4,train
9046,4,train
9047,4,train
9048,4,train
9049,4,train
9050,4,train
9051,4,train
9052,4,train
9053,4,train
9054,4,train
9055,4,train
9056,4,train
9058,4,train
9059,4,train
9060,4,train
9063,4,train
9065,4,train
9067,4,train
9068,4,train
9069,4,train
9072,4,train
9075,4,train
9076,4,train
9077,4,train
9078,4,train
9079,4,train
9083,4,train
9084,4,train
9087,4,train
9088,4,train
9091,4,train
9092,4,train
9094,4,train
9095,4,train
9096,4,train
9098,4,train
9099,4,train
9100,4,train
9101,4,train
9102,4,train
9103,4,train
9104,4,train
9105,4,train
9106,4,train
9109,4,train
9111,4,train
9112,4,train
9113,4,train
9114,4,train
9115,4,train
9116,4,train
9118,4,train
9119,4,train
9120,4,train
9121,4,train
9124,4,train
9125,4,train
9126,4,train
9127,4,train
9128,4,train
9129,4,train
9130,4,train
9131,4,train
9132,4,train
9133,4,train
9134,4,train
9135,4,train
9136,4,train
9137,4,train
9138,4,train
9139,4,train
9140,4,train
9142,4,train
9143,4,train
9144,4,train
9146,4,train
9148,4,train
9149,4,train
9150,4,train
9151,4,train
9152,4,train
9154,4,train
9155,4,train
9157,4,train
9158,4,train
9159,4,train
9160,4,train
9161,4,train
9162,4,train
9163,4,train
9164,4,train
9166,4,train
9167,4,train
9168,4,train
9170,4,train
9171,4,train
9173,4,train
9174,4,train
9175,4,train
9176,4,train
9177,4,train
9179,4,train
9182,4,train
9184,4,train
9186,4,train
9187,4,train
9189,4,train
9190,4,train
9191,4,train
9192,4,train
9193,4,train
9194,4,train
9195,4,train
9196,4,train
9198,4,train
9200,4,train
9201,4,train
9202,4,train
9204,4,train
9205,4,train
9208,4,train
9209,4,train
9210,4,train
9211,4,train
9213,4,train
9214,4,train
9215,4,train
9216,4,train
9217,4,train
9219,4,train
9220,4,train
9221,4,train
9222,4,train
9225,4,train
9227,4,train
9228,4,train
9231,4,train
9232,4,train
9234,4,train
9235,4,train
9236,4,train
9237,4,train
9238,4,train
9240,4,train
9241,4,train
9242,4,train
9245,4,train
9246,4,train
9248,4,train
9249,4,train
9251,4,train
9252,4,train
9253,4,train
9254,4,train
9256,4,train
9257,4,train
9259,4,train
9261,4,train
9264,4,train
9265,4,train
9266,4,train
9268,4,train
9269,4,train
9274,4,train
9277,4,train
9278,4,train
9279,4,train
9281,4,train
9724,4,train
9726,4,train
9728,4,train
9729,4,train
9730,4,train
9731,4,train
9732,4,train
9734,4,train
9735,4,train
9737,4,train
9738,4,train
9739,4,train
9741,4,train
9742,4,train
9743,4,train
9745,4,train
9746,4,train
9747,4,train
9748,4,train
9751,4,train
9752,4,train
9753,4,train
9754,4,train
9755,4,train
9756,4,train
9757,4,train
9759,4,train
9760,4,train
9761,4,train
9763,4,train
9764,4,train
9765,4,train
9766,4,train
9767,4,train
9768,4,train
9770,4,train
9771,4,train
9772,4,train
9773,4,train
9775,4,train
9777,4,train
9778,4,train
9781,4,train
9782,4,train
9783,4,train
9784,4,train
9786,4,train
9787,4,train
9788,4,train
9789,4,train
9790,4,train
9791,4,train
9792,4,train
9793,4,train
9794,4,train
9795,4,train
9796,4,train
9798,4,train
9801,4,train
9803,4,train
9806,4,train
9807,4,train
9808,4,train
9810,4,train
9811,4,train
9812,4,train
9815,4,train
9816,4,train
9817,4,train
9820,4,train
9821,4,train
9822,4,train
9823,4,train
9824,4,train
9825,4,train
9826,4,train
9827,4,train
9829,4,train
9830,4,train
9831,4,train
9833,4,train
9834,4,train
9835,4,train
9836,4,train
9838,4,train
9840,4,train
9843,4,train
9844,4,train
9845,4,train
9846,4,train
9847,4,train
9849,4,train
9852,4,train
9853,4,train
9854,4,train
9855,4,train
9856,4,train
9857,4,train
9859,4,train
9860,4,train
9861,4,train
9862,4,train
9863,4,train
9864,4,train
9865,4,train
9866,4,train
9867,4,train
9868,4,train
9869,4,train
9871,4,train
9872,4,train
9873,4,train
9874,4,train
9876,4,train
9877,4,train
9879,4,train
9880,4,train
9882,4,train
9884,4,train
9886,4,train
9887,4,train
9888,4,train
9889,4,train
9890,4,train
9891,4,train
9893,4,train
9895,4,train
9896,4,train
9897,4,train
9898,4,train
9899,4,train
9900,4,train
9902,4,train
9903,4,train
9905,4,train
9907,4,train
9909,4,train
9910,4,train
9911,4,train
9912,4,train
9913,4,train
9916,4,train
9917,4,train
9918,4,train
9919,4,train
9920,4,train
9921,4,train
9923,4,train
9925,4,train
9926,4,train
9927,4,train
9928,4,train
9930,4,train
9931,4,train
9932,4,train
9933,4,train
9934,4,train
9936,4,train
9937,4,train
9938,4,train
9939,4,train
9941,4,train
9942,4,train
9943,4,train
9945,4,train
9946,4,train
9947,4,train
9948,4,train
9950,4,train
9951,4,train
9953,4,train
9955,4,train
9956,4,train
9957,4,train
9958,4,train
9959,4,train
9960,4,train
9961,4,train
9962,4,train
9963,4,train
9964,4,train
9966,4,train
9967,4,train
9970,4,train
9971,4,train
9972,4,train
9974,4,train
9975,4,train
9976,4,train
9977,4,train
9979,4,train
9981,4,train
9983,4,train
9986,4,train
9987,4,train
9988,4,train
9989,4,train
9990,4,train
9991,4,train
9993,4,train
9994,4,train
9995,4,train
9996,4,train
9997,4,train
9998,4,train
10002,4,train
10003,4,train
10005,4,train
10006,4,train
10008,4,train
10009,4,train
10010,4,train
10012,4,train
10013,4,train
10014,4,train
10015,4,train
10017,4,train
10018,4,train
10019,4,train
10020,4,train
10021,4,train
10022,4,train
10023,4,train
10024,4,train
10025,4,train
10026,4,train
10028,4,train
10029,4,train
10030,4,train
10031,4,train
10032,4,train
10033,4,train
10034,4,train
10035,4,train
10036,4,train
10037,4,train
10038,4,train
10042,4,train
10043,4,train
10044,4,train
10046,4,train
10047,4,train
10050,4,train
10054,4,train
10055,4,train
10056,4,train
10057,4,train
10058,4,train
10059,4,train
10060,4,train
10062,4,train
10065,4,train
10066,4,train
10068,4,train
10069,4,train
10070,4,train
10071,4,train
10074,4,train
10075,4,train
10076,4,train
10077,4,train
10078,4,train
10079,4,train
10086,4,train
10089,4,train
10090,4,train
10091,4,train
10094,4,train
10097,4,train
10098,4,train
10099,4,train
10100,4,train
10102,4,train
10103,4,train
10104,4,train
10106,4,train
10108,4,train
10109,4,train
10111,4,train
10112,4,train
10113,4,train
10114,4,train
10115,4,train
10117,4,train
10118,4,train
10119,4,train
10121,4,train
10122,4,train
10123,4,train
10125,4,train
10128,4,train
10129,4,train
10130,4,train
10131,4,train
10133,4,train
10134,4,train
10137,4,train
10138,4,train
10139,4,train
10140,4,train
10141,4,train
10142,4,train
10144,4,train
10145,4,train
10146,4,train
10147,4,train
10148,4,train
10149,4,train
10150,4,train
10151,4,train
10152,4,train
10154,4,train
10156,4,train
10158,4,train
10159,4,train
10160,4,train
10161,4,train
10164,4,train
10165,4,train
13702,4,train
13703,4,train
13704,4,train
13707,4,train
13708,4,train
13709,4,train
13710,4,train
13712,4,train
13714,4,train
13716,4,train
13717,4,train
13718,4,train
13719,4,train
13720,4,train
13721,4,train
13722,4,train
13723,4,train
13725,4,train
13726,4,train
13727,4,train
13729,4,train
13730,4,train
13731,4,train
13732,4,train
13733,4,train
13734,4,train
13737,4,train
13738,4,train
13739,4,train
13741,4,train
13743,4,train
13745,4,train
13746,4,train
13747,4,train
13748,4,train
13749,4,train
13750,4,train
13751,4,train
13753,4,train
13754,4,train
13755,4,train
13756,4,train
13758,4,train
13759,4,train
13760,4,train
13761,4,train
13762,4,train
13763,4,train
13765,4,train
13766,4,train
13767,4,train
13769,4,train
13770,4,train
13773,4,train
13775,4,train
13776,4,train
13778,4,train
13779,4,train
13780,4,train
13781,4,train
13783,4,train
13784,4,train
13785,4,train
13786,4,train
13787,4,train
13788,4,train
13789,4,train
13790,4,train
13792,4,train
13793,4,train
13794,4,train
13795,4,train
13797,4,train
13799,4,train
13800,4,train
13801,4,train
13802,4,train
13803,4,train
13804,4,train
13805,4,train
13807,4,train
13808,4,train
13810,4,train
13811,4,train
13812,4,train
13813,4,train
13814,4,train
13815,4,train
13816,4,train
13819,4,train
13820,4,train
13821,4,train
13822,4,train
13823,4,train
13824,4,train
13825,4,train
13827,4,train
13828,4,train
13829,4,train
13831,4,train
13833,4,train
13834,4,train
13836,4,train
13839,4,train
13840,4,train
13841,4,train
13842,4,train
13843,4,train
13844,4,train
13845,4,train
13846,4,train
13847,4,train
13849,4,train
13850,4,train
13851,4,train
13852,4,train
13853,4,train
13854,4,train
13856,4,train
13858,4,train
13859,4,train
13860,4,train
13861,4,train
13863,4,train
13866,4,train
13867,4,train
13870,4,train
13873,4,train
13874,4,train
13875,4,train
13876,4,train
13877,4,train
13878,4,train
13880,4,train
13881,4,train
13882,4,train
13883,4,train
13884,4,train
13885,4,train
13886,4,train
13887,4,train
13888,4,train
13889,4,train
13890,4,train
13893,4,train
13894,4,train
13896,4,train
13898,4,train
13899,4,train
13900,4,train
13902,4,train
13903,4,train
13904,4,train
13907,4,train
13908,4,train
13911,4,train
13912,4,train
13913,4,train
13914,4,train
13915,4,train
13917,4,train
13918,4,train
13919,4,train
13920,4,train
13921,4,train
13923,4,train
13925,4,train
13926,4,train
13928,4,train
13930,4,train
13931,4,train
13932,4,train
13933,4,train
13934,4,train
13935,4,train
13936,4,train
13937,4,train
13938,4,train
13939,4,train
13940,4,train
13946,4,train
13947,4,train
13948,4,train
13950,4,train
13953,4,train
13954,4,train
13955,4,train
13957,4,train
13959,4,train
13960,4,train
13962,4,train
13963,4,train
13964,4,train
13965,4,train
13966,4,train
13967,4,train
13969,4,train
13970,4,train
13971,4,train
13972,4,train
13973,4,train
13974,4,train
13975,4,train
13976,4,train
13977,4,train
13978,4,train
13979,4,train
13980,4,train
13982,4,train
13983,4,train
13984,4,train
13985,4,train
13992,4,train
13993,4,train
13994,4,train
13996,4,train
13997,4,train
13998,4,train
13999,4,train
14002,4,train
14003,4,train
14004,4,train
14005,4,train
14006,4,train
14008,4,train
14009,4,train
14011,4,train
14012,4,train
14015,4,train
14017,4,train
14018,4,train
14022,4,train
14024,4,train
14025,4,train
14026,4,train
14027,4,train
14029,4,train
14031,4,train
14033,4,train
14034,4,train
14035,4,train
14036,4,train
14038,4,train
14039,4,train
14041,4,train
14042,4,train
14044,4,train
14045,4,train
14046,4,train
14048,4,train
14049,4,train
14050,4,train
14051,4,train
14053,4,train
14054,4,train
14056,4,train
14058,4,train
14059,4,train
14060,4,train
14062,4,train
14063,4,train
14067,4,train
14068,4,train
14069,4,train
14071,4,train
14072,4,train
14073,4,train
14074,4,train
14075,4,train
14076,4,train
14078,4,train
14079,4,train
14080,4,train
14081,4,train
14082,4,train
14084,4,train
14087,4,train
14088,4,train
14089,4,train
14090,4,train
14092,4,train
14093,4,train
14097,4,train
14098,4,train
14099,4,train
14101,4,train
14102,4,train
14103,4,train
14105,4,train
14107,4,train
14108,4,train
14109,4,train
14112,4,train
14113,4,train
14114,4,train
14115,4,train
14116,4,train
14117,4,train
14119,4,train
14120,4,train
14121,4,train
14122,4,train
14123,4,train
14125,4,train
14126,4,train
14127,4,train
14129,4,train
14130,4,train
14131,4,train
14132,4,train
14133,4,train
14134,4,train
14135,4,train
14136,4,train
14137,4,train
14138,4,train
14139,4,train
14140,4,train
14141,4,train
14142,4,train
14143,4,train
15913,4,train
15914,4,train
15915,4,train
15916,4,train
15918,4,train
15920,4,train
15922,4,train
15924,4,train
15925,4,train
15926,4,train
15930,4,train
15932,4,train
15935,4,train
15936,4,train
15937,4,train
15938,4,train
15939,4,train
15941,4,train
15942,4,train
15947,4,train
15948,4,train
15949,4,train
15950,4,train
15951,4,train
15952,4,train
15953,4,train
15954,4,train
15955,4,train
15956,4,train
15957,4,train
15958,4,train
15959,4,train
15961,4,train
15963,4,train
15964,4,train
15967,4,train
15970,4,train
15971,4,train
15972,4,train
15974,4,train
15975,4,train
15981,4,train
15983,4,train
15984,4,train
15986,4,train
15987,4,train
15989,4,train
15990,4,train
15991,4,train
15992,4,train
15993,4,train
15994,4,train
15996,4,train
15997,4,train
15998,4,train
15999,4,train
16000,4,train
16002,4,train
16006,4,train
16012,4,train
16013,4,train
16014,4,train
16015,4,train
16016,4,train
16018,4,train
16019,4,train
16021,4,train
16022,4,train
16023,4,train
16024,4,train
16025,4,train
16026,4,train
16028,4,train
16029,4,train
16031,4,train
16035,4,train
16036,4,train
16037,4,train
16038,4,train
16039,4,train
16040,4,train
16044,4,train
16045,4,train
16046,4,train
16052,4,train
16054,4,train
16055,4,train
16056,4,train
16057,4,train
16058,4,train
16059,4,train
16061,4,train
16062,4,train
16063,4,train
16064,4,train
16067,4,train
16068,4,train
16069,4,train
16070,4,train
16071,4,train
16072,4,train
16073,4,train
16074,4,train
16075,4,train
16076,4,train
16077,4,train
16078,4,train
16080,4,train
16081,4,train
16082,4,train
16084,4,train
16085,4,train
16086,4,train
16087,4,train
16088,4,train
16089,4,train
16090,4,train
16091,4,train
16092,4,train
16093,4,train
16096,4,train
16097,4,train
16098,4,train
16099,4,train
16100,4,train
16101,4,train
16103,4,train
16105,4,train
16107,4,train
16108,4,train
16109,4,train
16110,4,train
16111,4,train
16112,4,train
16113,4,train
16114,4,train
16115,4,train
16118,4,train
16119,4,train
16120,4,train
16121,4,train
16124,4,train
16125,4,train
16126,4,train
16129,4,train
16131,4,train
16132,4,train
16133,4,train
16134,4,train
16136,4,train
16139,4,train
16140,4,train
16142,4,train
16143,4,train
16144,4,train
16145,4,train
16147,4,train
16150,4,train
16151,4,train
16152,4,train
16153,4,train
16154,4,train
16155,4,train
16156,4,train
16157,4,train
16158,4,train
16159,4,train
16160,4,train
16161,4,train
16163,4,train
16164,4,train
16166,4,train
16167,4,train
16169,4,train
16170,4,train
16171,4,train
16174,4,train
16175,4,train
16177,4,train
16179,4,train
16180,4,train
16181,4,train
16182,4,train
16184,4,train
16185,4,train
16187,4,train
16189,4,train
16190,4,train
16194,4,train
16199,4,train
16202,4,train
16205,4,train
16208,4,train
16213,4,train
16214,4,train
16215,4,train
16217,4,train
16218,4,train
16220,4,train
16222,4,train
16224,4,train
16227,4,train
16228,4,train
16231,4,train
16232,4,train
16233,4,train
16236,4,train
16237,4,train
16238,4,train
16240,4,train
16241,4,train
16242,4,train
16243,4,train
16247,4,train
16248,4,train
16249,4,train
16250,4,train
16253,4,train
16254,4,train
16255,4,train
16256,4,train
16258,4,train
16259,4,train
16260,4,train
16264,4,train
16265,4,train
16266,4,train
16267,4,train
16268,4,train
16269,4,train
16270,4,train
16271,4,train
16272,4,train
16275,4,train
16277,4,train
16278,4,train
16279,4,train
16280,4,train
16281,4,train
16286,4,train
16288,4,train
16289,4,train
16290,4,train
16291,4,train
16293,4,train
16294,4,train
16295,4,train
16296,4,train
16298,4,train
16299,4,train
16301,4,train
16303,4,train
16304,4,train
16305,4,train
16307,4,train
16309,4,train
16311,4,train
16312,4,train
16314,4,train
16315,4,train
16316,4,train
16317,4,train
16318,4,train
16319,4,train
16320,4,train
16321,4,train
16323,4,train
16324,4,train
16325,4,train
16326,4,train
16327,4,train
16331,4,train
16334,4,train
16336,4,train
16337,4,train
16338,4,train
16339,4,train
16340,4,train
16341,4,train
16342,4,train
16343,4,train
16344,4,train
16345,4,train
16346,4,train
16347,4,train
16348,4,train
16349,4,train
16351,4,train
16352,4,train
16353,4,train
19448,4,train
19449,4,train
19450,4,train
19451,4,train
19452,4,train
19454,4,train
19455,4,train
19456,4,train
19457,4,train
19458,4,train
19460,4,train
19462,4,train
19463,4,train
19464,4,train
19465,4,train
19466,4,train
19467,4,train
19468,4,train
19469,4,train
19474,4,train
19475,4,train
19476,4,train
19478,4,train
19481,4,train
19486,4,train
19487,4,train
19488,4,train
19489,4,train
19491,4,train
19493,4,train
19494,4,train
19495,4,train
19496,4,train
19497,4,train
19498,4,train
19499,4,train
19500,4,train
19502,4,train
19503,4,train
19504,4,train
19506,4,train
19507,4,train
19508,4,train
19510,4,train
19512,4,train
19513,4,train
19514,4,train
19515,4,train
19516,4,train
19517,4,train
19519,4,train
19521,4,train
19523,4,train
19524,4,train
19525,4,train
19526,4,train
19527,4,train
19529,4,train
19531,4,train
19532,4,train
19533,4,train
19535,4,train
19536,4,train
19538,4,train
19539,4,train
19540,4,train
19541,4,train
19543,4,train
19547,4,train
19548,4,train
19549,4,train
19550,4,train
19551,4,train
19552,4,train
19553,4,train
19555,4,train
19557,4,train
19558,4,train
19559,4,train
19561,4,train
19563,4,train
19564,4,train
19566,4,train
19567,4,train
19568,4,train
19569,4,train
19570,4,train
19571,4,train
19572,4,train
19573,4,train
19575,4,train
19579,4,train
19580,4,train
19581,4,train
19582,4,train
19583,4,train
19585,4,train
19587,4,train
19588,4,train
19589,4,train
19590,4,train
19592,4,train
19594,4,train
19596,4,train
19599,4,train
19600,4,train
19601,4,train
19602,4,train
19603,4,train
19604,4,train
19605,4,train
19606,4,train
19607,4,train
19608,4,train
19609,4,train
19610,4,train
19611,4,train
19612,4,train
19614,4,train
19615,4,train
19616,4,train
19618,4,train
19619,4,train
19620,4,train
19621,4,train
19624,4,train
19625,4,train
19626,4,train
19627,4,train
19628,4,train
19630,4,train
19631,4,train
19632,4,train
19633,4,train
19634,4,train
19635,4,train
19636,4,train
19637,4,train
19638,4,train
19639,4,train
19640,4,train
19641,4,train
19643,4,train
19644,4,train
19645,4,train
19649,4,train
19650,4,train
19651,4,train
19653,4,train
19654,4,train
19655,4,train
19656,4,train
19657,4,train
19659,4,train
19661,4,train
19662,4,train
19664,4,train
19665,4,train
19669,4,train
19670,4,train
19672,4,train
19673,4,train
19675,4,train
19676,4,train
19677,4,train
19678,4,train
19679,4,train
19680,4,train
19681,4,train
19682,4,train
19683,4,train
19684,4,train
19687,4,train
19690,4,train
19691,4,train
19692,4,train
19693,4,train
19694,4,train
19696,4,train
19697,4,train
19698,4,train
19700,4,train
19702,4,train
19704,4,train
19705,4,train
19706,4,train
19707,4,train
19708,4,train
19709,4,train
19712,4,train
19713,4,train
19714,4,train
19715,4,train
19718,4,train
19720,4,train
19724,4,train
19725,4,train
19728,4,train
19730,4,train
19731,4,train
19733,4,train
19735,4,train
19736,4,train
19740,4,train
19741,4,train
19742,4,train
19743,4,train
19744,4,train
19746,4,train
19747,4,train
19748,4,train
19749,4,train
19750,4,train
19751,4,train
19752,4,train
19754,4,train
19755,4,train
19757,4,train
19758,4,train
19759,4,train
19760,4,train
19761,4,train
19762,4,train
19763,4,train
19764,4,train
19766,4,train
19767,4,train
19769,4,train
19770,4,train
19771,4,train
19772,4,train
19774,4,train
19775,4,train
19776,4,train
19778,4,train
19780,4,train
19782,4,train
19783,4,train
19784,4,train
19785,4,train
19786,4,train
19787,4,train
19788,4,train
19789,4,train
19790,4,train
19792,4,train
19794,4,train
19795,4,train
19796,4,train
19797,4,train
19799,4,train
19801,4,train
19802,4,train
19803,4,train
19804,4,train
19805,4,train
19806,4,train
19807,4,train
19808,4,train
19809,4,train
19810,4,train
19811,4,train
19812,4,train
19813,4,train
19815,4,train
19816,4,train
19817,4,train
19819,4,train
19821,4,train
19822,4,train
19823,4,train
19825,4,train
19827,4,train
19828,4,train
19829,4,train
19833,4,train
19834,4,train
19835,4,train
19840,4,train
19841,4,train
19842,4,train
19843,4,train
19844,4,train
19847,4,train
19848,4,train
19851,4,train
19852,4,train
19854,4,train
19855,4,train
19856,4,train
19857,4,train
19858,4,train
19860,4,train
19862,4,train
19865,4,train
19866,4,train
19867,4,train
19868,4,train
19869,4,train
19872,4,train
19874,4,train
19875,4,train
19876,4,train
19877,4,train
19878,4,train
19880,4,train
19882,4,train
19885,4,train
19886,4,train
19887,4,train
19888,4,train
19889,4,train
20774,4,train
20776,4,train
20778,4,train
20779,4,train
20780,4,train
20782,4,train
20783,4,train
20785,4,train
20787,4,train
20791,4,train
20792,4,train
20793,4,train
20794,4,train
20795,4,train
20796,4,train
20799,4,train
20802,4,train
20803,4,train
20804,4,train
20805,4,train
20806,4,train
20808,4,train
20809,4,train
20811,4,train
20812,4,train
20814,4,train
20815,4,train
20816,4,train
20817,4,train
20818,4,train
20819,4,train
20820,4,train
20821,4,train
20825,4,train
20826,4,train
20827,4,train
20829,4,train
20831,4,train
20832,4,train
20833,4,train
20834,4,train
20835,4,train
20838,4,train
20842,4,train
20844,4,train
20846,4,train
20847,4,train
20848,4,train
20849,4,train
20850,4,train
20852,4,train
20854,4,train
20857,4,train
20858,4,train
20859,4,train
20860,4,train
20861,4,train
20863,4,train
20864,4,train
20865,4,train
20866,4,train
20868,4,train
20869,4,train
20874,4,train
20877,4,train
20879,4,train
20880,4,train
20882,4,train
20883,4,train
20884,4,train
20885,4,train
20888,4,train
20889,4,train
20890,4,train
20891,4,train
20894,4,train
20895,4,train
20896,4,train
20897,4,train
20901,4,train
20902,4,train
20903,4,train
20904,4,train
20905,4,train
20906,4,train
20907,4,train
20909,4,train
20910,4,train
20911,4,train
20912,4,train
20914,4,train
20915,4,train
20917,4,train
20920,4,train
20923,4,train
20924,4,train
20926,4,train
20927,4,train
20928,4,train
20929,4,train
20930,4,train
20931,4,train
20932,4,train
20933,4,train
20934,4,train
20935,4,train
20936,4,train
20937,4,train
20938,4,train
20939,4,train
20940,4,train
20941,4,train
20942,4,train
20944,4,train
20945,4,train
20948,4,train
20949,4,train
20950,4,train
20951,4,train
20953,4,train
20955,4,train
20957,4,train
20958,4,train
20959,4,train
20961,4,train
20963,4,train
20964,4,train
20965,4,train
20966,4,train
20967,4,train
20968,4,train
20970,4,train
20972,4,train
20973,4,train
20974,4,train
20975,4,train
20977,4,train
20979,4,train
20980,4,train
20981,4,train
20982,4,train
20983,4,train
20985,4,train
20986,4,train
20988,4,train
20989,4,train
20990,4,train
20991,4,train
20993,4,train
20994,4,train
20995,4,train
20997,4,train
20999,4,train
21000,4,train
21001,4,train
21005,4,train
21006,4,train
21007,4,train
21008,4,train
21009,4,train
21011,4,train
21012,4,train
21014,4,train
21015,4,train
21016,4,train
21017,4,train
21019,4,train
21021,4,train
21022,4,train
21023,4,train
21024,4,train
21025,4,train
21026,4,train
21027,4,train
21029,4,train
21030,4,train
21032,4,train
21033,4,train
21034,4,train
21035,4,train
21036,4,train
21037,4,train
21039,4,train
21040,4,train
21041,4,train
21042,4,train
21045,4,train
21046,4,train
21047,4,train
21048,4,train
21049,4,train
21051,4,train
21052,4,train
21053,4,train
21056,4,train
21058,4,train
21059,4,train
21060,4,train
21062,4,train
21064,4,train
21065,4,train
21068,4,train
21069,4,train
21070,4,train
21071,4,train
21072,4,train
21073,4,train
21074,4,train
21075,4,train
21076,4,train
21078,4,train
21079,4,train
21080,4,train
21081,4,train
21082,4,train
21083,4,train
21084,4,train
21085,4,train
21086,4,train
21087,4,train
21089,4,train
21090,4,train
21091,4,train
21092,4,train
21093,4,train
21094,4,train
21096,4,train
21097,4,train
21102,4,train
21104,4,train
21105,4,train
21106,4,train
21107,4,train
21108,4,train
21109,4,train
21110,4,train
21112,4,train
21113,4,train
21114,4,train
21115,4,train
21116,4,train
21117,4,train
21118,4,train
21119,4,train
21121,4,train
21122,4,train
21123,4,train
21124,4,train
21125,4,train
21126,4,train
21127,4,train
21129,4,train
21130,4,train
21131,4,train
21133,4,train
21134,4,train
21135,4,train
21137,4,train
21138,4,train
21141,4,train
21143,4,train
21145,4,train
21146,4,train
21147,4,train
21148,4,train
21149,4,train
21152,4,train
21153,4,train
21154,4,train
21156,4,train
21157,4,train
21158,4,train
21159,4,train
21160,4,train
21161,4,train
21162,4,train
21165,4,train
21167,4,train
21168,4,train
21169,4,train
21171,4,train
21172,4,train
21174,4,train
21175,4,train
21177,4,train
21178,4,train
21179,4,train
21180,4,train
21181,4,train
21185,4,train
21186,4,train
21187,4,train
21188,4,train
21189,4,train
21190,4,train
21192,4,train
21193,4,train
21194,4,train
21195,4,train
21196,4,train
21199,4,train
21200,4,train
21201,4,train
21202,4,train
21203,4,train
21204,4,train
21208,4,train
21210,4,train
21212,4,train
21213,4,train
21215,4,train
22543,4,train
22544,4,train
22545,4,train
22547,4,train
22548,4,train
22549,4,train
22551,4,train
22552,4,train
22555,4,train
22556,4,train
22557,4,train
22560,4,train
22561,4,train
22562,4,train
22564,4,train
22565,4,train
22570,4,train
22571,4,train
22573,4,train
22575,4,train
22576,4,train
22578,4,train
22579,4,train
22581,4,train
22583,4,train
22585,4,train
22586,4,train
22587,4,train
22589,4,train
22590,4,train
22591,4,train
22592,4,train
22593,4,train
22596,4,train
22597,4,train
22598,4,train
22601,4,train
22602,4,train
22603,4,train
22605,4,train
22607,4,train
22609,4,train
22610,4,train
22611,4,train
22612,4,train
22613,4,train
22614,4,train
22615,4,train
22616,4,train
22617,4,train
22619,4,train
22620,4,train
22621,4,train
22627,4,train
22630,4,train
22632,4,train
22633,4,train
22634,4,train
22635,4,train
22637,4,train
22638,4,train
22639,4,train
22641,4,train
22642,4,train
22643,4,train
22646,4,train
22648,4,train
22650,4,train
22651,4,train
22652,4,train
22654,4,train
22655,4,train
22656,4,train
22657,4,train
22658,4,train
22659,4,train
22660,4,train
22662,4,train
22664,4,train
22665,4,train
22666,4,train
22667,4,train
22668,4,train
22669,4,train
22670,4,train
22672,4,train
22674,4,train
22675,4,train
22676,4,train
22677,4,train
22680,4,train
22681,4,train
22682,4,train
22683,4,train
22684,4,train
22685,4,train
22686,4,train
22687,4,train
22688,4,train
22689,4,train
22691,4,train
22692,4,train
22693,4,train
22694,4,train
22697,4,train
22698,4,train
22701,4,train
22702,4,train
22703,4,train
22708,4,train
22709,4,train
22710,4,train
22711,4,train
22713,4,train
22714,4,train
22717,4,train
22718,4,train
22719,4,train
22720,4,train
22721,4,train
22723,4,train
22724,4,train
22726,4,train
22728,4,train
22729,4,train
22730,4,train
22731,4,train
22732,4,train
22733,4,train
22735,4,train
22736,4,train
22737,4,train
22739,4,train
22742,4,train
22743,4,train
22744,4,train
22745,4,train
22746,4,train
22748,4,train
22749,4,train
22750,4,train
22751,4,train
22756,4,train
22758,4,train
22759,4,train
22760,4,train
22762,4,train
22763,4,train
22764,4,train
22765,4,train
22766,4,train
22767,4,train
22768,4,train
22770,4,train
22771,4,train
22772,4,train
22774,4,train
22775,4,train
22776,4,train
22777,4,train
22778,4,train
22780,4,train
22784,4,train
22785,4,train
22786,4,train
22787,4,train
22789,4,train
22791,4,train
22793,4,train
22794,4,train
22795,4,train
22796,4,train
22797,4,train
22801,4,train
22803,4,train
22804,4,train
22805,4,train
22806,4,train
22807,4,train
22808,4,train
22809,4,train
22810,4,train
22811,4,train
22813,4,train
22814,4,train
22815,4,train
22816,4,train
22818,4,train
22819,4,train
22821,4,train
22823,4,train
22826,4,train
22828,4,train
22829,4,train
22832,4,train
22833,4,train
22834,4,train
22836,4,train
22838,4,train
22839,4,train
22840,4,train
22842,4,train
22843,4,train
22846,4,train
22847,4,train
22849,4,train
22851,4,train
22853,4,train
22854,4,train
22855,4,train
22857,4,train
22859,4,train
22860,4,train
22861,4,train
22862,4,train
22863,4,train
22865,4,train
22866,4,train
22867,4,train
22868,4,train
22869,4,train
22870,4,train
22871,4,train
22873,4,train
22874,4,train
22875,4,train
22876,4,train
22877,4,train
22878,4,train
22879,4,train
22880,4,train
22881,4,train
22882,4,train
22883,4,train
22884,4,train
22885,4,train
22886,4,train
22887,4,train
22888,4,train
22889,4,train
22891,4,train
22892,4,train
22896,4,train
22897,4,train
22898,4,train
22899,4,train
22900,4,train
22902,4,train
22907,4,train
22910,4,train
22916,4,train
22919,4,train
22920,4,train
22921,4,train
22923,4,train
22924,4,train
22925,4,train
22927,4,train
22929,4,train
22931,4,train
22932,4,train
22937,4,train
22938,4,train
22941,4,train
22942,4,train
22943,4,train
22944,4,train
22945,4,train
22947,4,train
22948,4,train
22950,4,train
22952,4,train
22956,4,train
22958,4,train
22959,4,train
22960,4,train
22961,4,train
22962,4,train
22965,4,train
22966,4,train
22967,4,train
22971,4,train
22974,4,train
22975,4,train
22976,4,train
22978,4,train
22981,4,train
22982,4,train
24310,4,train
24312,4,train
24314,4,train
24316,4,train
24317,4,train
24319,4,train
24320,4,train
24321,4,train
24322,4,train
24323,4,train
24324,4,train
24325,4,train
24326,4,train
24327,4,train
24328,4,train
24330,4,train
24332,4,train
24333,4,train
24334,4,train
24335,4,train
24336,4,train
24338,4,train
24339,4,train
24340,4,train
24343,4,train
24344,4,train
24347,4,train
24350,4,train
24351,4,train
24353,4,train
24354,4,train
24356,4,train
24357,4,train
24358,4,train
24359,4,train
24360,4,train
24361,4,train
24364,4,train
24365,4,train
24366,4,train
24368,4,train
24371,4,train
24373,4,train
24374,4,train
24375,4,train
24377,4,train
24378,4,train
24379,4,train
24382,4,train
24384,4,train
24385,4,train
24387,4,train
24388,4,train
24389,4,train
24390,4,train
24391,4,train
24392,4,train
24395,4,train
24396,4,train
24397,4,train
24398,4,train
24400,4,train
24403,4,train
24404,4,train
24405,4,train
24407,4,train
24408,4,train
24409,4,train
24410,4,train
24411,4,train
24414,4,train
24415,4,train
24416,4,train
24417,4,train
24418,4,train
24419,4,train
24420,4,train
24421,4,train
24423,4,train
24424,4,train
24425,4,train
24426,4,train
24427,4,train
24428,4,train
24429,4,train
24432,4,train
24433,4,train
24434,4,train
24435,4,train
24437,4,train
24438,4,train
24440,4,train
24441,4,train
24442,4,train
24443,4,train
24445,4,train
24446,4,train
24447,4,train
24448,4,train
24450,4,train
24451,4,train
24452,4,train
24453,4,train
24454,4,train
24455,4,train
24456,4,train
24457,4,train
24459,4,train
24460,4,train
24462,4,train
24465,4,train
24467,4,train
24468,4,train
24469,4,train
24470,4,train
24471,4,train
24473,4,train
24474,4,train
24475,4,train
24476,4,train
24477,4,train
24478,4,train
24480,4,train
24481,4,train
24482,4,train
24483,4,train
24484,4,train
24485,4,train
24486,4,train
24487,4,train
24488,4,train
24489,4,train
24490,4,train
24491,4,train
24492,4,train
24496,4,train
24497,4,train
24498,4,train
24499,4,train
24500,4,train
24501,4,train
24502,4,train
24504,4,train
24505,4,train
24507,4,train
24509,4,train
24511,4,train
24512,4,train
24514,4,train
24515,4,train
24516,4,train
24517,4,train
24518,4,train
24519,4,train
24521,4,train
24524,4,train
24525,4,train
24526,4,train
24527,4,train
24528,4,train
24529,4,train
24530,4,train
24531,4,train
24532,4,train
24533,4,train
24534,4,train
24537,4,train
24538,4,train
24539,4,train
24540,4,train
24541,4,train
24542,4,train
24543,4,train
24544,4,train
24545,4,train
24546,4,train
24548,4,train
24550,4,train
24551,4,train
24553,4,train
24555,4,train
24556,4,train
24557,4,train
24558,4,train
24559,4,train
24560,4,train
24561,4,train
24563,4,train
24564,4,train
24567,4,train
24568,4,train
24569,4,train
24571,4,train
24572,4,train
24573,4,train
24574,4,train
24575,4,train
24576,4,train
24577,4,train
24578,4,train
24579,4,train
24580,4,train
24583,4,train
24584,4,train
24585,4,train
24586,4,train
24587,4,train
24590,4,train
24591,4,train
24592,4,train
24593,4,train
24595,4,train
24597,4,train
24599,4,train
24600,4,train
24601,4,train
24602,4,train
24603,4,train
24605,4,train
24606,4,train
24607,4,train
24608,4,train
24609,4,train
24610,4,train
24611,4,train
24612,4,train
24614,4,train
24615,4,train
24617,4,train
24623,4,train
24624,4,train
24626,4,train
24627,4,train
24629,4,train
24630,4,train
24631,4,train
24632,4,train
24633,4,train
24634,4,train
24635,4,train
24637,4,train
24640,4,train
24643,4,train
24645,4,train
24648,4,train
24649,4,train
24650,4,train
24651,4,train
24653,4,train
24654,4,train
24655,4,train
24657,4,train
24658,4,train
24659,4,train
24660,4,train
24661,4,train
24663,4,train
24664,4,train
24665,4,train
24667,4,train
24668,4,train
24669,4,train
24671,4,train
24673,4,train
24674,4,train
24678,4,train
24682,4,train
24684,4,train
24685,4,train
24686,4,train
24687,4,train
24688,4,train
24689,4,train
24692,4,train
24693,4,train
24695,4,train
24696,4,train
24699,4,train
24700,4,train
24701,4,train
24702,4,train
24703,4,train
24704,4,train
24705,4,train
24707,4,train
24708,4,train
24710,4,train
24712,4,train
24713,4,train
24714,4,train
24715,4,train
24717,4,train
24718,4,train
24719,4,train
24720,4,train
24721,4,train
24722,4,train
24725,4,train
24726,4,train
24727,4,train
24729,4,train
24730,4,train
24731,4,train
24732,4,train
24733,4,train
24734,4,train
24735,4,train
24736,4,train
24737,4,train
24738,4,train
24739,4,train
24740,4,train
24741,4,train
24742,4,train
24743,4,train
24746,4,train
24747,4,train
24748,4,train
24749,4,train
24750,4,train
24751,4,train
26520,4,train
26521,4,train
26522,4,train
26526,4,train
26528,4,train
26529,4,train
26530,4,train
26531,4,train
26532,4,train
26534,4,train
26536,4,train
26540,4,train
26541,4,train
26542,4,train
26543,4,train
26544,4,train
26545,4,train
26546,4,train
26547,4,train
26549,4,train
26550,4,train
26551,4,train
26552,4,train
26553,4,train
26554,4,train
26555,4,train
26558,4,train
26559,4,train
26560,4,train
26561,4,train
26562,4,train
26564,4,train
26565,4,train
26567,4,train
26568,4,train
26569,4,train
26570,4,train
26571,4,train
26572,4,train
26573,4,train
26574,4,train
26577,4,train
26578,4,train
26581,4,train
26582,4,train
26585,4,train
26586,4,train
26587,4,train
26590,4,train
26593,4,train
26596,4,train
26597,4,train
26600,4,train
26602,4,train
26604,4,train
26606,4,train
26607,4,train
26609,4,train
26611,4,train
26614,4,train
26615,4,train
26618,4,train
26619,4,train
26621,4,train
26622,4,train
26623,4,train
26624,4,train
26625,4,train
26626,4,train
26628,4,train
26629,4,train
26630,4,train
26631,4,train
26632,4,train
26633,4,train
26634,4,train
26636,4,train
26638,4,train
26640,4,train
26641,4,train
26642,4,train
26644,4,train
26645,4,train
26647,4,train
26648,4,train
26649,4,train
26651,4,train
26653,4,train
26654,4,train
26655,4,train
26656,4,train
26660,4,train
26661,4,train
26662,4,train
26663,4,train
26666,4,train
26667,4,train
26668,4,train
26669,4,train
26670,4,train
26671,4,train
26672,4,train
26673,4,train
26675,4,train
26677,4,train
26680,4,train
26681,4,train
26684,4,train
26685,4,train
26687,4,train
26688,4,train
26689,4,train
26691,4,train
26692,4,train
26693,4,train
26695,4,train
26696,4,train
26698,4,train
26700,4,train
26702,4,train
26703,4,train
26704,4,train
26705,4,train
26706,4,train
26712,4,train
26713,4,train
26716,4,train
26717,4,train
26719,4,train
26720,4,train
26721,4,train
26722,4,train
26723,4,train
26725,4,train
26727,4,train
26728,4,train
26730,4,train
26732,4,train
26736,4,train
26737,4,train
26738,4,train
26739,4,train
26740,4,train
26743,4,train
26745,4,train
26750,4,train
26751,4,train
26752,4,train
26753,4,train
26754,4,train
26755,4,train
26756,4,train
26757,4,train
26759,4,train
26760,4,train
26762,4,train
26766,4,train
26767,4,train
26768,4,train
26769,4,train
26770,4,train
26772,4,train
26774,4,train
26775,4,train
26776,4,train
26777,4,train
26779,4,train
26781,4,train
26782,4,train
26783,4,train
26787,4,train
26788,4,train
26790,4,train
26791,4,train
26792,4,train
26794,4,train
26796,4,train
26797,4,train
26798,4,train
26799,4,train
26800,4,train
26801,4,train
26802,4,train
26803,4,train
26804,4,train
26806,4,train
26807,4,train
26808,4,train
26809,4,train
26810,4,train
26811,4,train
26812,4,train
26813,4,train
26814,4,train
26815,4,train
26817,4,train
26818,4,train
26819,4,train
26820,4,train
26821,4,train
26822,4,train
26823,4,train
26824,4,train
26826,4,train
26828,4,train
26830,4,train
26833,4,train
26835,4,train
26836,4,train
26837,4,train
26838,4,train
26839,4,train
26840,4,train
26841,4,train
26842,4,train
26845,4,train
26846,4,train
26848,4,train
26850,4,train
26851,4,train
26853,4,train
26854,4,train
26855,4,train
26856,4,train
26858,4,train
26860,4,train
26862,4,train
26863,4,train
26864,4,train
26866,4,train
26867,4,train
26868,4,train
26869,4,train
26871,4,train
26872,4,train
26873,4,train
26876,4,train
26877,4,train
26878,4,train
26879,4,train
26880,4,train
26881,4,train
26882,4,train
26883,4,train
26884,4,train
26885,4,train
26886,4,train
26889,4,train
26891,4,train
26893,4,train
26894,4,train
26896,4,train
26897,4,train
26898,4,train
26899,4,train
26900,4,train
26901,4,train
26904,4,train
26907,4,train
26908,4,train
26909,4,train
26910,4,train
26912,4,train
26913,4,train
26915,4,train
26916,4,train
26919,4,train
26920,4,train
26921,4,train
26922,4,train
26924,4,train
26925,4,train
26926,4,train
26927,4,train
26928,4,train
26929,4,train
26931,4,train
26932,4,train
26933,4,train
26935,4,train
26936,4,train
26937,4,train
26938,4,train
26940,4,train
26941,4,train
26943,4,train
26945,4,train
26946,4,train
26949,4,train
26950,4,train
26951,4,train
26952,4,train
26953,4,train
26955,4,train
26956,4,train
26958,4,train
26960,4,train
26961,4,train
27404,4,train
27408,4,train
27410,4,train
27414,4,train
27421,4,train
27423,4,train
27424,4,train
27426,4,train
27427,4,train
27428,4,train
27429,4,train
27430,4,train
27431,4,train
27432,4,train
27433,4,train
27434,4,train
27435,4,train
27436,4,train
27437,4,train
27439,4,train
27441,4,train
27442,4,train
27443,4,train
27444,4,train
27446,4,train
27447,4,train
27448,4,train
27450,4,train
27452,4,train
27453,4,train
27456,4,train
27457,4,train
27459,4,train
27460,4,train
27461,4,train
27462,4,train
27463,4,train
27464,4,train
27465,4,train
27466,4,train
27467,4,train
27470,4,train
27471,4,train
27473,4,train
27474,4,train
27475,4,train
27476,4,train
27479,4,train
27481,4,train
27482,4,train
27483,4,train
27484,4,train
27486,4,train
27488,4,train
27489,4,train
27490,4,train
27492,4,train
27493,4,train
27494,4,train
27495,4,train
27496,4,train
27497,4,train
27498,4,train
27501,4,train
27502,4,train
27506,4,train
27507,4,train
27509,4,train
27510,4,train
27511,4,train
27512,4,train
27513,4,train
27514,4,train
27515,4,train
27516,4,train
27518,4,train
27519,4,train
27520,4,train
27521,4,train
27522,4,train
27524,4,train
27526,4,train
27528,4,train
27529,4,train
27530,4,train
27533,4,train
27534,4,train
27535,4,train
27536,4,train
27537,4,train
27538,4,train
27539,4,train
27541,4,train
27542,4,train
27546,4,train
27547,4,train
27548,4,train
27549,4,train
27551,4,train
27553,4,train
27555,4,train
27556,4,train
27557,4,train
27558,4,train
27559,4,train
27560,4,train
27561,4,train
27562,4,train
27563,4,train
27564,4,train
27565,4,train
27566,4,train
27567,4,train
27568,4,train
27572,4,train
27574,4,train
27575,4,train
27577,4,train
27579,4,train
27580,4,train
27581,4,train
27582,4,train
27585,4,train
27586,4,train
27587,4,train
27589,4,train
27590,4,train
27591,4,train
27592,4,train
27594,4,train
27595,4,train
27597,4,train
27598,4,train
27599,4,train
27600,4,train
27602,4,train
27603,4,train
27604,4,train
27605,4,train
27606,4,train
27607,4,train
27610,4,train
27612,4,train
27614,4,train
27615,4,train
27616,4,train
27618,4,train
27619,4,train
27621,4,train
27623,4,train
27624,4,train
27625,4,train
27628,4,train
27629,4,train
27630,4,train
27631,4,train
27632,4,train
27634,4,train
27635,4,train
27636,4,train
27638,4,train
27639,4,train
27641,4,train
27643,4,train
27644,4,train
27645,4,train
27647,4,train
27649,4,train
27650,4,train
27652,4,train
27654,4,train
27655,4,train
27657,4,train
27658,4,train
27659,4,train
27661,4,train
27662,4,train
27663,4,train
27664,4,train
27666,4,train
27667,4,train
27668,4,train
27671,4,train
27673,4,train
27674,4,train
27675,4,train
27676,4,train
27678,4,train
27679,4,train
27680,4,train
27681,4,train
27682,4,train
27683,4,train
27684,4,train
27685,4,train
27686,4,train
27687,4,train
27688,4,train
27689,4,train
27690,4,train
27692,4,train
27695,4,train
27696,4,train
27698,4,train
27700,4,train
27701,4,train
27702,4,train
27704,4,train
27706,4,train
27710,4,train
27711,4,train
27712,4,train
27713,4,train
27714,4,train
27717,4,train
27718,4,train
27719,4,train
27722,4,train
27723,4,train
27724,4,train
27730,4,train
27731,4,train
27733,4,train
27734,4,train
27735,4,train
27736,4,train
27737,4,train
27738,4,train
27739,4,train
27740,4,train
27741,4,train
27742,4,train
27743,4,train
27744,4,train
27745,4,train
27746,4,train
27747,4,train
27748,4,train
27749,4,train
27750,4,train
27751,4,train
27752,4,train
27753,4,train
27754,4,train
27755,4,train
27756,4,train
27757,4,train
27758,4,train
27759,4,train
27760,4,train
27761,4,train
27763,4,train
27764,4,train
27766,4,train
27767,4,train
27768,4,train
27769,4,train
27771,4,train
27772,4,train
27773,4,train
27774,4,train
27775,4,train
27776,4,train
27777,4,train
27779,4,train
27780,4,train
27781,4,train
27782,4,train
27783,4,train
27784,4,train
27785,4,train
27786,4,train
27787,4,train
27788,4,train
27789,4,train
27790,4,train
27791,4,train
27792,4,train
27796,4,train
27800,4,train
27802,4,train
27804,4,train
27805,4,train
27809,4,train
27810,4,train
27812,4,train
27817,4,train
27819,4,train
27820,4,train
27825,4,train
27826,4,train
27827,4,train
27829,4,train
27830,4,train
27832,4,train
27833,4,train
27834,4,train
27835,4,train
27836,4,train
27837,4,train
27838,4,train
27840,4,train
27841,4,train
27842,4,train
27843,4,train
27844,4,train
27845,4,train
29173,4,train
29174,4,train
29175,4,train
29176,4,train
29177,4,train
29178,4,train
29179,4,train
29180,4,train
29181,4,train
29183,4,train
29185,4,train
29186,4,train
29187,4,train
29188,4,train
29190,4,train
29194,4,train
29196,4,train
29197,4,train
29198,4,train
29199,4,train
29200,4,train
29201,4,train
29202,4,train
29206,4,train
29208,4,train
29209,4,train
29210,4,train
29211,4,train
29212,4,train
29214,4,train
29216,4,train
29217,4,train
29218,4,train
29219,4,train
29220,4,train
29222,4,train
29223,4,train
29224,4,train
29226,4,train
29229,4,train
29230,4,train
29231,4,train
29232,4,train
29233,4,train
29234,4,train
29235,4,train
29237,4,train
29239,4,train
29240,4,train
29241,4,train
29242,4,train
29243,4,train
29244,4,train
29245,4,train
29246,4,train
29247,4,train
29248,4,train
29249,4,train
29250,4,train
29251,4,train
29252,4,train
29253,4,train
29255,4,train
29256,4,train
29257,4,train
29258,4,train
29259,4,train
29260,4,train
29262,4,train
29265,4,train
29266,4,train
29267,4,train
29268,4,train
29269,4,train
29270,4,train
29271,4,train
29272,4,train
29274,4,train
29276,4,train
29279,4,train
29280,4,train
29281,4,train
29282,4,train
29285,4,train
29287,4,train
29288,4,train
29289,4,train
29290,4,train
29291,4,train
29293,4,train
29294,4,train
29295,4,train
29296,4,train
29297,4,train
29299,4,train
29300,4,train
29301,4,train
29302,4,train
29303,4,train
29304,4,train
29305,4,train
29306,4,train
29307,4,train
29308,4,train
29311,4,train
29312,4,train
29313,4,train
29314,4,train
29315,4,train
29316,4,train
29318,4,train
29319,4,train
29320,4,train
29321,4,train
29322,4,train
29324,4,train
29325,4,train
29326,4,train
29330,4,train
29331,4,train
29332,4,train
29333,4,train
29335,4,train
29336,4,train
29338,4,train
29340,4,train
29342,4,train
29343,4,train
29344,4,train
29345,4,train
29347,4,train
29348,4,train
29350,4,train
29351,4,train
29352,4,train
29353,4,train
29355,4,train
29357,4,train
29358,4,train
29359,4,train
29360,4,train
29361,4,train
29362,4,train
29363,4,train
29364,4,train
29365,4,train
29366,4,train
29367,4,train
29369,4,train
29370,4,train
29372,4,train
29373,4,train
29374,4,train
29375,4,train
29379,4,train
29380,4,train
29382,4,train
29384,4,train
29386,4,train
29388,4,train
29390,4,train
29391,4,train
29392,4,train
29393,4,train
29394,4,train
29395,4,train
29396,4,train
29397,4,train
29398,4,train
29399,4,train
29400,4,train
29401,4,train
29402,4,train
29403,4,train
29404,4,train
29405,4,train
29408,4,train
29409,4,train
29410,4,train
29411,4,train
29412,4,train
29413,4,train
29416,4,train
29419,4,train
29420,4,train
29421,4,train
29423,4,train
29424,4,train
29426,4,train
29428,4,train
29430,4,train
29432,4,train
29433,4,train
29434,4,train
29436,4,train
29437,4,train
29438,4,train
29439,4,train
29440,4,train
29441,4,train
29442,4,train
29443,4,train
29444,4,train
29445,4,train
29446,4,train
29447,4,train
29448,4,train
29451,4,train
29454,4,train
29455,4,train
29458,4,train
29460,4,train
29461,4,train
29463,4,train
29464,4,train
29465,4,train
29466,4,train
29467,4,train
29469,4,train
29470,4,train
29473,4,train
29476,4,train
29477,4,train
29478,4,train
29479,4,train
29481,4,train
29482,4,train
29484,4,train
29486,4,train
29487,4,train
29488,4,train
29490,4,train
29491,4,train
29492,4,train
29493,4,train
29495,4,train
29497,4,train
29498,4,train
29499,4,train
29500,4,train
29502,4,train
29503,4,train
29508,4,train
29509,4,train
29513,4,train
29515,4,train
29517,4,train
29519,4,train
29520,4,train
29521,4,train
29525,4,train
29526,4,train
29527,4,train
29528,4,train
29529,4,train
29530,4,train
29532,4,train
29534,4,train
29535,4,train
29536,4,train
29537,4,train
29538,4,train
29539,4,train
29541,4,train
29543,4,train
29544,4,train
29545,4,train
29546,4,train
29547,4,train
29548,4,train
29549,4,train
29551,4,train
29553,4,train
29554,4,train
29555,4,train
29556,4,train
29560,4,train
29561,4,train
29562,4,train
29563,4,train
29564,4,train
29565,4,train
29566,4,train
29568,4,train
29570,4,train
29573,4,train
29574,4,train
29576,4,train
29577,4,train
29578,4,train
29579,4,train
29580,4,train
29581,4,train
29583,4,train
29585,4,train
29586,4,train
29587,4,train
29588,4,train
29590,4,train
29591,4,train
29593,4,train
29594,4,train
29595,4,train
29598,4,train
29599,4,train
29600,4,train
29602,4,train
29603,4,train
29605,4,train
29606,4,train
29609,4,train
29611,4,train
29612,4,train
29613,4,train
29615,4,train
29616,4,train
29618,4,train
29620,4,train
29621,4,train
29624,4,train
29625,4,train
29627,4,train
29628,4,train
29630,4,train
29632,4,train
29633,4,train
29634,4,train
29635,4,train
29636,4,train
29637,4,train
29638,4,train
29639,4,train
29641,4,train
29645,4,train
29647,4,train
29648,4,train
29650,4,train
29651,4,train
29652,4,train
29653,4,train
29656,4,train
29657,4,train
29658,4,train
29659,4,train
29660,4,train
29661,4,train
29665,4,train
29666,4,train
29667,4,train
29668,4,train
29669,4,train
29674,4,train
29675,4,train
29676,4,train
29677,4,train
29678,4,train
29679,4,train
29681,4,train
29682,4,train
29686,4,train
29688,4,train
29690,4,train
29691,4,train
29692,4,train
29693,4,train
29694,4,train
29695,4,train
29697,4,train
29698,4,train
29699,4,train
29702,4,train
29703,4,train
29704,4,train
29706,4,train
29707,4,train
29710,4,train
29711,4,train
29712,4,train
29713,4,train
29714,4,train
29715,4,train
29716,4,train
29717,4,train
29719,4,train
29720,4,train
29721,4,train
29722,4,train
29723,4,train
29724,4,train
29725,4,train
29726,4,train
29727,4,train
29730,4,train
29731,4,train
29732,4,train
29733,4,train
29734,4,train
29736,4,train
29737,4,train
29738,4,train
29739,4,train
29740,4,train
29741,4,train
29742,4,train
29743,4,train
29748,4,train
29749,4,train
29750,4,train
29752,4,train
29754,4,train
29755,4,train
29758,4,train
29764,4,train
29765,4,train
29766,4,train
29767,4,train
29768,4,train
29769,4,train
29771,4,train
29772,4,train
29773,4,train
29774,4,train
29775,4,train
29776,4,train
29777,4,train
29778,4,train
29779,4,train
29780,4,train
29784,4,train
29785,4,train
29787,4,train
29789,4,train
29790,4,train
29791,4,train
29793,4,train
29794,4,train
29796,4,train
29797,4,train
29798,4,train
29799,4,train
29800,4,train
29801,4,train
29802,4,train
29803,4,train
29806,4,train
29807,4,train
29808,4,train
29809,4,train
29810,4,train
29812,4,train
29814,4,train
29816,4,train
29817,4,train
29819,4,train
29821,4,train
29822,4,train
29825,4,train
29826,4,train
29831,4,train
29832,4,train
29833,4,train
29834,4,train
29835,4,train
29837,4,train
29838,4,train
29840,4,train
29841,4,train
29842,4,train
29844,4,train
29845,4,train
29846,4,train
29848,4,train
29849,4,train
29850,4,train
29852,4,train
29853,4,train
29854,4,train
29856,4,train
29857,4,train
29858,4,train
29859,4,train
29861,4,train
29862,4,train
29865,4,train
29866,4,train
29868,4,train
29869,4,train
29870,4,train
29872,4,train
29873,4,train
29877,4,train
29878,4,train
29879,4,train
29880,4,train
29882,4,train
29883,4,train
29885,4,train
29887,4,train
29890,4,train
29891,4,train
29892,4,train
29894,4,train
29896,4,train
29897,4,train
29898,4,train
29899,4,train
29900,4,train
29903,4,train
29904,4,train
29905,4,train
29907,4,train
29908,4,train
29909,4,train
29910,4,train
29911,4,train
29912,4,train
29913,4,train
29915,4,train
29918,4,train
29919,4,train
29920,4,train
29921,4,train
29922,4,train
29923,4,train
29924,4,train
29925,4,train
29926,4,train
29927,4,train
29928,4,train
29929,4,train
29930,4,train
29931,4,train
29933,4,train
29934,4,train
29936,4,train
29937,4,train
29938,4,train
29939,4,train
29940,4,train
29944,4,train
29945,4,train
29946,4,train
29948,4,train
29950,4,train
29951,4,train
29952,4,train
29953,4,train
29955,4,train
29958,4,train
29959,4,train
29960,4,train
29961,4,train
29962,4,train
29964,4,train
29966,4,train
29967,4,train
29968,4,train
29969,4,train
29970,4,train
29971,4,train
29972,4,train
29973,4,train
29974,4,train
29975,4,train
29976,4,train
29977,4,train
29983,4,train
29984,4,train
29985,4,train
29986,4,train
29988,4,train
29989,4,train
29990,4,train
29991,4,train
29993,4,train
29994,4,train
29995,4,train
29996,4,train
29998,4,train
30000,4,train
30001,4,train
30002,4,train
30003,4,train
30004,4,train
30005,4,train
30006,4,train
30007,4,train
30008,4,train
30009,4,train
30010,4,train
30011,4,train
30012,4,train
30013,4,train
30014,4,train
30015,4,train
30016,4,train
30017,4,train
30018,4,train
30019,4,train
30020,4,train
30022,4,train
30023,4,train
30025,4,train
30026,4,train
30027,4,train
30028,4,train
30029,4,train
30031,4,train
30033,4,train
30034,4,train
30035,4,train
30036,4,train
30037,4,train
30038,4,train
30039,4,train
30040,4,train
30041,4,train
30042,4,train
30045,4,train
30046,4,train
30048,4,train
30049,4,train
30050,4,train
30051,4,train
30052,4,train
30053,4,train
30054,4,train
2654,4,val
2660,4,val
2664,4,val
2666,4,val
2670,4,val
2676,4,val
2679,4,val
2684,4,val
2717,4,val
2724,4,val
2727,4,val
2734,4,val
2736,4,val
2739,4,val
2753,4,val
2761,4,val
2799,4,val
2801,4,val
2808,4,val
2809,4,val
2841,4,val
2848,4,val
2872,4,val
2874,4,val
2889,4,val
2898,4,val
2925,4,val
2936,4,val
2941,4,val
2949,4,val
2972,4,val
2980,4,val
2995,4,val
2996,4,val
2997,4,val
2998,4,val
3002,4,val
3008,4,val
3014,4,val
3015,4,val
3019,4,val
3022,4,val
3028,4,val
3030,4,val
3053,4,val
3054,4,val
3065,4,val
3068,4,val
3071,4,val
3075,4,val
3089,4,val
3093,4,val
6194,4,val
6214,4,val
6221,4,val
6222,4,val
6227,4,val
6242,4,val
6246,4,val
6248,4,val
6262,4,val
6285,4,val
6295,4,val
6313,4,val
6325,4,val
6335,4,val
6342,4,val
6346,4,val
6352,4,val
6357,4,val
6367,4,val
6387,4,val
6396,4,val
6413,4,val
6440,4,val
6453,4,val
6456,4,val
6473,4,val
6478,4,val
6499,4,val
6503,4,val
6509,4,val
6517,4,val
6518,4,val
6524,4,val
6531,4,val
6537,4,val
6546,4,val
6555,4,val
6578,4,val
6596,4,val
6626,4,val
6641,4,val
6663,4,val
6684,4,val
6688,4,val
6693,4,val
6694,4,val
6713,4,val
6715,4,val
6727,4,val
6755,4,val
6758,4,val
6759,4,val
6763,4,val
6765,4,val
6766,4,val
6769,4,val
6771,4,val
6794,4,val
6796,4,val
6800,4,val
6819,4,val
6822,4,val
6823,4,val
6829,4,val
6834,4,val
6838,4,val
6843,4,val
6850,4,val
6863,4,val
6875,4,val
6881,4,val
6889,4,val
6893,4,val
6906,4,val
6927,4,val
6989,4,val
6991,4,val
7014,4,val
7023,4,val
7054,4,val
7055,4,val
7065,4,val
7531,4,val
7541,4,val
7542,4,val
7547,4,val
7551,4,val
7571,4,val
7572,4,val
7580,4,val
7587,4,val
7589,4,val
7590,4,val
7605,4,val
7607,4,val
7619,4,val
7631,4,val
7638,4,val
7640,4,val
7649,4,val
7667,4,val
7675,4,val
7679,4,val
7689,4,val
7711,4,val
7733,4,val
7750,4,val
7754,4,val
7792,4,val
7793,4,val
7796,4,val
7800,4,val
7801,4,val
7803,4,val
7806,4,val
7815,4,val
7847,4,val
7851,4,val
7853,4,val
7854,4,val
7877,4,val
7892,4,val
7923,4,val
7938,4,val
8850,4,val
8863,4,val
8874,4,val
8882,4,val
8891,4,val
8916,4,val
8918,4,val
8920,4,val
8930,4,val
8943,4,val
8952,4,val
8956,4,val
8959,4,val
8960,4,val
8968,4,val
8970,4,val
8978,4,val
8989,4,val
9017,4,val
9029,4,val
9042,4,val
9057,4,val
9062,4,val
9064,4,val
9066,4,val
9070,4,val
9073,4,val
9074,4,val
9081,4,val
9089,4,val
9097,4,val
9108,4,val
9110,4,val
9122,4,val
9156,4,val
9165,4,val
9172,4,val
9181,4,val
9185,4,val
9188,4,val
9199,4,val
9223,4,val
9239,4,val
9255,4,val
9262,4,val
9267,4,val
9271,4,val
9275,4,val
9750,4,val
9774,4,val
9779,4,val
9800,4,val
9802,4,val
9805,4,val
9813,4,val
9818,4,val
9828,4,val
9832,4,val
9839,4,val
9842,4,val
9850,4,val
9878,4,val
9894,4,val
9901,4,val
9908,4,val
9915,4,val
9924,4,val
9952,4,val
9968,4,val
9985,4,val
9999,4,val
10011,4,val
10027,4,val
10039,4,val
10045,4,val
10048,4,val
10053,4,val
10061,4,val
10063,4,val
10072,4,val
10083,4,val
10084,4,val
10088,4,val
10095,4,val
10107,4,val
10110,4,val
10132,4,val
10136,4,val
10163,4,val
13715,4,val
13752,4,val
13764,4,val
13772,4,val
13774,4,val
13791,4,val
13809,4,val
13826,4,val
13869,4,val
13901,4,val
13905,4,val
13906,4,val
13922,4,val
13943,4,val
13945,4,val
13981,4,val
13988,4,val
13990,4,val
14010,4,val
14020,4,val
14028,4,val
14030,4,val
14032,4,val
14052,4,val
14077,4,val
14085,4,val
14091,4,val
14095,4,val
14106,4,val
14111,4,val
14128,4,val
15921,4,val
15928,4,val
15929,4,val
15934,4,val
15940,4,val
15945,4,val
15946,4,val
15960,4,val
15965,4,val
15966,4,val
15973,4,val
15977,4,val
15979,4,val
15988,4,val
15995,4,val
16005,4,val
16007,4,val
16027,4,val
16043,4,val
16050,4,val
16060,4,val
16079,4,val
16083,4,val
16094,4,val
16116,4,val
16123,4,val
16128,4,val
16137,4,val
16146,4,val
16148,4,val
16149,4,val
16172,4,val
16178,4,val
16183,4,val
16191,4,val
16193,4,val
16195,4,val
16197,4,val
16198,4,val
16201,4,val
16203,4,val
16209,4,val
16210,4,val
16223,4,val
16225,4,val
16226,4,val
16230,4,val
16239,4,val
16245,4,val
16261,4,val
16262,4,val
16273,4,val
16276,4,val
16283,4,val
16285,4,val
16297,4,val
16302,4,val
16308,4,val
19459,4,val
19472,4,val
19473,4,val
19479,4,val
19482,4,val
19484,4,val
19490,4,val
19505,4,val
19518,4,val
19530,4,val
19534,4,val
19537,4,val
19554,4,val
19560,4,val
19562,4,val
19565,4,val
19577,4,val
19598,4,val
19617,4,val
19629,4,val
19642,4,val
19648,4,val
19652,4,val
19660,4,val
19663,4,val
19666,4,val
19685,4,val
19689,4,val
19695,4,val
19717,4,val
19722,4,val
19732,4,val
19734,4,val
19739,4,val
19745,4,val
19779,4,val
19791,4,val
19800,4,val
19826,4,val
19836,4,val
19839,4,val
19850,4,val
19861,4,val
19873,4,val
19884,4,val
20788,4,val
20789,4,val
20800,4,val
20801,4,val
20823,4,val
20830,4,val
20836,4,val
20837,4,val
20841,4,val
20871,4,val
20876,4,val
20892,4,val
20899,4,val
20918,4,val
20946,4,val
20947,4,val
20954,4,val
20971,4,val
20976,4,val
20998,4,val
21002,4,val
21004,4,val
21043,4,val
21050,4,val
21054,4,val
21055,4,val
21057,4,val
21061,4,val
21067,4,val
21099,4,val
21111,4,val
21136,4,val
21139,4,val
21140,4,val
21170,4,val
21173,4,val
21176,4,val
21183,4,val
21184,4,val
21191,4,val
21197,4,val
21211,4,val
21214,4,val
22550,4,val
22558,4,val
22563,4,val
22569,4,val
22574,4,val
22582,4,val
22588,4,val
22595,4,val
22600,4,val
22625,4,val
22628,4,val
22629,4,val
22631,4,val
22644,4,val
22645,4,val
22647,4,val
22663,4,val
22671,4,val
22673,4,val
22679,4,val
22696,4,val
22705,4,val
22712,4,val
22716,4,val
22734,4,val
22755,4,val
22757,4,val
22769,4,val
22798,4,val
22800,4,val
22802,4,val
22812,4,val
22824,4,val
22825,4,val
22830,4,val
22835,4,val
22837,4,val
22848,4,val
22893,4,val
22901,4,val
22909,4,val
22915,4,val
22917,4,val
22918,4,val
22926,4,val
22934,4,val
22946,4,val
22951,4,val
22953,4,val
22955,4,val
22969,4,val
22970,4,val
22979,4,val
24311,4,val
24337,4,val
24342,4,val
24352,4,val
24362,4,val
24372,4,val
24399,4,val
24402,4,val
24406,4,val
24444,4,val
24461,4,val
24466,4,val
24493,4,val
24495,4,val
24506,4,val
24508,4,val
24522,4,val
24535,4,val
24565,4,val
24594,4,val
24598,4,val
24621,4,val
24628,4,val
24636,4,val
24638,4,val
24639,4,val
24646,4,val
24652,4,val
24656,4,val
24662,4,val
24666,4,val
24681,4,val
24683,4,val
24694,4,val
24697,4,val
24706,4,val
24711,4,val
26524,4,val
26525,4,val
26535,4,val
26538,4,val
26557,4,val
26563,4,val
26566,4,val
26588,4,val
26595,4,val
26613,4,val
26620,4,val
26635,4,val
26643,4,val
26657,4,val
26674,4,val
26676,4,val
26678,4,val
26679,4,val
26686,4,val
26697,4,val
26715,4,val
26731,4,val
26748,4,val
26764,4,val
26780,4,val
26784,4,val
26786,4,val
26789,4,val
26795,4,val
26831,4,val
26834,4,val
26849,4,val
26852,4,val
26857,4,val
26861,4,val
26865,4,val
26870,4,val
26903,4,val
26917,4,val
26934,4,val
26948,4,val
26954,4,val
26957,4,val
26959,4,val
27409,4,val
27411,4,val
27413,4,val
27418,4,val
27419,4,val
27455,4,val
27480,4,val
27503,4,val
27517,4,val
27523,4,val
27525,4,val
27532,4,val
27544,4,val
27569,4,val
27571,4,val
27583,4,val
27617,4,val
27637,4,val
27648,4,val
27653,4,val
27660,4,val
27665,4,val
27670,4,val
27672,4,val
27691,4,val
27705,4,val
27707,4,val
27709,4,val
27716,4,val
27720,4,val
27721,4,val
27732,4,val
27778,4,val
27793,4,val
27795,4,val
27815,4,val
27823,4,val
27831,4,val
29182,4,val
29184,4,val
29189,4,val
29193,4,val
29195,4,val
29204,4,val
29225,4,val
29236,4,val
29254,4,val
29275,4,val
29283,4,val
29284,4,val
29286,4,val
29292,4,val
29328,4,val
29339,4,val
29341,4,val
29349,4,val
29356,4,val
29376,4,val
29383,4,val
29385,4,val
29429,4,val
29449,4,val
29450,4,val
29453,4,val
29457,4,val
29472,4,val
29483,4,val
29496,4,val
29507,4,val
29510,4,val
29518,4,val
29522,4,val
29542,4,val
29550,4,val
29558,4,val
29567,4,val
29572,4,val
29575,4,val
29582,4,val
29584,4,val
29592,4,val
29596,4,val
29610,4,val
29643,4,val
29644,4,val
29649,4,val
29671,4,val
29672,4,val
29673,4,val
29683,4,val
29687,4,val
29689,4,val
29696,4,val
29701,4,val
29709,4,val
29718,4,val
29744,4,val
29751,4,val
29757,4,val
29760,4,val
29761,4,val
29763,4,val
29781,4,val
29792,4,val
29805,4,val
29815,4,val
29823,4,val
29827,4,val
29829,4,val
29830,4,val
29851,4,val
29860,4,val
29871,4,val
29902,4,val
29916,4,val
29942,4,val
29943,4,val
29947,4,val
29956,4,val
29957,4,val
29963,4,val
29978,4,val
29979,4,val
29980,4,val
29982,4,val
29992,4,val
29999,4,val
30030,4,val
30044,4,val
30047,4,val
30055,4,val
2656,4,test
2659,4,test
2668,4,test
2671,4,test
2675,4,test
2680,4,test
2681,4,test
2689,4,test
2692,4,test
2693,4,test
2704,4,test
2713,4,test
2715,4,test
2716,4,test
2718,4,test
2732,4,test
2742,4,test
2749,4,test
2756,4,test
2762,4,test
2771,4,test
2777,4,test
2779,4,test
2781,4,test
2803,4,test
2814,4,test
2826,4,test
2829,4,test
2830,4,test
2842,4,test
2843,4,test
2844,4,test
2845,4,test
2846,4,test
2853,4,test
2859,4,test
2865,4,test
2881,4,test
2893,4,test
2894,4,test
2903,4,test
2911,4,test
2913,4,test
2919,4,test
2922,4,test
2924,4,test
2942,4,test
2943,4,test
2944,4,test
2947,4,test
2948,4,test
2952,4,test
2955,4,test
2956,4,test
2960,4,test
2968,4,test
2970,4,test
2976,4,test
2981,4,test
2987,4,test
2993,4,test
3003,4,test
3007,4,test
3017,4,test
3020,4,test
3031,4,test
3034,4,test
3041,4,test
3042,4,test
3050,4,test
3055,4,test
3057,4,test
3058,4,test
3064,4,test
3082,4,test
3084,4,test
3086,4,test
6189,4,test
6197,4,test
6198,4,test
6204,4,test
6206,4,test
6212,4,test
6217,4,test
6218,4,test
6224,4,test
6232,4,test
6238,4,test
6239,4,test
6245,4,test
6251,4,test
6266,4,test
6268,4,test
6269,4,test
6271,4,test
6272,4,test
6273,4,test
6275,4,test
6280,4,test
6284,4,test
6286,4,test
6290,4,test
6293,4,test
6297,4,test
6305,4,test
6308,4,test
6311,4,test
6315,4,test
6326,4,test
6336,4,test
6339,4,test
6340,4,test
6345,4,test
6350,4,test
6356,4,test
6366,4,test
6375,4,test
6376,4,test
6381,4,test
6388,4,test
6398,4,test
6404,4,test
6407,4,test
6408,4,test
6417,4,test
6418,4,test
6419,4,test
6428,4,test
6433,4,test
6442,4,test
6444,4,test
6447,4,test
6451,4,test
6465,4,test
6476,4,test
6477,4,test
6479,4,test
6484,4,test
6486,4,test
6487,4,test
6489,4,test
6495,4,test
6498,4,test
6500,4,test
6505,4,test
6506,4,test
6511,4,test
6513,4,test
6525,4,test
6527,4,test
6529,4,test
6533,4,test
6534,4,test
6535,4,test
6536,4,test
6538,4,test
6544,4,test
6548,4,test
6550,4,test
6551,4,test
6556,4,test
6560,4,test
6567,4,test
6580,4,test
6589,4,test
6591,4,test
6598,4,test
6599,4,test
6606,4,test
6624,4,test
6625,4,test
6627,4,test
6628,4,test
6632,4,test
6648,4,test
6650,4,test
6651,4,test
6653,4,test
6656,4,test
6665,4,test
6677,4,test
6680,4,test
6682,4,test
6685,4,test
6698,4,test
6701,4,test
6707,4,test
6709,4,test
6711,4,test
6719,4,test
6731,4,test
6735,4,test
6738,4,test
6740,4,test
6744,4,test
6752,4,test
6754,4,test
6756,4,test
6768,4,test
6775,4,test
6776,4,test
6786,4,test
6790,4,test
6797,4,test
6809,4,test
6811,4,test
6816,4,test
6831,4,test
6836,4,test
6845,4,test
6847,4,test
6849,4,test
6851,4,test
6852,4,test
6866,4,test
6872,4,test
6878,4,test
6880,4,test
6887,4,test
6892,4,test
6894,4,test
6895,4,test
6898,4,test
6904,4,test
6909,4,test
6912,4,test
6913,4,test
6914,4,test
6916,4,test
6922,4,test
6925,4,test
6930,4,test
6938,4,test
6939,4,test
6943,4,test
6945,4,test
6949,4,test
6951,4,test
6956,4,test
6959,4,test
6961,4,test
6964,4,test
6965,4,test
6966,4,test
6967,4,test
6969,4,test
6971,4,test
6983,4,test
6985,4,test
6988,4,test
6992,4,test
6999,4,test
7009,4,test
7012,4,test
7015,4,test
7021,4,test
7027,4,test
7029,4,test
7030,4,test
7033,4,test
7038,4,test
7056,4,test
7517,4,test
7521,4,test
7522,4,test
7524,4,test
7526,4,test
7530,4,test
7532,4,test
7534,4,test
7535,4,test
7545,4,test
7550,4,test
7552,4,test
7559,4,test
7560,4,test
7565,4,test
7570,4,test
7578,4,test
7579,4,test
7584,4,test
7585,4,test
7594,4,test
7595,4,test
7601,4,test
7602,4,test
7614,4,test
7616,4,test
7621,4,test
7624,4,test
7627,4,test
7629,4,test
7657,4,test
7658,4,test
7659,4,test
7660,4,test
7662,4,test
7665,4,test
7677,4,test
7684,4,test
7687,4,test
7699,4,test
7701,4,test
7707,4,test
7714,4,test
7716,4,test
7722,4,test
7740,4,test
7743,4,test
7744,4,test
7747,4,test
7749,4,test
7751,4,test
7752,4,test
7755,4,test
7756,4,test
7762,4,test
7765,4,test
7768,4,test
7774,4,test
7784,4,test
7786,4,test
7788,4,test
7791,4,test
7797,4,test
7810,4,test
7823,4,test
7830,4,test
7831,4,test
7838,4,test
7839,4,test
7844,4,test
7852,4,test
7855,4,test
7873,4,test
7880,4,test
7882,4,test
7883,4,test
7900,4,test
7907,4,test
7911,4,test
7918,4,test
7925,4,test
7927,4,test
7932,4,test
7936,4,test
7937,4,test
7945,4,test
7948,4,test
7949,4,test
7953,4,test
8845,4,test
8846,4,test
8857,4,test
8869,4,test
8876,4,test
8878,4,test
8881,4,test
8890,4,test
8894,4,test
8908,4,test
8911,4,test
8915,4,test
8927,4,test
8931,4,test
8936,4,test
8938,4,test
8941,4,test
8942,4,test
8948,4,test
8950,4,test
8954,4,test
8955,4,test
8958,4,test
8971,4,test
8975,4,test
8983,4,test
8987,4,test
8993,4,test
8997,4,test
9000,4,test
9004,4,test
9005,4,test
9020,4,test
9021,4,test
9024,4,test
9028,4,test
9031,4,test
9061,4,test
9071,4,test
9080,4,test
9082,4,test
9085,4,test
9086,4,test
9090,4,test
9093,4,test
9107,4,test
9117,4,test
9123,4,test
9141,4,test
9145,4,test
9147,4,test
9153,4,test
9169,4,test
9178,4,test
9180,4,test
9183,4,test
9197,4,test
9203,4,test
9206,4,test
9207,4,test
9212,4,test
9218,4,test
9224,4,test
9226,4,test
9229,4,test
9230,4,test
9233,4,test
9243,4,test
9244,4,test
9247,4,test
9250,4,test
9258,4,test
9260,4,test
9263,4,test
9270,4,test
9272,4,test
9273,4,test
9276,4,test
9280,4,test
9725,4,test
9727,4,test
9733,4,test
9736,4,test
9740,4,test
9744,4,test
9749,4,test
9758,4,test
9762,4,test
9769,4,test
9776,4,test
9780,4,test
9785,4,test
9797,4,test
9799,4,test
9804,4,test
9809,4,test
9814,4,test
9819,4,test
9837,4,test
9841,4,test
9848,4,test
9851,4,test
9858,4,test
9870,4,test
9875,4,test
9881,4,test
9883,4,test
9885,4,test
9892,4,test
9904,4,test
9906,4,test
9914,4,test
9922,4,test
9929,4,test
9935,4,test
9940,4,test
9944,4,test
9949,4,test
9954,4,test
9965,4,test
9969,4,test
9973,4,test
9978,4,test
9980,4,test
9982,4,test
9984,4,test
9992,4,test
10000,4,test
10001,4,test
10004,4,test
10007,4,test
10016,4,test
10040,4,test
10041,4,test
10049,4,test
10051,4,test
10052,4,test
10064,4,test
10067,4,test
10073,4,test
10080,4,test
10081,4,test
10082,4,test
10085,4,test
10087,4,test
10092,4,test
10093,4,test
10096,4,test
10101,4,test
10105,4,test
10116,4,test
10120,4,test
10124,4,test
10126,4,test
10127,4,test
10135,4,test
10143,4,test
10153,4,test
10155,4,test
10157,4,test
10162,4,test
13705,4,test
13706,4,test
13711,4,test
13713,4,test
13724,4,test
13728,4,test
13735,4,test
13736,4,test
13740,4,test
13742,4,test
13744,4,test
13757,4,test
13768,4,test
13771,4,test
13777,4,test
13782,4,test
13796,4,test
13798,4,test
13806,4,test
13817,4,test
13818,4,test
13830,4,test
13832,4,test
13835,4,test
13837,4,test
13838,4,test
13848,4,test
13855,4,test
13857,4,test
13862,4,test
13864,4,test
13865,4,test
13868,4,test
13871,4,test
13872,4,test
13879,4,test
13891,4,test
13892,4,test
13895,4,test
13897,4,test
13909,4,test
13910,4,test
13916,4,test
13924,4,test
13927,4,test
13929,4,test
13941,4,test
13942,4,test
13944,4,test
13949,4,test
13951,4,test
13952,4,test
13956,4,test
13958,4,test
13961,4,test
13968,4,test
13986,4,test
13987,4,test
13989,4,test
13991,4,test
13995,4,test
14000,4,test
14001,4,test
14007,4,test
14013,4,test
14014,4,test
14016,4,test
14019,4,test
14021,4,test
14023,4,test
14037,4,test
14040,4,test
14043,4,test
14047,4,test
14055,4,test
14057,4,test
14061,4,test
14064,4,test
14065,4,test
14066,4,test
14070,4,test
14083,4,test
14086,4,test
14094,4,test
14096,4,test
14100,4,test
14104,4,test
14110,4,test
14118,4,test
14124,4,test
15912,4,test
15917,4,test
15919,4,test
15923,4,test
15927,4,test
15931,4,test
15933,4,test
15943,4,test
15944,4,test
15962,4,test
15968,4,test
15969,4,test
15976,4,test
15978,4,test
15980,4,test
15982,4,test
15985,4,test
16001,4,test
16003,4,test
16004,4,test
16008,4,test
16009,4,test
16010,4,test
16011,4,test
16017,4,test
16020,4,test
16030,4,test
16032,4,test
16033,4,test
16034,4,test
16041,4,test
16042,4,test
16047,4,test
16048,4,test
16049,4,test
16051,4,test
16053,4,test
16065,4,test
16066,4,test
16095,4,test
16102,4,test
16104,4,test
16106,4,test
16117,4,test
16122,4,test
16127,4,test
16130,4,test
16135,4,test
16138,4,test
16141,4,test
16162,4,test
16165,4,test
16168,4,test
16173,4,test
16176,4,test
16186,4,test
16188,4,test
16192,4,test
16196,4,test
16200,4,test
16204,4,test
16206,4,test
16207,4,test
16211,4,test
16212,4,test
16216,4,test
16219,4,test
16221,4,test
16229,4,test
16234,4,test
16235,4,test
16244,4,test
16246,4,test
16251,4,test
16252,4,test
16257,4,test
16263,4,test
16274,4,test
16282,4,test
16284,4,test
16287,4,test
16292,4,test
16300,4,test
16306,4,test
16310,4,test
16313,4,test
16322,4,test
16328,4,test
16329,4,test
16330,4,test
16332,4,test
16333,4,test
16335,4,test
16350,4,test
19453,4,test
19461,4,test
19470,4,test
19471,4,test
19477,4,test
19480,4,test
19483,4,test
19485,4,test
19492,4,test
19501,4,test
19509,4,test
19511,4,test
19520,4,test
19522,4,test
19528,4,test
19542,4,test
19544,4,test
19545,4,test
19546,4,test
19556,4,test
19574,4,test
19576,4,test
19578,4,test
19584,4,test
19586,4,test
19591,4,test
19593,4,test
19595,4,test
19597,4,test
19613,4,test
19622,4,test
19623,4,test
19646,4,test
19647,4,test
19658,4,test
19667,4,test
19668,4,test
19671,4,test
19674,4,test
19686,4,test
19688,4,test
19699,4,test
19701,4,test
19703,4,test
19710,4,test
19711,4,test
19716,4,test
19719,4,test
19721,4,test
19723,4,test
19726,4,test
19727,4,test
19729,4,test
19737,4,test
19738,4,test
19753,4,test
19756,4,test
19765,4,test
19768,4,test
19773,4,test
19777,4,test
19781,4,test
19793,4,test
19798,4,test
19814,4,test
19818,4,test
19820,4,test
19824,4,test
19830,4,test
19831,4,test
19832,4,test
19837,4,test
19838,4,test
19845,4,test
19846,4,test
19849,4,test
19853,4,test
19859,4,test
19863,4,test
19864,4,test
19870,4,test
19871,4,test
19879,4,test
19881,4,test
19883,4,test
20775,4,test
20777,4,test
20781,4,test
20784,4,test
20786,4,test
20790,4,test
20797,4,test
20798,4,test
20807,4,test
20810,4,test
20813,4,test
20822,4,test
20824,4,test
20828,4,test
20839,4,test
20840,4,test
20843,4,test
20845,4,test
20851,4,test
20853,4,test
20855,4,test
20856,4,test
20862,4,test
20867,4,test
20870,4,test
20872,4,test
20873,4,test
20875,4,test
20878,4,test
20881,4,test
20886,4,test
20887,4,test
20893,4,test
20898,4,test
20900,4,test
20908,4,test
20913,4,test
20916,4,test
20919,4,test
20921,4,test
20922,4,test
20925,4,test
20943,4,test
20952,4,test
20956,4,test
20960,4,test
20962,4,test
20969,4,test
20978,4,test
20984,4,test
20987,4,test
20992,4,test
20996,4,test
21003,4,test
21010,4,test
21013,4,test
21018,4,test
21020,4,test
21028,4,test
21031,4,test
21038,4,test
21044,4,test
21063,4,test
21066,4,test
21077,4,test
21088,4,test
21095,4,test
21098,4,test
21100,4,test
21101,4,test
21103,4,test
21120,4,test
21128,4,test
21132,4,test
21142,4,test
21144,4,test
21150,4,test
21151,4,test
21155,4,test
21163,4,test
21164,4,test
21166,4,test
21182,4,test
21198,4,test
21205,4,test
21206,4,test
21207,4,test
21209,4,test
22542,4,test
22546,4,test
22553,4,test
22554,4,test
22559,4,test
22566,4,test
22567,4,test
22568,4,test
22572,4,test
22577,4,test
22580,4,test
22584,4,test
22594,4,test
22599,4,test
22604,4,test
22606,4,test
22608,4,test
22618,4,test
22622,4,test
22623,4,test
22624,4,test
22626,4,test
22636,4,test
22640,4,test
22649,4,test
22653,4,test
22661,4,test
22678,4,test
22690,4,test
22695,4,test
22699,4,test
22700,4,test
22704,4,test
22706,4,test
22707,4,test
22715,4,test
22722,4,test
22725,4,test
22727,4,test
22738,4,test
22740,4,test
22741,4,test
22747,4,test
22752,4,test
22753,4,test
22754,4,test
22761,4,test
22773,4,test
22779,4,test
22781,4,test
22782,4,test
22783,4,test
22788,4,test
22790,4,test
22792,4,test
22799,4,test
22817,4,test
22820,4,test
22822,4,test
22827,4,test
22831,4,test
22841,4,test
22844,4,test
22845,4,test
22850,4,test
22852,4,test
22856,4,test
22858,4,test
22864,4,test
22872,4,test
22890,4,test
22894,4,test
22895,4,test
22903,4,test
22904,4,test
22905,4,test
22906,4,test
22908,4,test
22911,4,test
22912,4,test
22913,4,test
22914,4,test
22922,4,test
22928,4,test
22930,4,test
22933,4,test
22935,4,test
22936,4,test
22939,4,test
22940,4,test
22949,4,test
22954,4,test
22957,4,test
22963,4,test
22964,4,test
22968,4,test
22972,4,test
22973,4,test
22977,4,test
22980,4,test
22983,4,test
24313,4,test
24315,4,test
24318,4,test
24329,4,test
24331,4,test
24341,4,test
24345,4,test
24346,4,test
24348,4,test
24349,4,test
24355,4,test
24363,4,test
24367,4,test
24369,4,test
24370,4,test
24376,4,test
24380,4,test
24381,4,test
24383,4,test
24386,4,test
24393,4,test
24394,4,test
24401,4,test
24412,4,test
24413,4,test
24422,4,test
24430,4,test
24431,4,test
24436,4,test
24439,4,test
24449,4,test
24458,4,test
24463,4,test
24464,4,test
24472,4,test
24479,4,test
24494,4,test
24503,4,test
24510,4,test
24513,4,test
24520,4,test
24523,4,test
24536,4,test
24547,4,test
24549,4,test
24552,4,test
24554,4,test
24562,4,test
24566,4,test
24570,4,test
24581,4,test
24582,4,test
24588,4,test
24589,4,test
24596,4,test
24604,4,test
24613,4,test
24616,4,test
24618,4,test
24619,4,test
24620,4,test
24622,4,test
24625,4,test
24641,4,test
24642,4,test
24644,4,test
24647,4,test
24670,4,test
24672,4,test
24675,4,test
24676,4,test
24677,4,test
24679,4,test
24680,4,test
24690,4,test
24691,4,test
24698,4,test
24709,4,test
24716,4,test
24723,4,test
24724,4,test
24728,4,test
24744,4,test
24745,4,test
26523,4,test
26527,4,test
26533,4,test
26537,4,test
26539,4,test
26548,4,test
26556,4,test
26575,4,test
26576,4,test
26579,4,test
26580,4,test
26583,4,test
26584,4,test
26589,4,test
26591,4,test
26592,4,test
26594,4,test
26598,4,test
26599,4,test
26601,4,test
26603,4,test
26605,4,test
26608,4,test
26610,4,test
26612,4,test
26616,4,test
26617,4,test
26627,4,test
26637,4,test
26639,4,test
26646,4,test
26650,4,test
26652,4,test
26658,4,test
26659,4,test
26664,4,test
26665,4,test
26682,4,test
26683,4,test
26690,4,test
26694,4,test
26699,4,test
26701,4,test
26707,4,test
26708,4,test
26709,4,test
26710,4,test
26711,4,test
26714,4,test
26718,4,test
26724,4,test
26726,4,test
26729,4,test
26733,4,test
26734,4,test
26735,4,test
26741,4,test
26742,4,test
26744,4,test
26746,4,test
26747,4,test
26749,4,test
26758,4,test
26761,4,test
26763,4,test
26765,4,test
26771,4,test
26773,4,test
26778,4,test
26785,4,test
26793,4,test
26805,4,test
26816,4,test
26825,4,test
26827,4,test
26829,4,test
26832,4,test
26843,4,test
26844,4,test
26847,4,test
26859,4,test
26874,4,test
26875,4,test
26887,4,test
26888,4,test
26890,4,test
26892,4,test
26895,4,test
26902,4,test
26905,4,test
26906,4,test
26911,4,test
26914,4,test
26918,4,test
26923,4,test
26930,4,test
26939,4,test
26942,4,test
26944,4,test
26947,4,test
27405,4,test
27406,4,test
27407,4,test
27412,4,test
27415,4,test
27416,4,test
27417,4,test
27420,4,test
27422,4,test
27425,4,test
27438,4,test
27440,4,test
27445,4,test
27449,4,test
27451,4,test
27454,4,test
27458,4,test
27468,4,test
27469,4,test
27472,4,test
27477,4,test
27478,4,test
27485,4,test
27487,4,test
27491,4,test
27499,4,test
27500,4,test
27504,4,test
27505,4,test
27508,4,test
27527,4,test
27531,4,test
27540,4,test
27543,4,test
27545,4,test
27550,4,test
27552,4,test
27554,4,test
27570,4,test
27573,4,test
27576,4,test
27578,4,test
27584,4,test
27588,4,test
27593,4,test
27596,4,test
27601,4,test
27608,4,test
27609,4,test
27611,4,test
27613,4,test
27620,4,test
27622,4,test
27626,4,test
27627,4,test
27633,4,test
27640,4,test
27642,4,test
27646,4,test
27651,4,test
27656,4,test
27669,4,test
27677,4,test
27693,4,test
27694,4,test
27697,4,test
27699,4,test
27703,4,test
27708,4,test
27715,4,test
27725,4,test
27726,4,test
27727,4,test
27728,4,test
27729,4,test
27762,4,test
27765,4,test
27770,4,test
27794,4,test
27797,4,test
27798,4,test
27799,4,test
27801,4,test
27803,4,test
27806,4,test
27807,4,test
27808,4,test
27811,4,test
27813,4,test
27814,4,test
27816,4,test
27818,4,test
27821,4,test
27822,4,test
27824,4,test
27828,4,test
27839,4,test
29172,4,test
29191,4,test
29192,4,test
29203,4,test
29205,4,test
29207,4,test
29213,4,test
29215,4,test
29221,4,test
29227,4,test
29228,4,test
29238,4,test
29261,4,test
29263,4,test
29264,4,test
29273,4,test
29277,4,test
29278,4,test
29298,4,test
29309,4,test
29310,4,test
29317,4,test
29323,4,test
29327,4,test
29329,4,test
29334,4,test
29337,4,test
29346,4,test
29354,4,test
29368,4,test
29371,4,test
29377,4,test
29378,4,test
29381,4,test
29387,4,test
29389,4,test
29406,4,test
29407,4,test
29414,4,test
29415,4,test
29417,4,test
29418,4,test
29422,4,test
29425,4,test
29427,4,test
29431,4,test
29435,4,test
29452,4,test
29456,4,test
29459,4,test
29462,4,test
29468,4,test
29471,4,test
29474,4,test
29475,4,test
29480,4,test
29485,4,test
29489,4,test
29494,4,test
29501,4,test
29504,4,test
29505,4,test
29506,4,test
29511,4,test
29512,4,test
29514,4,test
29516,4,test
29523,4,test
29524,4,test
29531,4,test
29533,4,test
29540,4,test
29552,4,test
29557,4,test
29559,4,test
29569,4,test
29571,4,test
29589,4,test
29597,4,test
29601,4,test
29604,4,test
29607,4,test
29608,4,test
29614,4,test
29617,4,test
29619,4,test
29622,4,test
29623,4,test
29626,4,test
29629,4,test
29631,4,test
29640,4,test
29642,4,test
29646,4,test
29654,4,test
29655,4,test
29662,4,test
29663,4,test
29664,4,test
29670,4,test
29680,4,test
29684,4,test
29685,4,test
29700,4,test
29705,4,test
29708,4,test
29728,4,test
29729,4,test
29735,4,test
29745,4,test
29746,4,test
29747,4,test
29753,4,test
29756,4,test
29759,4,test
29762,4,test
29770,4,test
29782,4,test
29783,4,test
29786,4,test
29788,4,test
29795,4,test
29804,4,test
29811,4,test
29813,4,test
29818,4,test
29820,4,test
29824,4,test
29828,4,test
29836,4,test
29839,4,test
29843,4,test
29847,4,test
29855,4,test
29863,4,test
29864,4,test
29867,4,test
29874,4,test
29875,4,test
29876,4,test
29881,4,test
29884,4,test
29886,4,test
29888,4,test
29889,4,test
29893,4,test
29895,4,test
29901,4,test
29906,4,test
29914,4,test
29917,4,test
29932,4,test
29935,4,test
29941,4,test
29949,4,test
29954,4,test
29965,4,test
29981,4,test
29987,4,test
29997,4,test
30021,4,test
30024,4,test
30032,4,test
30043,4,test
